羅馬字拼音,漢字,說明文字
a1,啊,
a1,阿,
a1,亞,
a1,鴉,
a1,腌,
a2,仔,
a2,猶,
a2,啞,
a7,若,
a7,也,
ah4,啊,
ah4,抑,
ah4,猶,
ah4,矣,
ah4,鴨,
ah4,壓,
ah4,押,
ah8,抑,
ah8,盒,
ah8,曷,
ai1,哀,
ai1,唉,
ai1,挨,
ai1,哎,
ai1,埃,
ai2,藹,
ai3,愛,
ai3,噯,
ai3,隘,
ai3,曖,
ai3,璦,
ai3,靄,
aih4,噯,
aih4,哎,
ainn7,偝,
ak4,沃,
ak4,握,
ak4,齷,
ak4,渥,
ak4,幄,
am1,掩,
am1,庵,
am1,醃,
am1,腌,
am1,諳,
am1,罨,
am1,闇,
am1,𧌄,
am2,泔,
am2,黯,
am2,𧌄,
am3,暗,
am3,𧌄,
am5,涵,
am5,醃,
am5,盦,
am5,𧌄,
am6,頷,
am7,頷,
am7,茂,
an1,安,
an1,番,
an1,鞍,
an2,按,
an2,俺,
an3,按,
an3,案,
an3,晏,
an5,絚,
an7,限,
ang1,翁,
ang1,尪,
ang3,甕,
ang3,齆,
ang5,紅,
ang5,洪,
ang7,偝,
ann3,向,
ann5,攔,
ann7,餡,
ap4,壓,
ap4,押,
ap4,握,
ap4,噎,
ap8,盒,
ap8,狎,
at4,握,
at4,遏,
at4,楬,
au1,區,
au1,歐,
au1,甌,
au1,漚,
au2,拗,
au2,漚,
au2,嘔,
au3,懊,
au3,漚,
au5,喉,
au6,後,
au7,後,
au7,后,
auh4,噢,
auh8,噢,
ba5,貓,
ba5,麻,
ba5,痲,
ba5,猫,
ba5,峇,
ba5,媌,
ba5,錨,
ba6,覓,
ba7,覓,
ba7,鴟,
ba7,峇,
ba7,擸,
bah4,肉,
bah8,鴟,
bai1,屄,
bai2,䆀,
bai5,埋,
bai5,眉,
bai5,楣,
bai5,霾,
bai7,𥌚,
bak4,腹,
bak4,沐,
bak8,目,
bak8,木,
bak8,茉,
bak8,墨,
ban1,屘,
ban2,挽,
ban2,饅,
ban5,蠻,
ban5,閩,
ban5,饅,
ban6,萬,
ban6,慢,
ban6,顢,
ban6,瓣,
ban7,萬,
ban7,慢,
ban7,漫,
ban7,顢,
ban7,曼,
ban7,瓣,
ban7,万,
ban7,謾,
ban7,蔓,
ban7,嫚,
ban7,縵,
bang1,芒,
bang2,蚊,
bang2,蠓,
bang2,艋,
bang2,蟒,
bang2,魍,
bang3,甭,
bang5,茫,
bang5,忙,
bang5,芒,
bang5,氓,
bang7,望,
bang7,夢,
bang7,墓,
bang7,網,
bat4,腹,
bat4,捌,
bat8,密,
bau2,卯,
bau2,茆,
bau7,貿,
bau7,㴘,
bauh8,貿,
be2,尾,
be2,馬,
be2,買,
be2,美,
be2,瑪,
be2,碼,
be5,迷,
be5,糜,
be7,袂,
be7,未,
be7,賣,
be7,妹,
beh4,欲,
beh8,麥,
beh8,脈,
beh8,襪,
ber2,尾,
ber5,糜,
ber6,未,
ber6,妹,
ber7,未,
ber7,妹,
berh4,欲,
berh8,襪,
bi1,咪,
bi2,美,
bi2,米,
bi2,瘰,
bi2,娓,
bi2,弭,
bi5,微,
bi5,眉,
bi5,維,
bi5,咪,
bi5,彌,
bi5,謎,
bi5,湄,
bi5,薇,
bi5,眯,
bi5,嵋,
bi6,味,
bi6,沬,
bi7,未,
bi7,味,
bi7,謎,
bi7,沬,
bi7,媚,
bi7,魅,
bi7,寐,
bi9,咪,
bian2,免,
bian2,勉,
bian2,抿,
bian2,冕,
bian2,鮸,
bian2,緬,
bian2,娩,
bian2,愍,
bian5,眠,
bian5,綿,
bian5,棉,
bian7,面,
bian7,麵,
biat8,滅,
biat8,篾,
biat8,蔑,
biau2,渺,
biau2,秒,
biau2,藐,
biau2,邈,
biau2,淼,
biau5,描,
biau5,苗,
biau5,錨,
biau7,廟,
biau7,妙,
bih4,覕,
bih8,篾,
bik8,覓,
bik8,麥,
bik8,脈,
bik8,墨,
bik8,默,
bik8,陌,
bik8,驀,
bin2,敏,
bin2,憫,
bin2,抿,
bin2,閔,
bin2,泯,
bin5,明,
bin5,民,
bin5,眠,
bin5,旻,
bin5,岷,
bin6,面,
bin7,面,
bin7,麵,
bin7,蝒,
bing2,猛,
bing2,皿,
bing5,明,
bing5,名,
bing5,冥,
bing5,盟,
bing5,鳴,
bing5,銘,
bing5,螟,
bing5,萌,
bing5,茗,
bing5,洺,
bing7,命,
bing7,孟,
bio2,母,
bio2,秒,
bio5,謀,
bio5,描,
bio7,廟,
bior2,母,
bior5,謀,
bior7,廟,
bit8,密,
bit8,蜜,
bit8,宓,
bit8,沕,
bit8,謐,
biu7,謬,
biu7,繆,
bo2,母,
bo2,拇,
bo5,無,
bo6,帽,
bo7,磨,
bo7,帽,
boh4,欲,
boh8,莫,
bok4,揍,
bok8,目,
bok8,牧,
bok8,莫,
bok8,木,
bok8,寞,
bok8,沐,
bok8,漠,
bok8,穆,
bok8,睦,
bong1,摸,
bong2,罔,
bong2,網,
bong2,莽,
bong2,懵,
bong2,蟒,
bong2,檬,
bong2,惘,
bong2,懞,
bong3,懵,
bong3,甍,
bong5,茫,
bong5,亡,
bong5,忘,
bong5,忙,
bong5,蒙,
bong5,盲,
bong5,芒,
bong5,濛,
bong5,雺,
bong5,螂,
bong5,矇,
bong5,朦,
bong5,肓,
bong7,望,
bong7,夢,
bong7,墓,
bong7,忘,
bong7,妄,
boo1,摸,
boo2,某,
boo2,母,
boo2,牡,
boo2,畝,
boo5,模,
boo5,謀,
boo5,漠,
boo5,牟,
boo5,謨,
boo5,摹,
boo5,眸,
boo7,墓,
boo7,幕,
boo7,慕,
boo7,茂,
boo7,貿,
boo7,暮,
boo7,募,
boo7,摹,
boo7,戊,
boo7,懋,
bor2,母,
bor5,無,
bor7,磨,
bor7,帽,
bu2,母,
bu2,武,
bu2,舞,
bu2,撫,
bu2,侮,
bu2,拇,
bu2,鵡,
bu5,無,
bu5,巫,
bu5,誣,
bu5,蕪,
bu6,霧,
bu6,遇,
bu6,,
bu7,霧,
bu7,務,
bu7,遇,
bua5,磨,
bua5,麻,
buah4,抹,
buah4,茉,
buah8,茉,
buah8,末,
buan2,滿,
buan2,晚,
buan2,輓,
buan5,瞞,
buat8,末,
buat8,襪,
bue2,尾,
bue2,買,
bue2,美,
bue5,梅,
bue5,枚,
bue5,囮,
bue6,袂,
bue6,賣,
bue7,袂,
bue7,未,
bue7,賣,
bueh4,欲,
bueh8,襪,
buh4,霧,
bui1,微,
bui1,蟦,
bui1,蝛,
bun2,吻,
bun2,刎,
bun3,鼢,
bun3,濆,
bun5,文,
bun5,門,
bun5,蚊,
bun5,聞,
bun5,紋,
bun5,雯,
bun5,捫,
bun6,蝒,
bun7,問,
bun7,悶,
bun7,汶,
bun7,蝒,
bun7,燜,
bun7,紊,
but4,粅,
but4,𢪱,
but4,魩,
but8,物,
but8,沒,
but8,勿,
but8,𢪱,
but8,歿,
e1,下,
e1,挨,
e1,鍋,
e1,萵,
e1,倭,
e2,矮,
e2,啞,
e3,穢,
e3,裔,
e3,翳,
e3,縊,
e5,的,
e5,个,
e5,兮,
e5,鞋,
e6,會,
e6,下,
e7,會,
e7,下,
e7,廈,
e7,禍,
eh4,得,
eh4,喂,
eh4,厄,
eh4,呃,
eh4,欸,
eh8,狹,
eh8,提,
enn1,下,
enn1,嬰,
enn1,纓,
enn2,啞,
enn5,楹,
enn7,下,
er1,鍋,
er1,萵,
er3,穢,
er5,吪,
ere1,挨,
ere2,矮,
ere5,鞋,
ere7,會,
erh4,呃,
erh8,呃,
ga5,牙,
ga5,衙,
ga5,芽,
gai5,涯,
gai5,崖,
gai5,獃,
gai5,皚,
gai7,礙,
gak8,樂,
gak8,獄,
gak8,岳,
gak8,嶽,
gam2,坎,
gam5,岩,
gam5,癌,
gam7,儑,
gam7,𩸶,
gan2,眼,
gan2,研,
gan3,𫝏,
gan5,言,
gan5,寒,
gan5,顏,
gan7,岸,
gan7,諺,
gan7,雁,
gan7,彥,
gang7,愣,
gau5,𠢕,
ge3,嚙,
ge5,牙,
ge5,衙,
ge5,芽,
ge5,倪,
ge5,霓,
ge5,㤉,
ge7,藝,
ge7,毅,
ge7,睨,
ge7,羿,
ge7,詣,
geh8,月,
gereh4,夾,
gereh4,莢,
gerh8,月,
gi2,語,
gi2,乳,
gi2,蟻,
gi2,擬,
gi5,疑,
gi5,宜,
gi5,儀,
gi5,誼,
gi5,枇,
gi7,二,
gi7,字,
gi7,義,
gi7,議,
gi7,誼,
gi7,毅,
gia1,遮,
gia5,迎,
gia5,夯,
gia5,鵝,
gia5,蜈,
giah4,撠,
giah8,額,
giah8,攑,
giam2,儼,
giam2,笒,
giam5,嚴,
giam5,岩,
giam5,閻,
giam5,巖,
giam7,驗,
gian2,研,
gian2,妍,
gian3,癮,
gian5,言,
gian7,彥,
gian7,唁,
gian7,殗,
giang1,婸,
giang1,鈃,
giang2,嚷,
giang3,齴,
giang6,攘,
giang7,攘,
giap4,鋏,
giap8,業,
giap8,挾,
giat4,蠍,
giat8,孽,
giau2,爪,
giau3,抓,
giau5,堯,
giau5,憢,
gik8,額,
gik8,玉,
gik8,獄,
gik8,逆,
gik8,虐,
gim2,錦,
gim2,笒,
gim3,錦,
gim5,吟,
gim5,扲,
gim5,砛,
gim7,扲,
gin2,囡,
gin5,人,
gin5,銀,
gin5,仁,
gin5,睨,
gin5,鄞,
gin7,猌,
ging2,眼,
ging2,研,
ging5,龍,
ging5,迎,
ging5,凝,
ging7,硬,
gio2,扭,
gio5,蟯,
gio5,蕘,
gio6,蕎,
gio7,尿,
gio7,蕎,
gioh8,虐,
gioh8,謔,
giok4,逐,
giok4,謔,
giok8,玉,
giok8,虐,
giong2,仰,
giong2,嚷,
gior5,蟯,
gior5,蕘,
gior7,蕎,
gir2,語,
gir5,魚,
girn5,銀,
girn5,睨,
git8,日,
git8,屹,
giu2,搝,
giu5,牛,
go5,鵝,
go5,俄,
go5,敖,
go5,熬,
go5,遨,
go5,訛,
go5,翱,
go5,鰲,
go6,餓,
go7,餓,
gok8,嘓,
gok8,顎,
gok8,鶚,
gok8,鱷,
gok8,愕,
gok8,鄂,
gok8,萼,
gok8,噩,
gong5,楞,
gong5,昂,
gong7,戇,
goo5,吳,
goo5,蜈,
goo5,梧,
goo5,娛,
goo6,五,
goo7,五,
goo7,誤,
goo7,午,
goo7,悟,
goo7,寤,
gor5,鵝,
gor7,餓,
gu2,語,
gu5,牛,
gu5,魚,
gu5,漁,
gu5,愚,
gu5,娛,
gu5,虞,
gu5,隅,
gu7,遇,
gu7,御,
gu7,寓,
gu7,喁,
gu7,禦,
gu7,馭,
gua2,我,
gua6,外,
gua7,外,
gua7,偌,
guan2,阮,
guan2,玩,
guan5,原,
guan5,元,
guan5,員,
guan5,源,
guan5,頑,
guan5,沅,
guan5,嫄,
guan7,願,
guan7,愿,
guat8,月,
guat8,玥,
gue7,外,
gue7,刈,
gueh4,夾,
gueh4,莢,
gueh8,月,
gui5,危,
gui5,巍,
gui7,魏,
gui7,偽,
gun2,阮,
gun5,銀,
gun5,睨,
gun5,垠,
gun5,鄞,
gun5,齦,
gut8,兀,
ha1,哈,
ha1,呵,
ha2,哈,
ha3,孝,
ha5,蝦,
ha5,荷,
ha5,霞,
ha5,縖,
ha5,迒,
ha5,瑕,
ha7,下,
ha7,夏,
ha7,廈,
ha7,暇,
hah4,哈,
hah4,熁,
hah8,合,
hah8,哈,
hah8,協,
hah8,箬,
hai1,咍,
hai1,奒,
hai2,海,
hai2,嗨,
hai5,鞋,
hai5,孩,
hai5,頦,
hai5,械,
hai5,諧,
hai5,骸,
hai7,害,
hai7,壞,
hai7,蟹,
hai7,亥,
hai7,駭,
hai7,邂,
hai7,械,
hai7,懈,
haih4,唉,
haih8,嗨,
hainn1,哼,
hainn3,幌,
hainn5,還,
hainnh4,㨪,
hak4,蓄,
hak8,學,
hak8,礐,
ham1,蚶,
ham1,䈄,
ham1,𧌄,
ham1,𦜆,
ham1,酣,
ham2,撼,
ham2,𧌄,
ham3,譀,
ham3,泛,
ham5,和,
ham5,含,
ham5,咸,
ham5,涵,
ham5,函,
ham5,銜,
ham5,啣,
ham7,和,
ham7,陷,
ham7,憾,
ham7,菡,
han1,番,
han1,蕃,
han1,頇,
han2,罕,
han3,漢,
han5,寒,
han5,還,
han5,閒,
han5,閑,
han5,韓,
han5,嫺,
han5,樊,
han5,頇,
han5,嫻,
han5,𫟂,
han7,汗,
han7,限,
han7,凡,
han7,翰,
han7,旱,
han7,捍,
han7,瀚,
han7,悍,
hang1,烘,
hang1,魴,
hang1,魟,
hang3,肨,
hang3,胮,
hang5,行,
hang5,降,
hang5,航,
hang5,杭,
hang7,項,
hang7,巷,
hann2,嚇,
hann3,諾,
hann7,迒,
hannh4,唅,
hannh4,熁,
hap4,欱,
hap8,合,
hap8,闔,
hap8,洽,
hap8,匣,
hat4,喝,
hat4,轄,
hat8,核,
hat8,轄,
hat8,乏,
hat8,黠,
hau1,嘐,
hau1,呺,
hau2,吼,
hau3,孝,
hau3,哮,
hau5,侯,
hau6,後,
hau6,校,
hau6,鱟,
hau7,後,
hau7,校,
hau7,候,
hau7,瓦,
hau7,效,
hau7,鱟,
haunnh8,澩,
he1,彼,
he1,灰,
he1,痚,
he2,火,
he2,伙,
he2,夥,
he3,歲,
he3,貨,
he5,回,
he5,兮,
he5,和,
he5,蝦,
he5,霞,
he5,攜,
he5,奚,
he5,畦,
he7,會,
he7,下,
he7,係,
he7,系,
he7,夏,
he7,蟹,
he7,繫,
heh4,嘿,
heh4,歇,
heh4,嚇,
henn3,嘿,
henn7,嘿,
hennh4,嘿,
hennh4,歇,
hennh4,嚇,
her1,灰,
her2,火,
her2,伙,
her2,夥,
her3,歲,
her3,貨,
her5,回,
her5,和,
hi1,希,
hi1,虛,
hi1,稀,
hi1,犧,
hi1,嘻,
hi1,熙,
hi1,墟,
hi1,禧,
hi1,嬉,
hi1,羲,
hi1,晞,
hi1,欷,
hi1,僖,
hi1,熹,
hi1,曦,
hi2,喜,
hi2,戲,
hi2,許,
hi3,戲,
hi3,肺,
hi3,唏,
hi5,魚,
hi5,漁,
hi6,耳,
hi6,唏,
hi7,耳,
hia1,遐,
hia1,靴,
hia1,囂,
hia1,桸,
hia5,遐,
hia6,瓦,
hia6,蟻,
hia7,瓦,
hia7,蟻,
hiah4,遐,
hiah8,額,
hiam1,杴,
hiam1,薟,
hiam2,險,
hiam3,喊,
hiam5,嫌,
hian1,掀,
hian1,軒,
hian2,顯,
hian2,搟,
hian3,現,
hian3,獻,
hian3,憲,
hian3,羶,
hian3,絢,
hian5,賢,
hian5,懸,
hian5,玄,
hian5,絃,
hian5,弦,
hian5,舷,
hian7,現,
hian7,炫,
hian7,鉉,
hiang1,香,
hiang1,薟,
hiang2,曉,
hiang2,響,
hiang2,享,
hiang2,饗,
hiang3,向,
hiann1,兄,
hiann2,顯,
hiann3,向,
hiann5,惶,
hiann5,燃,
hiann7,艾,
hiannh4,嚇,
hiannh4,挔,
hiap4,吸,
hiap8,協,
hiap8,狹,
hiap8,拹,
hiap8,脅,
hiap8,勰,
hiat4,歇,
hiat4,血,
hiat4,㧒,
hiat8,穴,
hiat8,絜,
hiau1,僥,
hiau1,梟,
hiau1,囂,
hiau1,嘵,
hiau1,藃,
hiau1,驍,
hiau2,曉,
hiau5,嬈,
hiauh4,藃,
hik4,赫,
hik4,黑,
hik4,嚇,
hik4,穫,
hik4,鬩,
hik8,肉,
hik8,或,
hik8,核,
hik8,惑,
hik8,域,
hik8,獲,
hik8,穫,
hik8,劾,
him1,欣,
him1,歆,
him1,鑫,
him1,忻,
him1,昕,
him5,熊,
hin1,興,
hin5,眩,
hin7,恨,
hing1,兄,
hing1,興,
hing1,胸,
hing1,凶,
hing1,亨,
hing1,馨,
hing3,興,
hing5,行,
hing5,雄,
hing5,形,
hing5,還,
hing5,刑,
hing5,橫,
hing5,型,
hing5,恆,
hing5,恒,
hing5,螢,
hing5,衡,
hing5,邢,
hing5,蘅,
hing6,莧,
hing6,貺,
hing7,行,
hing7,幸,
hing7,倖,
hing7,杏,
hing7,莧,
hing7,貺,
hing7,悻,
hing7,荇,
hinn3,挕,
hinn7,耳,
hinn7,硯,
hio5,遐,
hio5,侯,
hio6,後,
hio7,後,
hio7,候,
hio7,厚,
hio7,后,
hio7,鴞,
hioh4,歇,
hioh4,諾,
hioh8,葉,
hioh8,鴞,
hiok4,畜,
hiok4,旭,
hiok4,頊,
hiok4,郁,
hiok4,勗,
hiong1,鄉,
hiong1,香,
hiong1,胸,
hiong1,兇,
hiong1,凶,
hiong1,洶,
hiong1,匈,
hiong1,馨,
hiong1,薌,
hiong2,響,
hiong2,享,
hiong2,饗,
hiong3,向,
hiong3,嚮,
hiong3,餉,
hiong5,雄,
hiong5,融,
hionn1,鄉,
hionn1,香,
hiooh4,諾,
hior7,後,
hior7,后,
hiorh4,歇,
hiorh8,葉,
hiorh8,鴞,
hip4,翕,
hir2,許,
hir5,魚,
hirn7,恨,
hit4,彼,
hit4,迄,
hiu1,休,
hiu1,咻,
hiu2,朽,
hiu3,幌,
hiu3,嗅,
hiu3,𫝺,
hiu5,裘,
hiunn1,鄉,
hiunn1,香,
hm5,媒,
hm5,茅,
hmh4,哼,
hmh4,摁,
hmh8,噷,
hng1,方,
hng1,昏,
hng1,荒,
hng1,坊,
hng5,園,
hng6,遠,
hng7,遠,
hngh4,哼,
ho1,蒿,
ho1,熇,
ho2,好,
ho3,貨,
ho5,何,
ho5,和,
ho5,河,
ho5,荷,
ho5,豪,
ho5,毫,
ho5,禾,
ho5,壕,
ho5,貉,
ho5,濠,
ho6,號,
ho7,號,
ho7,和,
ho7,賀,
ho7,禍,
ho7,浩,
ho7,鎬,
ho7,昊,
ho7,皓,
ho7,顥,
hoh8,鶴,
hok4,福,
hok4,腹,
hok4,服,
hok4,幅,
hok4,覆,
hok4,郝,
hok4,蝠,
hok4,霍,
hok4,輻,
hok4,壑,
hok8,服,
hok8,復,
hok8,袱,
hok8,鶴,
hok8,複,
hok8,伏,
hok8,茯,
hok8,霍,
hok8,斛,
hok8,馥,
hong1,風,
hong1,方,
hong1,芳,
hong1,封,
hong1,豐,
hong1,蜂,
hong1,荒,
hong1,楓,
hong1,峰,
hong1,鋒,
hong1,瘋,
hong1,坊,
hong1,轟,
hong1,慌,
hong1,酆,
hong1,烽,
hong1,丰,
hong1,揈,
hong1,謊,
hong1,肓,
hong1,烘,
hong2,況,
hong2,訪,
hong2,紡,
hong2,仿,
hong2,恍,
hong2,諷,
hong2,彷,
hong2,倣,
hong2,謊,
hong2,汞,
hong2,舫,
hong3,放,
hong5,紅,
hong5,房,
hong5,皇,
hong5,黃,
hong5,逢,
hong5,洪,
hong5,防,
hong5,縫,
hong5,虹,
hong5,隍,
hong5,宏,
hong5,鴻,
hong5,凰,
hong5,煌,
hong5,妨,
hong5,蓬,
hong5,弘,
hong5,磺,
hong5,癀,
hong5,篷,
hong5,簧,
hong5,潢,
hong5,璜,
hong5,泓,
hong5,肓,
hong7,奉,
hong7,鳳,
hong7,縫,
hong7,烘,
hong7,俸,
hong7,鬨,
honn1,訶,
honn1,齁,
honn1,呼,
honn2,火,
honn2,否,
honn3,好,
honn3,貨,
honnh4,乎,
hoo1,呼,
hoo2,虎,
hoo2,否,
hoo2,唬,
hoo2,滸,
hoo2,琥,
hoo3,戽,
hoo5,乎,
hoo5,湖,
hoo5,糊,
hoo5,胡,
hoo5,荷,
hoo5,狐,
hoo5,葫,
hoo5,蝴,
hoo5,鰗,
hoo5,侯,
hoo5,撈,
hoo5,壺,
hoo5,鬍,
hoo5,毫,
hoo5,弧,
hoo5,醐,
hoo6,予,
hoo6,雨,
hoo6,戶,
hoo7,予,
hoo7,後,
hoo7,雨,
hoo7,戶,
hoo7,互,
hoo7,護,
hoo7,厚,
hoo7,后,
hoo7,滬,
hoo7,扈,
hoo7,怙,
hoo7,皓,
hoo7,祜,
hooh4,謼,
hop4,欱,
hor2,好,
hor5,河,
hor5,壕,
hor7,號,
hu1,夫,
hu1,虎,
hu1,虛,
hu1,膚,
hu1,撫,
hu1,孵,
hu1,敷,
hu1,烌,
hu1,趺,
hu1,吁,
hu1,孚,
hu1,俘,
hu1,麩,
hu2,府,
hu2,甫,
hu2,許,
hu2,腐,
hu2,撫,
hu2,斧,
hu2,輔,
hu2,腑,
hu2,拊,
hu2,俯,
hu2,栩,
hu2,詡,
hu3,富,
hu3,付,
hu3,附,
hu3,咐,
hu3,赴,
hu3,副,
hu3,賦,
hu3,煦,
hu3,訃,
hu5,魚,
hu5,浮,
hu5,扶,
hu5,符,
hu5,漁,
hu5,芙,
hu5,苻,
hu5,蜉,
hu6,婦,
hu6,腐,
hu7,父,
hu7,婦,
hu7,負,
hu7,附,
hu7,腐,
hu7,傅,
hu7,阜,
hu7,釜,
hua1,花,
hua1,化,
hua1,華,
hua1,嘩,
hua3,化,
hua3,華,
hua5,華,
hua5,樺,
hua5,鏵,
hua5,驊,
hua6,瓦,
hua7,話,
hua7,畫,
hua7,瓦,
hua7,嘩,
hua7,樺,
hua7,譁,
huah4,喝,
huah4,砉,
huah8,伐,
huai5,懷,
huai5,頦,
huai5,淮,
huai5,槐,
huai7,壞,
huainn5,橫,
huainn5,莖,
huan1,歡,
huan1,番,
huan1,蕃,
huan1,翻,
huan1,吩,
huan1,幡,
huan1,藩,
huan1,暄,
huan1,萱,
huan2,返,
huan2,反,
huan2,烜,
huan3,販,
huan3,幻,
huan3,喚,
huan3,泛,
huan3,奐,
huan3,煥,
huan3,氾,
huan3,汎,
huan3,渙,
huan5,煩,
huan5,還,
huan5,環,
huan5,凡,
huan5,帆,
huan5,繁,
huan5,樊,
huan5,桓,
huan5,圜,
huan5,礬,
huan5,寰,
huan5,璠,
huan5,鍰,
huan5,鬟,
huan6,犯,
huan6,範,
huan7,飯,
huan7,換,
huan7,還,
huan7,犯,
huan7,凡,
huan7,範,
huan7,患,
huan7,范,
huan7,泛,
huan7,莞,
huan7,宦,
huan7,梵,
huan7,皖,
huang1,風,
huang1,瘋,
huann1,歡,
huann2,恍,
huann2,晃,
huann5,鼾,
huann6,旱,
huann7,岸,
huann7,旱,
huann7,扞,
huann7,銲,
huat4,法,
huat4,發,
huat4,髮,
huat4,豁,
huat8,活,
huat8,發,
huat8,伐,
huat8,罰,
huat8,乏,
huat8,閥,
hue1,花,
hue1,飛,
hue1,灰,
hue1,恢,
hue2,火,
hue2,伙,
hue2,悔,
hue2,夥,
hue2,賄,
hue3,歲,
hue3,貨,
hue3,廢,
hue3,晦,
hue3,誨,
hue5,回,
hue5,和,
hue5,荷,
hue5,徊,
hue5,迴,
hue5,洄,
hue5,𫝻,
hue6,蟹,
hue7,會,
hue7,慧,
hue7,蟹,
hue7,繪,
hue7,匯,
hue7,薈,
hueh4,血,
huenn5,橫,
huenn5,橫,
hui1,飛,
hui1,非,
hui1,輝,
hui1,揮,
hui1,妃,
hui1,徽,
hui1,菲,
hui1,暉,
hui1,霏,
hui1,斐,
hui1,扉,
hui1,琿,
hui1,煇,
hui1,麾,
hui2,悔,
hui2,匪,
hui2,毀,
hui2,翡,
hui2,菲,
hui2,誹,
hui2,斐,
hui2,悱,
hui3,費,
hui3,廢,
hui3,沸,
hui3,諱,
hui3,潰,
hui3,卉,
hui5,肥,
hui5,危,
hui5,瓷,
hui7,惠,
hui7,吠,
hui7,慧,
hui7,蕙,
hui7,潰,
hui7,彗,
hui7,潓,
huih4,血,
huinn1,昏,
huinn1,荒,
huinn5,園,
huinn5,橫,
huinn5,莖,
huinn7,遠,
hun1,身,
hun1,分,
hun1,應,
hun1,婚,
hun1,昏,
hun1,薰,
hun1,吩,
hun1,紛,
hun1,芬,
hun1,氛,
hun1,燻,
hun1,坌,
hun1,勳,
hun1,痻,
hun1,勛,
hun1,熏,
hun1,棻,
hun1,雰,
hun1,葷,
hun1,壎,
hun2,粉,
hun2,忿,
hun3,糞,
hun3,訓,
hun3,奮,
hun3,憤,
hun3,楦,
hun3,忿,
hun5,雲,
hun5,魂,
hun5,痕,
hun5,焚,
hun5,墳,
hun5,渾,
hun5,汾,
hun5,芸,
hun5,棼,
hun5,餛,
hun5,蕓,
hun7,分,
hun7,份,
hun7,恨,
hun7,昏,
hun7,暈,
hun7,混,
hun7,狠,
hut4,忽,
hut4,拂,
hut4,沸,
hut4,惚,
hut4,彿,
hut4,囫,
hut8,佛,
hut8,核,
i1,伊,
i1,醫,
i1,衣,
i1,依,
i1,咿,
i1,遺,
i1,噫,
i1,漪,
i2,以,
i2,已,
i2,雨,
i2,矣,
i2,倚,
i2,椅,
i2,迤,
i2,苡,
i2,與,
i3,意,
i3,裔,
i3,懿,
i3,翳,
i3,薏,
i5,姨,
i5,於,
i5,移,
i5,維,
i5,餘,
i5,惟,
i5,怡,
i5,余,
i5,夷,
i5,頤,
i5,飴,
i5,胰,
i5,貽,
i5,詒,
i5,彝,
i6,奕,
i7,伊,
i7,異,
i7,易,
i7,預,
i7,奕,
i7,肄,
ia1,埃,
ia2,也,
ia2,猶,
ia2,野,
ia2,冶,
ia3,厭,
ia5,爺,
ia5,耶,
ia5,椰,
ia6,夜,
ia7,也,
ia7,夜,
ia7,掖,
iah4,抑,
iah4,猶,
iah4,益,
iah4,搤,
iah8,抑,
iah8,蝶,
iah8,易,
iah8,曷,
iah8,驛,
iah8,頁,
iah8,疫,
iah8,蛾,
iah8,役,
iam1,陰,
iam1,閹,
iam1,醃,
iam1,𧌄,
iam2,掩,
iam2,奄,
iam2,琰,
iam2,魘,
iam3,厭,
iam5,鹽,
iam5,醃,
iam5,𧌄,
iam7,炎,
iam7,焰,
iam7,燄,
iam7,艷,
iam7,焱,
iam7,豔,
iam7,灩,
ian1,煙,
ian1,胭,
ian1,燕,
ian1,軒,
ian1,焉,
ian1,嫣,
ian1,淵,
ian1,咽,
ian1,芫,
ian1,鳶,
ian1,鵪,
ian2,演,
ian2,偃,
ian2,衍,
ian3,燕,
ian3,厭,
ian3,宴,
ian5,緣,
ian5,沿,
ian5,延,
ian5,勻,
ian5,鉛,
ian5,筵,
ian5,捐,
ian5,芫,
ian5,蝝,
iang1,央,
iang1,秧,
iang2,養,
iang5,陽,
iang6,偝,
iang7,煬,
iang7,偝,
iann1,纓,
iann2,影,
iann5,營,
iann5,贏,
iann7,颺,
iann7,焱,
iap4,揜,
iap8,葉,
iap8,曄,
iap8,燁,
iat4,逸,
iat4,謁,
iat8,閱,
iat8,悅,
iat8,曳,
iat8,擛,
iau1,要,
iau1,枵,
iau1,腰,
iau1,妖,
iau1,邀,
iau1,擽,
iau2,猶,
iau2,夭,
iau2,窈,
iau2,杳,
iau3,要,
iau5,搖,
iau5,遙,
iau5,謠,
iau5,瑤,
iau5,姚,
iau7,耀,
iau7,曜,
iau7,燿,
iaunn1,喓,
ik4,益,
ik4,臆,
ik4,憶,
ik4,溢,
ik4,厄,
ik4,億,
ik4,扼,
ik4,躍,
ik4,彧,
ik4,軛,
ik8,亦,
ik8,譯,
ik8,易,
ik8,浴,
ik8,劃,
ik8,逸,
ik8,翼,
ik8,驛,
ik8,疫,
ik8,役,
ik8,域,
ik8,液,
ik8,奕,
ik8,扼,
ik8,翌,
ik8,繹,
ik8,腋,
ik8,弈,
ik8,翊,
im1,音,
im1,陰,
im1,姻,
im1,蔭,
im1,淹,
im1,瘖,
im2,飲,
im3,蔭,
im3,廕,
im5,淫,
in1,因,
in1,恩,
in1,姻,
in1,絪,
in1,殷,
in1,茵,
in1,痻,
in1,𪜶,
in2,引,
in2,允,
in2,癮,
in3,應,
in3,印,
in5,寅,
in5,夤,
in7,孕,
in7,胤,
in7,𪜶,
in7,運,
ing1,應,
ing1,英,
ing1,央,
ing1,嬰,
ing1,瑛,
ing1,鶯,
ing1,櫻,
ing1,鷹,
ing1,鸚,
ing1,轟,
ing1,坱,
ing1,纓,
ing1,癰,
ing1,膺,
ing1,霙,
ing1,瓔,
ing2,影,
ing2,永,
ing2,往,
ing2,湧,
ing2,泳,
ing2,穎,
ing2,潁,
ing2,郢,
ing3,應,
ing3,映,
ing3,蕹,
ing3,壅,
ing5,閒,
ing5,營,
ing5,贏,
ing5,榮,
ing5,閑,
ing5,盈,
ing5,楹,
ing5,嬴,
ing5,瀛,
ing5,縈,
ing5,螢,
ing5,瑩,
ing5,塋,
ing5,熒,
ing5,嶸,
ing5,瀅,
ing6,用,
ing7,用,
ing7,詠,
inn1,嬰,
inn1,嚶,
inn1,纓,
inn2,穎,
inn3,院,
inn3,嬰,
inn3,燕,
inn3,嚶,
inn3,喑,
inn5,員,
inn5,圓,
inn5,楹,
inn6,院,
inn7,院,
inn7,異,
io1,育,
io1,腰,
io1,歐,
io1,么,
io1,邀,
io2,舀,
io2,扷,
io5,搖,
io5,窯,
io5,姚,
io7,喲,
ioh4,唷,
ioh4,臆,
ioh8,藥,
ioh8,鑰,
iok4,約,
iok8,欲,
iok8,約,
iok8,藥,
iok8,育,
iok8,浴,
iok8,慾,
iok8,籲,
iok8,毓,
iok8,躍,
iok8,煜,
iok8,昱,
iok8,鑰,
iok8,淯,
iong1,央,
iong1,鴦,
iong1,秧,
iong1,殃,
iong1,雍,
iong1,泱,
iong2,勇,
iong2,養,
iong2,仰,
iong2,湧,
iong2,癢,
iong2,涌,
iong2,蛹,
iong2,鞅,
iong2,俑,
iong2,氧,
iong2,擁,
iong2,踴,
iong2,甬,
iong3,映,
iong5,羊,
iong5,容,
iong5,楊,
iong5,洋,
iong5,陽,
iong5,揚,
iong5,榕,
iong5,溶,
iong5,瘍,
iong5,融,
iong5,蓉,
iong5,庸,
iong5,熔,
iong5,煬,
iong5,暘,
iong5,墉,
iong7,用,
iong7,樣,
iong7,恙,
iong7,傭,
iong7,漾,
ionn1,鴦,
ionn2,養,
ionn2,舀,
ionn5,羊,
ionn5,楊,
ionn5,洋,
ionn5,陽,
ionn5,溶,
ionn7,樣,
ior1,育,
ior1,腰,
ior5,搖,
iorh4,臆,
iorh8,藥,
ip4,臆,
ip4,挹,
ip4,揖,
ip4,邑,
ir3,飫,
ir6,預,
ir7,預,
irh4,呃,
irn1,恩,
it4,一,
it4,乙,
it4,壹,
it8,逸,
it8,佚,
it8,佾,
it8,軼,
it8,鎰,
iu1,猶,
iu1,憂,
iu1,優,
iu1,幽,
iu1,悠,
iu2,有,
iu2,友,
iu2,誘,
iu2,酉,
iu2,莠,
iu2,牖,
iu2,黝,
iu3,幼,
iu5,猶,
iu5,由,
iu5,油,
iu5,遊,
iu5,尤,
iu5,游,
iu5,郵,
iu5,攸,
iu5,猷,
iu5,蝣,
iu6,柚,
iu7,又,
iu7,右,
iu7,柚,
iu7,佑,
iu7,祐,
iu7,囿,
iu7,宥,
iu7,侑,
iu7,鼬,
iunn1,鴦,
iunn2,養,
iunn2,舀,
iunn5,羊,
iunn5,楊,
iunn5,洋,
iunn5,陽,
iunn5,溶,
iunn5,熔,
iunn5,鎔,
iunn6,樣,
iunn7,樣,
je5,挼,
jer5,挼,
ji2,汝,
ji2,子,
ji2,耳,
ji2,乳,
ji2,邇,
ji3,吉,
ji5,如,
ji5,兒,
ji5,而,
ji5,俞,
ji5,猊,
ji7,二,
ji7,字,
ji7,膩,
ji7,貳,
ji7,餌,
jia1,遮,
jia2,惹,
jiah4,跡,
jiam2,染,
jiam2,冉,
jiam5,苒,
jiam5,髯,
jian5,然,
jian5,燃,
jiang2,嚷,
jiang7,攘,
jiap8,廿,
jiat8,熱,
jiau2,擾,
jiau2,爪,
jiau3,抓,
jiau5,蟯,
jiau5,饒,
jiau5,皺,
jiau5,鱙,
jih8,揤,
jik4,逐,
jim2,忍,
jim2,稔,
jim5,任,
jim5,撏,
jim5,壬,
jim7,任,
jim7,壬,
jim7,妊,
jim7,刃,
jin5,人,
jin5,仁,
jin7,認,
jin7,仞,
jin7,軔,
jing5,仍,
jinn2,耳,
jinn2,乳,
jio7,尿,
jio7,蕎,
jiok4,逐,
jiok8,若,
jiok8,肉,
jiok8,弱,
jiok8,辱,
jiok8,褥,
jiok8,搙,
jiong2,嚷,
jiong2,壤,
jiong5,絨,
jiong5,茸,
jiong5,瓤,
jiong5,戎,
jiong7,讓,
jiong7,釀,
jior7,尿,
jior7,蕎,
jip4,逐,
jip8,入,
jit8,日,
jiu5,柔,
jiu5,揉,
jiu5,鰇,
jiu5,蹂,
jiu5,榆,
ju2,汝,
ju2,愈,
ju2,乳,
ju2,癒,
ju2,庾,
ju5,如,
ju5,茹,
ju5,儒,
ju5,蠕,
ju5,瑜,
ju5,俞,
ju5,挐,
ju5,愉,
ju5,渝,
ju5,逾,
ju5,孺,
ju5,濡,
ju7,字,
ju7,裕,
ju7,諭,
ju7,喻,
ju7,洳,
jua7,偌,
juah8,熱,
juan2,耎,
jue5,挼,
jue7,銳,
jue7,叡,
jue7,芮,
jue7,睿,
jun7,潤,
jun7,韌,
jun7,閏,
ka1,家,
ka1,加,
ka1,交,
ka1,嘉,
ka1,監,
ka1,尻,
ka1,佳,
ka1,茄,
ka1,鉸,
ka1,咳,
ka1,咖,
ka1,傀,
ka1,膠,
ka1,鵁,
ka1,枷,
ka1,茭,
ka1,瞌,
ka1,虼,
ka1,鮫,
ka1,袈,
ka1,伽,
ka1,珈,
ka2,敢,
ka2,假,
ka2,絞,
ka2,賈,
ka3,較,
ka3,教,
ka3,嫁,
ka3,價,
ka3,架,
ka3,駕,
ka3,酵,
ka3,稼,
ka3,漖,
ka3,假,
ka6,咬,
ka7,共,
ka7,咬,
kah4,較,
kah4,甲,
kah4,教,
kah4,佮,
kah4,合,
kah4,蓋,
kah4,舺,
kah4,胛,
kah4,鴿,
kah4,䘥,
kah4,柙,
kah4,鉀,
kai1,該,
kai1,皆,
kai1,佳,
kai1,偕,
kai1,階,
kai1,垓,
kai2,解,
kai2,改,
kai2,骱,
kai3,界,
kai3,介,
kai3,蓋,
kai3,概,
kai3,屆,
kai3,戒,
kai3,芥,
kai3,械,
kai3,誡,
kai3,溉,
kai3,丐,
kai3,玠,
kainn1,喈,
kainn2,揀,
kainn5,個,
kainn5,睚,
kainn7,楗,
kak4,角,
kak4,覺,
kak4,穀,
kak4,菊,
kak4,埆,
kak4,鵤,
kak4,麴,
kak4,桷,
kak4,玨,
kak8,捔,
kam1,甘,
kam1,監,
kam1,柑,
kam1,疳,
kam1,魽,
kam1,緘,
kam2,敢,
kam2,感,
kam2,𥴊,
kam2,橄,
kam3,監,
kam3,鑑,
kam3,艦,
kam3,鑒,
kam3,淦,
kam3,贛,
kam5,含,
kam7,咁,
kam7,𩸶,
kan1,間,
kan1,肝,
kan1,干,
kan1,艱,
kan1,乾,
kan1,奸,
kan1,矸,
kan1,姦,
kan1,杆,
kan1,竿,
kan1,橄,
kan1,蕳,
kan2,敢,
kan2,簡,
kan2,揀,
kan2,𡢃,
kan2,襇,
kan2,澗,
kan2,繭,
kan2,柬,
kan3,間,
kan3,姦,
kan3,幹,
kan3,諫,
kan3,澗,
kang1,公,
kang1,工,
kang1,功,
kang1,江,
kang1,蚣,
kang1,崗,
kang2,講,
kang2,港,
kang2,購,
kang2,犅,
kang3,降,
kang3,絳,
kang5,仝,
kang6,共,
kang7,共,
kang7,仝,
kann1,監,
kann1,橄,
kann2,敢,
kann2,囝,
kann3,酵,
kann5,含,
kap4,甲,
kap4,佮,
kap4,合,
kap4,蓋,
kap4,蛤,
kap4,夾,
kap4,敆,
kap4,鴿,
kat4,結,
kat4,割,
kat4,葛,
kat4,埆,
kat4,噶,
kat4,墼,
kau1,交,
kau1,高,
kau1,跤,
kau1,溝,
kau1,鉤,
kau1,勾,
kau1,郊,
kau1,膠,
kau1,鮫,
kau1,蛟,
kau2,口,
kau2,狗,
kau2,九,
kau2,咬,
kau2,絞,
kau2,狡,
kau2,垢,
kau2,佼,
kau2,玖,
kau2,姣,
kau3,到,
kau3,較,
kau3,教,
kau3,校,
kau3,夠,
kau3,窖,
kau5,猴,
kau6,厚,
kau7,厚,
kau7,詬,
kauh4,軋,
kauh4,𩛩,
ke1,家,
ke1,加,
ke1,雞,
ke1,機,
ke1,街,
ke1,基,
ke2,解,
ke2,假,
ke2,果,
ke2,粿,
ke2,跂,
ke3,過,
ke3,界,
ke3,嫁,
ke3,假,
ke3,計,
ke3,價,
ke3,繼,
ke3,架,
ke3,芥,
ke3,髻,
ke3,蕨,
ke3,疥,
ke3,鱖,
ke5,枷,
ke5,膎,
ke5,哽,
ke7,低,
ke7,偈,
keh4,隔,
keh4,格,
keh4,郭,
keh4,骼,
keh4,蕨,
keh4,挌,
keh4,嗝,
keh4,膈,
keh4,鍥,
keh8,扴,
kenn1,經,
kenn1,驚,
kenn1,更,
kenn1,羹,
kenn1,庚,
kenn2,梗,
kenn2,哽,
kenn2,耞,
kenn3,桱,
ker2,果,
ker2,粿,
ker2,跂,
ker3,過,
ker3,髻,
ker3,蕨,
ker3,鱖,
kere1,雞,
kere1,街,
kere3,疥,
kere5,枷,
kere5,膎,
kerh4,郭,
kerh4,髻,
kerh4,蕨,
kha1,跤,
kha1,奇,
kha1,尻,
kha1,咳,
kha1,茭,
kha2,卡,
kha2,巧,
kha3,敲,
kha3,搉,
khah4,較,
khah4,卡,
khah4,盍,
khah4,籗,
khah8,卡,
khah8,闔,
khai1,開,
khai2,凱,
khai2,楷,
khai2,鎧,
khai2,愷,
khai3,概,
khai3,慨,
khai3,愾,
khainn1,掮,
khainn2,掮,
khainn2,敱,
khak4,確,
khak4,殼,
khak4,麴,
khak8,咯,
kham1,坎,
kham1,堪,
kham1,勘,
kham1,龕,
kham1,戡,
kham2,坎,
kham2,砍,
kham2,歁,
kham3,崁,
kham3,勘,
kham3,嵌,
kham3,墈,
kham3,瞰,
kham5,㘛,
khan1,看,
khan1,牽,
khan1,刊,
khan1,韆,
khan2,侃,
khan3,看,
khang1,工,
khang1,空,
khang2,孔,
khang3,空,
khang3,控,
khann1,坩,
khap4,恰,
khap4,嗑,
khap4,匼,
khap8,磕,
khat4,渴,
khat4,𣁳,
khau1,敲,
khau1,扣,
khau1,剾,
khau1,薅,
khau1,鬮,
khau2,口,
khau2,巧,
khau3,哭,
khau3,叩,
khau3,扣,
khau3,銬,
khaunnh8,摳,
khe1,溪,
khe1,科,
khe1,魁,
khe1,刮,
khe1,睽,
khe2,啟,
khe2,稽,
khe2,棨,
khe3,課,
khe3,計,
khe3,契,
khe3,憩,
khe3,齧,
khe5,瘸,
khe5,㧎,
kheh4,客,
kheh4,缺,
kheh4,瞌,
kheh4,篋,
kheh4,𤲍,
kheh4,齧,
kheh8,挈,
khenn1,坑,
khennh4,喀,
khennh8,喀,
kher1,瘸,
kher3,課,
khere1,溪,
khere3,契,
khereh4,瞌,
khereh4,齧,
kherh4,缺,
khi1,欺,
khi1,敧,
khi1,蹊,
khi2,起,
khi2,齒,
khi2,豈,
khi2,綺,
khi3,去,
khi3,氣,
khi3,計,
khi3,企,
khi3,器,
khi3,棄,
khi3,汽,
khi5,騎,
khi5,枇,
khi5,蜞,
khi5,疧,
khi6,柿,
khi7,忌,
khi7,柿,
khia1,奇,
khia1,迦,
khia1,欹,
khia5,騎,
khia6,徛,
khia7,徛,
khiah4,隙,
khiah8,屐,
khiak8,確,
khiak8,嘎,
khiak8,毃,
khiam1,謙,
khiam1,歉,
khiam2,歉,
khiam3,欠,
khiam3,歉,
khiam3,芡,
khiam5,鉗,
khiam5,鈐,
khiam5,黔,
khiam6,儉,
khiam7,儉,
khian1,牽,
khian1,圈,
khian1,騫,
khian1,掔,
khian1,愆,
khian2,犬,
khian2,遣,
khian2,譴,
khian2,繾,
khian3,譴,
khian3,芡,
khian5,乾,
khian5,虔,
khiang1,勍,
khiang3,勥,
khiann1,奇,
khiap4,怯,
khiap4,愜,
khiap4,㾀,
khiat4,揭,
khiat4,嘓,
khiat4,鵠,
khiat4,頡,
khiat4,譎,
khiat4,戛,
khiat4,詰,
khiat8,坷,
khiau1,曲,
khiau1,迦,
khiau1,蹺,
khiau1,橇,
khiau2,巧,
khiau3,翹,
khiau3,竅,
khih4,缺,
khih4,砄,
khik4,客,
khik4,激,
khik4,曲,
khik4,刻,
khik4,克,
khik4,隙,
khik4,剋,
khik4,鴶,
khim1,欽,
khim1,矜,
khim1,襟,
khim2,寢,
khim5,琴,
khim5,禽,
khim5,擒,
khim5,芩,
khin1,輕,
khin2,淺,
khin5,勤,
khin5,芹,
khing1,輕,
khing1,坑,
khing1,卿,
khing1,傾,
khing1,框,
khing1,頃,
khing1,鏗,
khing1,筐,
khing1,銎,
khing2,肯,
khing2,頃,
khing3,慶,
khing5,窮,
khing5,瓊,
khing5,擎,
khing6,虹,
khing7,虹,
khinn1,坑,
khinn5,鉗,
khinn5,拑,
khio2,口,
khio3,叩,
khio3,扣,
khio3,竅,
khio3,筧,
khio3,徼,
khioh4,抾,
khiok4,卻,
khiok4,曲,
khiong1,腔,
khiong1,姜,
khiong1,僵,
khiong1,羌,
khiong1,殭,
khiong2,恐,
khiong5,瓊,
khionn1,腔,
khionn1,姜,
khionn7,噤,
khiorh4,抾,
khip4,吸,
khip4,泣,
khip8,吸,
khip8,扱,
khir3,去,
khir3,課,
khirn5,勤,
khirn5,芹,
khit4,乞,
khit4,稠,
khit4,吃,
khit8,杙,
khit8,煡,
khiu1,坵,
khiu1,丘,
khiu1,鳩,
khiu2,搝,
khiu5,球,
khiu5,虯,
khiu7,𩚨,
khiunn1,腔,
khiunn1,姜,
khiunn7,噤,
khng1,康,
khng1,糠,
khng3,勸,
khng3,囥,
khngh4,吭,
kho1,科,
kho1,柯,
kho1,嵙,
kho1,苛,
kho1,窠,
kho1,珂,
kho1,軻,
kho2,可,
kho2,考,
kho2,洘,
kho2,拷,
kho3,課,
kho3,靠,
kho3,洘,
kho3,犒,
kho5,苛,
khok4,殼,
khok4,硞,
khok4,嘓,
khok4,酷,
khok4,擴,
khok4,鵠,
khok4,顎,
khok4,涸,
khok4,廓,
khok4,觳,
khok4,恪,
khok8,硞,
khok8,嘓,
khok8,觳,
khok8,鱷,
khong1,空,
khong1,康,
khong1,糠,
khong1,悾,
khong1,框,
khong1,眶,
khong1,筐,
khong1,倥,
khong1,匡,
khong2,孔,
khong2,慷,
khong2,紺,
khong3,空,
khong3,抗,
khong3,礦,
khong3,控,
khong3,曠,
khong3,炕,
khong3,壙,
khong3,亢,
khong3,伉,
khong3,獷,
khong5,槓,
khong7,鞏,
khong7,吭,
khonn2,可,
khonn2,考,
khoo1,呼,
khoo1,箍,
khoo1,嵙,
khoo1,可,
khoo2,苦,
khoo2,許,
khoo2,洘,
khoo2,觳,
khoo2,可,
khoo3,褲,
khoo3,庫,
khoo3,寇,
khoo3,怐,
khoo3,蔻,
khor2,可,
khor2,考,
khor2,洘,
khor3,靠,
khor3,洘,
khor5,苛,
khu1,軀,
khu1,區,
khu1,拘,
khu1,邱,
khu1,坵,
khu1,丘,
khu1,驅,
khu1,嶇,
khu1,駒,
khu3,去,
khu5,跍,
khu5,瞿,
khu6,臼,
khu7,具,
khu7,臼,
khu7,俱,
khu7,懼,
khu7,柩,
khua1,誇,
khua2,可,
khua3,掛,
khua3,靠,
khua3,跨,
khua3,胯,
khuah4,闊,
khuah4,渴,
khuai3,塊,
khuai3,快,
khuan1,寬,
khuan1,圈,
khuan2,款,
khuan2,綣,
khuan3,勸,
khuan5,權,
khuan5,環,
khuann1,寬,
khuann2,款,
khuann3,看,
khuann3,快,
khuat4,缺,
khuat4,闕,
khue1,溪,
khue1,魁,
khue1,詼,
khue1,恢,
khue1,瘸,
khue1,奎,
khue1,盔,
khue3,課,
khue3,契,
khue3,架,
khue3,齧,
khue5,葵,
khue5,瘸,
khueh4,缺,
khueh4,瞌,
khueh4,篋,
khueh4,𤲍,
khueh4,齧,
khuh4,呿,
khui1,開,
khui1,虧,
khui1,窺,
khui2,傀,
khui2,詭,
khui3,氣,
khui3,愧,
khui3,喟,
khui3,潰,
khuinn3,快,
khuinn3,勸,
khun1,坤,
khun1,崑,
khun1,鯤,
khun1,昆,
khun1,琨,
khun1,髡,
khun1,堃,
khun2,懇,
khun2,墾,
khun2,捆,
khun2,窘,
khun2,菌,
khun3,睏,
khun3,困,
khun5,勤,
khun5,芹,
khun5,囷,
khun5,蜷,
khut4,窟,
khut4,屈,
khut4,堀,
khut4,𣮈,
khut8,倔,
khut8,𣮈,
ki1,車,
ki1,枝,
ki1,機,
ki1,支,
ki1,期,
ki1,基,
ki1,几,
ki1,居,
ki1,吱,
ki1,技,
ki1,箕,
ki1,飢,
ki1,肌,
ki1,肢,
ki1,乩,
ki1,饑,
ki1,畿,
ki1,妓,
ki1,裾,
ki1,麒,
ki1,姬,
ki1,梔,
ki1,譏,
ki1,唭,
ki1,璣,
ki1,錤,
ki2,幾,
ki2,己,
ki2,舉,
ki2,指,
ki2,紀,
ki2,矩,
ki2,杞,
ki2,莒,
ki3,記,
ki3,計,
ki3,寄,
ki3,紀,
ki3,既,
ki3,據,
ki3,忌,
ki3,鋸,
ki3,痣,
ki3,唭,
ki3,冀,
ki3,暨,
ki3,覬,
ki3,驥,
ki5,其,
ki5,期,
ki5,奇,
ki5,祈,
ki5,旗,
ki5,棋,
ki5,麒,
ki5,歧,
ki5,琪,
ki5,淇,
ki5,圻,
ki5,祁,
ki5,耆,
ki5,琦,
ki5,祺,
ki5,岐,
ki5,碁,
ki5,綦,
ki5,錡,
ki5,騏,
ki7,己,
ki7,忌,
ki7,拒,
ki7,巨,
ki7,距,
ki7,伎,
ki7,洎,
kia1,迦,
kia3,寄,
kia5,夯,
kia6,崎,
kia7,崎,
kia7,祛,
kiah4,撠,
kiah8,屐,
kiah8,攑,
kiam1,兼,
kiam2,減,
kiam2,檢,
kiam2,鹼,
kiam3,劍,
kiam5,鹹,
kiam5,鹽,
kian1,堅,
kian1,肩,
kian1,慳,
kian2,卷,
kian2,繭,
kian2,蹇,
kian2,筧,
kian3,見,
kian3,建,
kian3,腱,
kian3,毽,
kian7,件,
kian7,健,
kian7,腱,
kian7,鍵,
kian7,胘,
kiang1,礓,
kiang1,鯨,
kiann1,今,
kiann1,驚,
kiann1,京,
kiann2,囝,
kiann3,寄,
kiann3,鏡,
kiann5,行,
kiann5,檠,
kiann7,件,
kiann7,健,
kiap4,劫,
kiap4,峽,
kiap4,俠,
kiap4,頰,
kiap4,裌,
kiap4,蛺,
kiat4,結,
kiat4,吉,
kiat4,揭,
kiat4,桔,
kiat4,潔,
kiat4,拮,
kiat4,蛣,
kiat4,孑,
kiat4,訐,
kiat4,羯,
kiat4,搩,
kiat8,傑,
kiat8,杰,
kiat8,竭,
kiat8,桀,
kiat8,佶,
kiau1,交,
kiau1,轎,
kiau1,嬌,
kiau1,迦,
kiau1,驕,
kiau1,嶠,
kiau2,繳,
kiau2,攪,
kiau2,筊,
kiau2,餃,
kiau2,皎,
kiau2,矯,
kiau3,噭,
kiau5,橋,
kiau5,喬,
kiau5,僑,
kiau6,撬,
kiau7,轎,
kiau7,撬,
kiau7,撟,
kih4,砌,
kik4,隔,
kik4,格,
kik4,激,
kik4,擊,
kik4,革,
kik4,棘,
kik4,戟,
kik8,極,
kik8,激,
kik8,劇,
kim1,今,
kim1,金,
kim1,禁,
kim1,衿,
kim2,錦,
kim3,禁,
kim3,噤,
kim6,妗,
kim7,妗,
kin1,今,
kin1,根,
kin1,斤,
kin1,巾,
kin1,筋,
kin1,跟,
kin1,弓,
kin1,均,
kin1,觔,
kin2,緊,
kin2,謹,
kin2,蚓,
kin2,槿,
kin3,絹,
kin3,靳,
kin5,沂,
kin7,近,
kin7,瑾,
king1,公,
king1,間,
king1,經,
king1,驚,
king1,更,
king1,宮,
king1,京,
king1,肩,
king1,供,
king1,弓,
king1,耕,
king1,羹,
king1,庚,
king1,荊,
king1,擎,
king1,莖,
king1,兢,
king1,矜,
king1,賡,
king2,景,
king2,境,
king2,警,
king2,揀,
king2,頸,
king2,梗,
king2,炯,
king2,龔,
king2,繭,
king2,迥,
king2,憬,
king2,耿,
king2,筧,
king2,梘,
king2,襇,
king2,儆,
king2,璟,
king3,更,
king3,敬,
king3,警,
king3,鏡,
king3,供,
king3,竟,
king3,競,
king3,勁,
king3,徑,
king3,逕,
king3,亙,
king5,窮,
king6,楗,
king7,競,
king7,勁,
king7,楗,
king7,痙,
kinn1,經,
kinn1,驚,
kinn1,更,
kinn1,羹,
kinn1,庚,
kinn1,鹼,
kinn2,耞,
kinn2,哽,
kinn3,見,
kinn3,桱,
kinn5,墘,
kio1,鉤,
kio2,狗,
kio2,苟,
kio3,叫,
kio5,橋,
kio5,茄,
kio6,轎,
kio7,轎,
kio7,蕎,
kioh4,腳,
kioh4,蕎,
kiok4,腳,
kiok4,菊,
kiok4,鞠,
kiok4,掬,
kiok8,局,
kiok8,劇,
kiok8,侷,
kiok8,噱,
kiong1,宮,
kiong1,恭,
kiong1,供,
kiong1,芎,
kiong1,弓,
kiong1,姜,
kiong1,僵,
kiong1,躬,
kiong1,羌,
kiong1,疆,
kiong1,穹,
kiong1,韁,
kiong2,強,
kiong2,拱,
kiong2,栱,
kiong2,鞏,
kiong5,強,
kiong5,窮,
kiong5,彊,
kiong7,共,
kiong7,強,
kionn1,薑,
kionn1,羌,
kior5,茄,
kior7,轎,
kip4,給,
kip4,急,
kip4,級,
kip4,汲,
kip8,及,
kip8,笈,
kir1,車,
kir1,居,
kir2,舉,
kir2,矩,
kir3,據,
kir3,鋸,
kirn1,根,
kirn1,斤,
kirn1,巾,
kirn1,筋,
kirn1,弓,
kirn7,近,
kit4,桔,
kit4,訖,
kiu1,勼,
kiu1,鳩,
kiu2,久,
kiu2,九,
kiu2,玖,
kiu3,救,
kiu3,究,
kiu3,糾,
kiu3,疚,
kiu5,求,
kiu5,球,
kiu5,仇,
kiu5,裘,
kiu5,毬,
kiu5,逑,
kiu7,舊,
kiu7,舅,
kiu7,柩,
kiu7,咎,
kiunn1,薑,
kiunn1,姜,
kiunn1,蜣,
kiunn1,羌,
kng1,光,
kng1,扛,
kng1,缸,
kng1,岡,
kng2,廣,
kng2,管,
kng2,捲,
kng2,卷,
kng2,硿,
kng3,貫,
kng3,券,
kng3,槓,
kng3,卷,
kng3,鋼,
ko1,歌,
ko1,哥,
ko1,高,
ko1,篙,
ko1,膏,
ko1,糕,
ko1,鍋,
ko1,戈,
ko1,羔,
ko1,󿗧,
ko1,皋,
ko2,果,
ko2,稿,
ko2,𥑮,
ko2,裹,
ko2,杲,
ko2,槁,
ko3,個,
ko3,過,
ko3,告,
ko3,划,
ko3,誥,
ko3,郜,
ko5,膏,
ko5,笱,
ko7,膏,
ko7,翱,
ko7,滒,
koh4,過,
koh4,閣,
koh4,哥,
koh4,各,
koh4,胳,
kok4,閣,
kok4,國,
kok4,各,
kok4,咯,
kok4,穀,
kok4,郭,
kok4,嘓,
kok4,谷,
kok4,顎,
kok4,摑,
kok4,幗,
kok8,咯,
kok8,嘓,
kok8,焗,
kong1,公,
kong1,工,
kong1,光,
kong1,功,
kong1,扛,
kong1,攻,
kong1,缸,
kong1,岡,
kong1,剛,
kong1,鋼,
kong1,崗,
kong1,綱,
kong1,栱,
kong1,胱,
kong1,肛,
kong1,肱,
kong1,洸,
kong2,講,
kong2,廣,
kong2,管,
kong2,岡,
kong2,鄺,
kong2,栱,
kong3,摃,
kong3,貢,
kong3,絳,
kong5,狂,
kong5,栱,
konn5,鼾,
koo1,姑,
koo1,孤,
koo1,溝,
koo1,膏,
koo1,辜,
koo1,鉤,
koo1,菇,
koo1,枯,
koo1,蛄,
koo1,咕,
koo1,鮕,
koo1,蜅,
koo1,罟,
koo1,鴣,
koo1,沽,
koo2,狗,
koo2,古,
koo2,鼓,
koo2,股,
koo2,估,
koo2,鈷,
koo2,𥑮,
koo2,賈,
koo2,苟,
koo2,牯,
koo2,蠱,
koo2,枸,
koo2,茍,
koo3,過,
koo3,故,
koo3,顧,
koo3,固,
koo3,構,
koo3,雇,
koo3,購,
koo3,僱,
koo3,錮,
koo5,糊,
koo7,怙,
kooh4,閣,
kop4,呱,
kor1,哥,
kor1,高,
kor1,篙,
kor1,膏,
kor1,糕,
kor1,󿗧,
kor2,果,
kor5,笱,
ku1,車,
ku1,苦,
ku1,龜,
ku1,居,
ku1,痀,
ku1,跔,
ku1,裾,
ku1,呴,
ku1,駒,
ku1,琚,
ku2,久,
ku2,舉,
ku2,韭,
ku2,矩,
ku2,咕,
ku2,莒,
ku3,過,
ku3,句,
ku3,據,
ku3,鋸,
ku3,踞,
ku3,灸,
ku3,倨,
ku5,渠,
ku5,劬,
ku5,璩,
ku5,衢,
ku6,舊,
ku6,舅,
ku7,舊,
ku7,具,
ku7,舅,
ku7,拒,
ku7,咕,
ku7,距,
ku7,懼,
ku7,炬,
ku7,鉅,
ku7,遽,
kua1,歌,
kua1,瓜,
kua1,柯,
kua2,寡,
kua3,過,
kua3,掛,
kua3,蓋,
kua3,卦,
kua3,芥,
kua3,褂,
kua3,罣,
kua7,呱,
kuah4,割,
kuah4,括,
kuah4,葛,
kuai1,乖,
kuai1,胿,
kuai2,拐,
kuai2,柺,
kuai2,枴,
kuai3,怪,
kuai7,拐,
kuaih4,拐,
kuainn1,關,
kuainn1,杆,
kuainn1,胿,
kuainn2,拐,
kuainn2,柺,
kuainn2,枴,
kuainn2,桿,
kuainn2,稈,
kuainn5,懸,
kuainn7,縣,
kuainn7,拐,
kuainnh4,拐,
kuak8,呱,
kuan1,官,
kuan1,關,
kuan1,觀,
kuan1,棺,
kuan1,娟,
kuan1,冠,
kuan1,鵑,
kuan1,捐,
kuan1,涓,
kuan1,綸,
kuan1,鰥,
kuan2,管,
kuan2,館,
kuan2,捲,
kuan2,莞,
kuan3,觀,
kuan3,慣,
kuan3,罐,
kuan3,灌,
kuan3,貫,
kuan3,券,
kuan3,冠,
kuan3,卷,
kuan3,眷,
kuan3,顴,
kuan3,絹,
kuan3,狷,
kuan3,盥,
kuan5,懸,
kuan5,權,
kuan5,拳,
kuan6,縣,
kuan7,縣,
kuan7,倦,
kuann1,肝,
kuann1,官,
kuann1,乾,
kuann1,棺,
kuann1,菅,
kuann1,杆,
kuann1,倌,
kuann1,竿,
kuann2,趕,
kuann2,寡,
kuann5,寒,
kuann6,捾,
kuann7,汗,
kuann7,捾,
kuann7,綰,
kuat4,決,
kuat4,括,
kuat4,訣,
kuat4,刮,
kuat4,抉,
kuat4,厥,
kuat4,蹶,
kue1,雞,
kue1,街,
kue1,瓜,
kue1,粿,
kue2,果,
kue2,粿,
kue2,跂,
kue3,會,
kue3,過,
kue3,界,
kue3,怪,
kue3,髻,
kue3,蕨,
kue3,檜,
kue3,疥,
kue3,膾,
kue3,鱖,
kue5,蛙,
kue5,枷,
kue5,膎,
kueh4,郭,
kueh4,莢,
kueh4,刮,
kueh4,胳,
kueh4,鍥,
kueh4,蕨,
kueh8,橛,
kui1,歸,
kui1,機,
kui1,規,
kui1,龜,
kui1,圭,
kui1,胿,
kui1,閨,
kui1,䲅,
kui1,皈,
kui2,幾,
kui2,鬼,
kui2,軌,
kui2,癸,
kui2,詭,
kui3,貴,
kui3,桂,
kui3,季,
kui3,瑰,
kui3,癸,
kui3,挂,
kui3,劌,
kui3,炅,
kui5,懷,
kui5,葵,
kui5,逵,
kui5,揆,
kui5,夔,
kui6,跪,
kui6,櫃,
kui7,跪,
kui7,櫃,
kui7,饋,
kui7,匱,
kui7,膭,
kuih4,刮,
kuih4,胳,
kuinn1,光,
kuinn1,關,
kuinn2,管,
kuinn2,捲,
kuinn2,卷,
kuinn2,梗,
kuinn2,稈,
kuinn3,貫,
kuinn7,縣,
kun1,君,
kun1,軍,
kun1,根,
kun1,斤,
kun1,巾,
kun1,筋,
kun1,跟,
kun1,均,
kun1,鈞,
kun2,滾,
kun2,蚓,
kun2,頸,
kun2,袞,
kun3,棍,
kun3,艮,
kun5,群,
kun5,拳,
kun5,裙,
kun5,𤉙,
kun6,近,
kun7,近,
kun7,郡,
kut4,骨,
kut4,柫,
kut8,掘,
kut8,滑,
kut8,倔,
kut8,猾,
kut8,崛,
la1,拉,
la2,拉,
la2,喇,
la5,垃,
la5,蜊,
la5,膋,
la5,蟧,
la5,鯪,
la7,鴟,
la7,抐,
la7,蕗,
lah4,啦,
lah4,垃,
lah8,曆,
lah8,獵,
lah8,蠟,
lah8,辣,
lah8,臘,
lah8,鱲,
lai1,來,
lai2,滓,
lai5,來,
lai5,梨,
lai5,萊,
lai5,蜊,
lai6,內,
lai7,內,
lai7,利,
lai7,賴,
lai7,荔,
lai7,鴟,
lai7,籟,
lai7,睞,
lak4,落,
lak4,鹿,
lak4,轆,
lak4,橐,
lak4,戮,
lak8,六,
lak8,陸,
lak8,轆,
lak8,搦,
lak8,磟,
lak8,慄,
lam1,籠,
lam1,罨,
lam2,攬,
lam2,覽,
lam2,欖,
lam2,荏,
lam2,腩,
lam2,纜,
lam3,湳,
lam3,𨂾,
lam3,坔,
lam5,南,
lam5,男,
lam5,籃,
lam5,藍,
lam5,淋,
lam5,楠,
lam5,襤,
lam5,婪,
lam5,嵐,
lam5,蝻,
lam7,濫,
lam7,艦,
lam7,纜,
lan1,趼,
lan2,咱,
lan2,蘭,
lan2,懶,
lan5,難,
lan5,蘭,
lan5,瀾,
lan5,零,
lan5,欄,
lan5,鱗,
lan5,攔,
lan5,㔂,
lan6,𡳞,
lan7,難,
lan7,亂,
lan7,爛,
lan7,𡳞,
lang1,郎,
lang1,籠,
lang1,壟,
lang1,胴,
lang1,櫳,
lang1,熥,
lang2,攏,
lang2,籠,
lang2,朗,
lang3,閬,
lang5,人,
lang5,龍,
lang5,隆,
lang5,籠,
lang5,壟,
lang5,膿,
lang5,礱,
lang5,聾,
lang5,螂,
lang7,弄,
lang7,籠,
lang7,俍,
lap4,垃,
lap4,塌,
lap8,納,
lap8,蠟,
lap8,塌,
lap8,衲,
lat8,力,
lat8,栗,
lat8,捺,
lat8,癧,
lau2,老,
lau2,扭,
lau2,佬,
lau2,荖,
lau2,粩,
lau3,落,
lau5,流,
lau5,留,
lau5,樓,
lau5,劉,
lau5,鐃,
lau6,老,
lau7,老,
lau7,鬧,
lau7,漏,
lau7,荖,
lau7,撈,
lauh8,落,
le1,絡,
le1,蛚,
le2,禮,
le2,儡,
le2,嬭,
le2,詈,
le2,醴,
le2,澧,
le3,礪,
le5,麗,
le5,螺,
le5,犁,
le5,梨,
le5,璃,
le5,黎,
le5,蕾,
le5,檸,
le5,騾,
le5,挼,
le5,驪,
le5,鸝,
le5,腡,
le6,鯉,
le7,麗,
le7,厲,
le7,例,
le7,賴,
le7,勵,
le7,鯉,
le7,荔,
le7,隸,
le7,篱,
le7,鑢,
le7,蛚,
le7,蠣,
le7,戾,
le7,鱺,
le7,儷,
leh4,咧,
leh4,肭,
leh8,笠,
leh8,剺,
ler1,叨,
ler2,儡,
ler5,螺,
ler5,騾,
ler5,挼,
lere2,詈,
lere5,犁,
lere7,鑢,
li1,離,
li1,哩,
li1,縭,
li2,你,
li2,子,
li2,理,
li2,女,
li2,力,
li2,裡,
li2,里,
li2,李,
li2,哩,
li2,乳,
li2,旅,
li2,妳,
li2,裏,
li2,鯉,
li2,屢,
li2,履,
li2,瘰,
li2,俚,
li2,娌,
li3,剺,
li5,離,
li5,如,
li5,兒,
li5,而,
li5,尼,
li5,狸,
li5,璃,
li5,籬,
li5,簾,
li5,驢,
li5,厘,
li5,篱,
li5,釐,
li5,罹,
li5,猊,
li5,貍,
li5,縭,
li6,二,
li6,字,
li7,二,
li7,地,
li7,字,
li7,離,
li7,利,
li7,膩,
li7,厲,
li7,慮,
li7,呂,
li7,貳,
li7,侶,
li7,俐,
li7,吏,
li7,餌,
li7,痢,
li7,濾,
li7,蒞,
lia1,遮,
lia2,惹,
liah4,拆,
liah4,跡,
liah4,裂,
liah4,擸,
liah8,掠,
liam1,拈,
liam1,跕,
liam2,蓮,
liam2,染,
liam2,臉,
liam2,斂,
liam2,膁,
liam3,捻,
liam5,連,
liam5,黏,
liam5,粘,
liam5,廉,
liam5,簾,
liam5,簷,
liam5,鐮,
liam5,苒,
liam5,鯰,
liam5,臁,
liam5,濂,
liam7,念,
liam7,唸,
liam7,捻,
liam7,殮,
lian1,蓮,
lian1,蘭,
lian1,輪,
lian1,蔫,
lian1,嗹,
lian2,蓮,
lian2,輪,
lian2,輦,
lian2,撚,
lian2,碾,
lian2,臉,
lian2,攆,
lian3,輾,
lian5,年,
lian5,然,
lian5,連,
lian5,蓮,
lian5,憐,
lian5,蘭,
lian5,聯,
lian5,瀾,
lian5,鍊,
lian5,燃,
lian5,鰱,
lian5,漣,
lian5,嗹,
lian5,槤,
lian5,𦟪,
lian7,練,
lian7,鍊,
lian7,煉,
lian7,楝,
liang1,喨,
liang5,涼,
liang5,鈴,
liang5,粱,
liang7,亮,
liap4,𥍉,
liap4,捏,
liap4,攝,
liap8,粒,
liap8,立,
liap8,廿,
liap8,獵,
liap8,捏,
liap8,臘,
liap8,聶,
liat8,熱,
liat8,列,
liat8,裂,
liat8,烈,
liat8,冽,
liau2,了,
liau2,瞭,
liau2,擾,
liau2,爪,
liau2,蓼,
liau3,抓,
liau5,條,
liau5,寮,
liau5,聊,
liau5,瞭,
liau5,療,
liau5,蟯,
liau5,饒,
liau5,皺,
liau5,僚,
liau5,撩,
liau5,遼,
liau5,蹽,
liau5,獠,
liau5,寥,
liau5,嘹,
liau5,鐐,
liau5,鱙,
liau7,料,
liau7,廖,
liau7,繚,
lih4,哩,
lih8,裂,
lih8,揤,
lik4,慄,
lik8,力,
lik8,歷,
lik8,錄,
lik8,綠,
lik8,勒,
lik8,曆,
lik8,碌,
lik8,栗,
lik8,匿,
lik8,壢,
lik8,溺,
lik8,礫,
lik8,肋,
lik8,暱,
lik8,靂,
lik8,瀝,
lim1,啉,
lim2,忍,
lim2,臨,
lim2,凜,
lim2,廩,
lim5,林,
lim5,任,
lim5,臨,
lim5,淋,
lim5,霖,
lim5,撏,
lim5,琳,
lim5,壬,
lim7,任,
lim7,壬,
lim7,賃,
lin1,輪,
lin1,奶,
lin1,玲,
lin1,鈴,
lin1,輾,
lin1,麟,
lin2,恁,
lin2,輪,
lin2,輦,
lin3,輾,
lin5,人,
lin5,仁,
lin5,憐,
lin5,玲,
lin5,麟,
lin5,鄰,
lin5,鱗,
lin5,轔,
lin5,燐,
lin5,遴,
lin5,嶙,
lin5,璘,
lin5,磷,
lin7,認,
lin7,吝,
lin7,藺,
lin7,躪,
ling1,奶,
ling1,鈴,
ling2,冷,
ling2,領,
ling2,嶺,
ling2,伶,
ling2,懍,
ling3,躘,
ling5,行,
ling5,能,
ling5,龍,
ling5,靈,
ling5,令,
ling5,玲,
ling5,凌,
ling5,鈴,
ling5,陵,
ling5,菱,
ling5,零,
ling5,寧,
ling5,伶,
ling5,苓,
ling5,嚀,
ling5,翎,
ling5,稜,
ling5,拎,
ling5,綾,
ling5,齡,
ling5,薐,
ling5,聆,
ling5,𦊓,
ling5,泠,
ling5,羚,
ling5,淩,
ling6,鴒,
ling6,冗,
ling6,楝,
ling7,另,
ling7,令,
ling7,鴒,
ling7,寧,
ling7,冗,
ling7,翎,
ling7,楝,
ling7,稜,
ling7,佞,
ling7,甯,
ling7,濘,
lio2,瞭,
lio3,躼,
lio5,樓,
lio5,𠞭,
lio5,撩,
lio6,尿,
lio7,尿,
lio7,陋,
lioh8,略,
liok8,若,
liok8,六,
liok8,掠,
liok8,肉,
liok8,陸,
liok8,略,
liok8,錄,
liok8,綠,
liok8,弱,
liok8,辱,
liok8,碌,
liok8,褥,
liok8,搙,
liok8,戮,
liong2,兩,
liong2,嚷,
liong2,隴,
liong2,倆,
liong2,輛,
liong3,躘,
liong5,娘,
liong5,龍,
liong5,量,
liong5,良,
liong5,隆,
liong5,涼,
liong5,狼,
liong5,腸,
liong5,糧,
liong5,嚨,
liong5,樑,
liong5,絨,
liong5,茸,
liong5,粱,
liong5,瀧,
liong5,瓤,
liong7,量,
liong7,諒,
liong7,讓,
liong7,亮,
liong7,冗,
liong7,輛,
liong7,釀,
lip4,逐,
lip8,入,
lip8,粒,
lip8,立,
lip8,笠,
lir1,叨,
lir2,你,
lir2,女,
lir2,旅,
lir5,驢,
lir6,慮,
lir6,呂,
lir7,慮,
lir7,呂,
lir7,鋁,
lit4,得,
lit8,日,
lit8,暱,
liu1,溜,
liu1,抽,
liu1,鰡,
liu2,柳,
liu2,扭,
liu2,鈕,
liu2,紐,
liu2,綹,
liu3,遛,
liu5,流,
liu5,留,
liu5,柔,
liu5,榴,
liu5,瘤,
liu5,琉,
liu5,硫,
liu5,餾,
liu5,揉,
liu5,㨨,
liu5,榆,
liu5,鰇,
liu5,瀏,
liu7,溜,
liu7,餾,
lo1,囉,
lo1,叨,
lo1,嘮,
lo2,老,
lo2,羅,
lo2,惱,
lo2,腦,
lo2,咾,
lo2,佬,
lo2,荖,
lo2,潦,
lo2,瑙,
lo3,躼,
lo5,羅,
lo5,囉,
lo5,勞,
lo5,鑼,
lo5,牢,
lo5,濁,
lo5,籮,
lo5,邏,
lo5,騾,
lo5,癆,
lo7,若,
lo7,號,
lo7,囉,
lo7,勞,
lo7,烙,
loh4,落,
loh4,囉,
loh8,落,
loh8,絡,
loh8,駱,
lok4,橐,
lok4,漉,
lok8,落,
lok8,樂,
lok8,鹿,
lok8,陸,
lok8,咯,
lok8,露,
lok8,錄,
lok8,祿,
lok8,轆,
lok8,洛,
lok8,絡,
lok8,碌,
lok8,漉,
lok8,諾,
lok8,烙,
lok8,蘿,
lok8,駱,
lok8,珞,
lok8,雒,
long1,囊,
long1,瑯,
long1,濃,
long1,龍,
long2,攏,
long2,籠,
long2,朗,
long2,壟,
long3,弄,
long3,挵,
long3,閬,
long5,郎,
long5,儂,
long5,農,
long5,籠,
long5,狼,
long5,榔,
long5,嚨,
long5,瓏,
long5,囊,
long5,瑯,
long5,濃,
long5,廊,
long5,膿,
long5,聾,
long5,琅,
long5,朧,
long5,櫳,
long5,螂,
long7,浪,
long7,弄,
loo2,惱,
loo2,勞,
loo2,魯,
loo2,努,
loo2,滷,
loo2,鹵,
loo2,硓,
loo2,櫓,
loo2,虜,
loo2,擄,
loo2,簍,
loo3,露,
loo5,樓,
loo5,勞,
loo5,奴,
loo5,螺,
loo5,爐,
loo5,盧,
loo5,蘆,
loo5,鱸,
loo5,顱,
loo5,瑚,
loo5,鷺,
loo5,髏,
loo5,廬,
loo5,婁,
loo5,鸕,
loo5,駑,
loo6,路,
loo6,露,
loo7,落,
loo7,路,
loo7,露,
loo7,漏,
loo7,鷺,
loo7,陋,
loo7,蕗,
loo7,賂,
loo7,𢲸,
loo7,璐,
looh4,囉,
lop4,橐,
lor1,叨,
lor2,咾,
lor3,躼,
lor5,羅,
lor5,勞,
lor5,濁,
lor5,籮,
lor5,癆,
lorh8,落,
lu1,叨,
lu1,攄,
lu2,你,
lu2,女,
lu2,愈,
lu2,乳,
lu2,旅,
lu2,鋁,
lu2,縷,
lu2,癒,
lu2,庾,
lu3,鑢,
lu5,如,
lu5,儒,
lu5,驢,
lu5,閭,
lu5,蠕,
lu5,瑜,
lu5,俞,
lu5,臚,
lu5,挐,
lu5,愉,
lu5,渝,
lu5,逾,
lu7,慮,
lu7,呂,
lu7,裕,
lu7,諭,
lu7,侶,
lu7,喻,
lu7,鋁,
lu7,瀘,
lua5,籮,
lua5,鐃,
lua7,偌,
lua7,賴,
lua7,僆,
lua7,瀨,
luah4,捋,
luah8,熱,
luah8,捋,
luah8,辣,
luah8,剌,
luah8,埒,
luai7,僆,
luaih8,捋,
luan2,卵,
luan2,軟,
luan2,暖,
luan2,煖,
luan2,耎,
luan5,戀,
luan5,鸞,
luan5,鑾,
luan5,巒,
luan5,孌,
luan5,攣,
luan5,欒,
luan7,亂,
luan7,戀,
luat8,劣,
lue2,詈,
lue2,餒,
lue5,犁,
lue6,篱,
lue6,鑢,
lue7,內,
lue7,篱,
lue7,銳,
lue7,鑢,
lue7,叡,
lue7,睿,
lueh8,笠,
luh4,魯,
lui1,鐳,
lui2,蕊,
lui2,累,
lui2,蕾,
lui2,壘,
lui2,兌,
lui2,磊,
lui3,瘰,
lui5,雷,
lui5,尼,
lui5,擂,
lui5,癗,
lui5,鐳,
lui7,類,
lui7,淚,
lui7,累,
lui7,彙,
lui7,耒,
lui7,縋,
lui7,酹,
lun1,崙,
lun1,圇,
lun2,忍,
lun2,輪,
lun2,蚓,
lun2,碖,
lun2,懍,
lun3,蠕,
lun5,輪,
lun5,倫,
lun5,淪,
lun5,腀,
lun5,侖,
lun5,掄,
lun5,圇,
lun5,綸,
lun6,潤,
lun6,韌,
lun7,論,
lun7,崙,
lun7,潤,
lun7,韌,
lun7,閏,
lun7,嫩,
lut4,甪,
lut8,律,
lut8,率,
m2,姆,
m5,梅,
m5,茅,
m5,莓,
m7,毋,
ma1,媽,
ma1,馬,
ma2,媽,
ma2,馬,
ma2,瑪,
ma2,碼,
ma3,嘛,
ma5,明,
ma5,麻,
ma5,痲,
ma5,蟆,
ma6,罵,
ma7,嘛,
ma7,罵,
mah4,嘛,
mah4,媽,
mai1,哩,
mai1,糜,
mai2,買,
mai3,莫,
mai7,賣,
mai7,妹,
mai7,覓,
mai7,昧,
mai7,眛,
mai7,邁,
mau1,㧌,
mau5,茅,
mau5,矛,
mau7,貌,
mauh4,卯,
me1,搣,
me2,猛,
me5,明,
me5,暝,
me5,盲,
me5,鋩,
me7,罵,
meh4,脈,
meh4,蜢,
meh4,咩,
meh4,萵,
meh8,脈,
mi1,糜,
mi1,鞭,
mi1,咪,
mi1,搣,
mi2,乜,
mi2,彌,
mi2,敉,
mi2,弭,
mi2,靡,
mi5,暝,
mi5,綿,
mi5,棉,
mi5,咪,
mi5,彌,
mi5,盲,
mi6,麵,
mi7,麵,
mia5,明,
mia5,名,
mia5,樠,
mia7,命,
miau1,喵,
miau5,苗,
miau7,妙,
mih4,物,
mih4,乜,
mih8,物,
mng2,晚,
mng5,門,
mng5,毛,
mng5,眠,
mng6,問,
mng7,問,
mngh8,物,
moo1,毛,
moo1,摸,
moo1,蟊,
moo2,某,
moo5,毛,
moo5,磨,
moo5,謀,
moo5,魔,
moo5,摩,
moo5,盲,
moo5,矛,
moo5,雺,
moo5,蘑,
moo5,旄,
moo5,髦,
moo7,冒,
moo7,耄,
mooh4,𢯾,
mooh4,瘼,
mooh8,膜,
mooh8,瘼,
mua1,幔,
mua2,滿,
mua5,明,
mua5,麻,
mua5,鰻,
mua5,瞞,
mua5,痲,
mua7,鴟,
mua7,蔓,
muai5,媒,
muai5,梅,
muai5,糜,
muai7,妹,
mue5,媒,
mue5,梅,
mue5,糜,
mue5,煤,
mue7,妹,
mui2,每,
mui5,門,
mui5,媒,
mui5,梅,
mui5,玫,
mui5,莓,
mui7,問,
na1,焦,
na2,若,
na2,那,
na2,怎,
na2,林,
na2,哪,
na2,拿,
na2,欖,
na2,娜,
na3,哪,
na3,爁,
na5,林,
na5,籃,
na5,藍,
na5,嚨,
na5,鐃,
na6,撈,
na7,若,
na7,但,
na7,撈,
na7,鴟,
na7,喏,
na7,吶,
nah4,爁,
nah4,凹,
nah8,鴟,
nai1,奶,
nai2,乃,
nai2,迺,
nai5,蓮,
nai6,荔,
nai7,奈,
nai7,耐,
nai7,賴,
nai7,荔,
nai7,鼐,
nau2,惱,
nau2,腦,
nau2,扭,
nau7,鬧,
nauh4,喃,
nauh4,嗕,
ne1,呢,
ne1,奶,
ne1,拈,
ne5,晾,
neh4,呢,
neh4,凹,
neh4,蛉,
neh4,躡,
ng1,央,
ng1,掩,
ng1,秧,
ng1,抰,
ng2,阮,
ng2,蔭,
ng2,捥,
ng2,鈗,
ng2,䘼,
ng3,向,
ng3,怏,
ng5,黃,
ng5,磺,
ng5,圇,
ng7,暈,
nga2,雅,
ngai2,研,
ngai7,礙,
ngai7,艾,
ngau2,咬,
ngau5,肴,
ngau5,爻,
ngau6,藕,
ngau7,樂,
ngau7,藕,
ngauh4,嗕,
nge2,雅,
nge7,硬,
ngeh4,夾,
ngeh4,莢,
ngeh4,鋏,
ngeh8,挾,
ngi6,硬,
ngi7,硬,
ngia5,迎,
ngiau1,喵,
ngiau1,擽,
ngiau2,撓,
ngiau3,抓,
ngiauh8,蟯,
ngiu2,扭,
ngoo2,我,
ngoo2,五,
ngoo2,午,
ngoo2,偶,
ngoo2,伍,
ngoo2,忤,
ngoo2,仵,
ngoo2,𩵱,
ngoo5,哦,
ngoo5,吳,
ngoo5,吾,
ngoo5,鵝,
ngoo5,蜈,
ngoo5,娥,
ngoo5,俄,
ngoo5,梧,
ngoo5,娛,
ngoo5,遨,
ngoo5,峨,
ngoo7,誤,
ngoo7,悟,
ngoo7,傲,
ngoo7,臥,
ngoo7,晤,
ngueh4,夾,
ngueh4,莢,
ngui2,研,
ni1,呢,
ni1,奶,
ni1,拈,
ni1,蠳,
ni2,你,
ni2,爾,
ni2,耳,
ni2,染,
ni2,彌,
ni2,邇,
ni5,呢,
ni5,年,
ni5,連,
ni5,尼,
ni5,彌,
ni5,哖,
ni5,簾,
ni5,泥,
ni5,妮,
ni5,怩,
ni7,爾,
ni7,莉,
nia2,領,
nia2,嶺,
nia5,娘,
nia5,孃,
nia7,爾,
nia7,但,
nia7,陵,
niau1,貓,
niau1,喵,
niau2,鳥,
niau2,爪,
niau3,抓,
nih4,呢,
nih4,蜢,
nih4,𥍉,
nih4,蛉,
nih4,躡,
nioo2,兩,
nioo5,量,
nioo5,糧,
nioo5,梁,
nioo5,樑,
nioo7,量,
nioo7,讓,
niu2,兩,
niu2,扭,
niu2,紐,
niu5,娘,
niu5,量,
niu5,涼,
niu5,糧,
niu5,梁,
niu5,樑,
niu5,孃,
niu7,量,
niu7,讓,
niuh4,抅,
nng1,軁,
nng2,軟,
nng2,懍,
nng3,軁,
nng5,郎,
nng5,榔,
nng5,圇,
nng5,瓤,
nng6,兩,
nng6,卵,
nng7,兩,
nng7,卵,
nng7,瓤,
noo2,老,
noo2,惱,
noo2,腦,
noo2,弩,
noo5,挪,
noo7,怒,
noo7,蕗,
noo7,懦,
noo7,耨,
nua2,怎,
nua2,撋,
nua3,躽,
nua5,欄,
nua5,攔,
nua6,爛,
nua6,瀾,
nua7,爛,
nua7,瀾,
nua7,懶,
nua7,僆,
nui2,軟,
nui3,軁,
nui5,圇,
nui7,卵,
o1,阿,
o1,呵,
o1,吪,
o1,窩,
o1,媧,
o1,蒿,
o1,萵,
o3,奧,
o3,澳,
o3,懊,
o3,薁,
o5,吪,
o5,蚵,
o5,嚆,
oh4,僫,
oh4,薁,
oh4,嗷,
oh8,學,
ok4,惡,
ok4,握,
ok4,屋,
ok4,渥,
om1,掩,
om7,茂,
ong1,翁,
ong1,汪,
ong2,往,
ong2,枉,
ong5,王,
ong7,旺,
onn1,唔,
onn1,嗚,
onn2,哦,
onn3,惡,
onn3,噁,
onn7,哦,
oo1,阿,
oo1,烏,
oo1,區,
oo1,污,
oo1,謳,
oo1,嗚,
oo1,鷗,
oo1,塢,
oo1,鄔,
oo1,槔,
oo1,鎢,
oo2,挖,
oo2,嘔,
oo3,偓,
oo5,湖,
oo5,胡,
oo5,蝴,
oo5,壺,
oo5,瑚,
oo5,盂,
oo6,芋,
oo7,芋,
ooh4,囉,
ooh4,喔,
op4,喔,
or1,呵,
or1,吪,
or3,薁,
or5,蚵,
orh4,僫,
orh8,學,
pa1,爸,
pa1,巴,
pa1,吧,
pa1,笆,
pa1,芭,
pa1,疤,
pa1,羓,
pa1,𢼌,
pa2,飽,
pa2,把,
pa3,把,
pa3,霸,
pa3,豹,
pa3,壩,
pa5,爸,
pa5,琶,
pa7,爸,
pa7,罷,
pah4,百,
pah4,爸,
pah4,叭,
pai1,俳,
pai2,擺,
pai2,跛,
pai2,瘸,
pai3,拜,
pai5,排,
pai5,牌,
pai5,徘,
pai5,棑,
pai5,俳,
pai7,敗,
pai7,憊,
painn2,擺,
painn2,反,
painn2,跛,
pak4,北,
pak4,腹,
pak4,剝,
pak4,幅,
pak8,縛,
pak8,贌,
pan1,班,
pan1,般,
pan1,斑,
pan1,扳,
pan1,頒,
pan2,反,
pan2,版,
pan2,板,
pan2,阪,
pan2,闆,
pan2,舨,
pan5,便,
pan5,貧,
pan5,瓶,
pan6,扮,
pan7,辦,
pan7,貧,
pan7,範,
pan7,扮,
pan7,瓣,
pang1,幫,
pang1,枋,
pang1,板,
pang1,封,
pang1,邦,
pang1,崩,
pang2,綁,
pang3,放,
pang5,房,
pang5,縫,
pang5,馮,
pang5,龐,
pang7,棒,
pang7,蚌,
pat4,八,
pat4,腹,
pat4,捌,
pat8,別,
pat8,菝,
pau1,包,
pau1,胞,
pau1,苞,
pau1,鮑,
pau2,飽,
pau3,豹,
pau5,包,
pau5,庖,
pau7,鮑,
pe1,飛,
pe1,扒,
pe1,桮,
pe1,菠,
pe2,把,
pe2,掰,
pe2,靶,
pe3,敝,
pe3,陛,
pe3,弊,
pe3,閉,
pe3,蔽,
pe3,壩,
pe3,幣,
pe3,褙,
pe5,爬,
pe5,扒,
pe5,賠,
pe5,耙,
pe5,琶,
pe5,杷,
pe6,爸,
pe7,爸,
pe7,倍,
pe7,揹,
pe7,耙,
pe7,敝,
pe7,焙,
pe7,斃,
peh4,百,
peh4,八,
peh4,伯,
peh4,擘,
peh4,柏,
peh4,𬦰,
peh8,白,
peh8,帛,
penn1,扳,
penn1,繃,
penn3,柄,
penn5,平,
penn5,坪,
penn5,棚,
penn7,病,
per1,飛,
per1,菠,
per2,掰,
per3,背,
per5,賠,
per6,培,
per6,倍,
per6,焙,
per7,倍,
per7,焙,
pha1,拋,
pha1,葩,
pha1,鮊,
pha1,脬,
pha3,怕,
pha3,帕,
pha7,疱,
phah4,拍,
phai2,歹,
phai3,派,
phai3,沛,
phai3,湃,
phai3,霈,
phainn2,歹,
phainn6,揹,
phainn7,揹,
phak4,覆,
phak4,仆,
phak8,曝,
phan1,攀,
phan3,盼,
phan3,襻,
phang1,芳,
phang1,蜂,
phang2,紡,
phang2,麭,
phang3,胖,
phang5,帆,
phang5,捀,
phang5,篷,
phang6,縫,
phang7,縫,
phann1,拋,
phann3,怕,
phann3,冇,
phann7,怦,
phann7,奅,
phat4,腹,
phau1,拋,
phau2,跑,
phau3,泡,
phau3,炮,
phau3,砲,
phau3,雹,
phau5,跑,
phau5,袍,
phau7,抱,
phau7,雹,
phauh8,雹,
phe1,批,
phe1,胚,
phe1,坯,
phe2,䫌,
phe2,襞,
phe3,配,
phe3,帕,
phe3,杮,
phe3,媲,
phe5,皮,
phe7,被,
phe7,稗,
pheh8,沫,
phenn1,伻,
phenn5,坪,
phenn5,澎,
phenn5,彭,
phenn7,怦,
pher1,胚,
pher3,配,
pher3,杮,
pher5,皮,
pher6,被,
pher7,被,
pherh8,沫,
phi1,批,
phi1,漂,
phi1,披,
phi1,丕,
phi1,砒,
phi1,紕,
phi2,否,
phi2,痞,
phi2,漂,
phi2,鄙,
phi2,疕,
phi3,譬,
phi3,屁,
phi5,皮,
phi5,脾,
phi5,疲,
phi6,鼻,
phi7,鼻,
phi7,沬,
phiah4,避,
phiah4,僻,
phiah4,癖,
phiah8,癖,
phiah8,甓,
phiak4,擗,
phiak8,擗,
phian1,偏,
phian1,篇,
phian1,翩,
phian3,騙,
phian3,片,
phian3,遍,
phian5,蹁,
phiang7,龐,
phiann1,骿,
phiann1,缾,
phiann1,抨,
phiann2,鉼,
phiann5,坪,
phiat4,撇,
phiat4,𥐵,
phiat4,瞥,
phiau1,標,
phiau1,飄,
phiau1,漂,
phiau1,飆,
phiau2,殍,
phiau3,票,
phiau3,漂,
phiau5,嫖,
phih4,躄,
phih8,咇,
phik4,拍,
phik4,伯,
phik4,泊,
phik4,魄,
phik4,碧,
phik4,霹,
phik4,辟,
phik4,劈,
phik4,璧,
phik4,珀,
phin2,品,
phin2,𥰔,
phin3,牝,
phin5,蹁,
phin7,乒,
phing1,拼,
phing1,烹,
phing1,砰,
phing1,娉,
phing1,姘,
phing3,聘,
phing5,平,
phing5,評,
phing5,坪,
phing5,彭,
phing5,蘋,
phing5,鵬,
phing5,萍,
phing5,苹,
phing5,枰,
phing5,硼,
phing7,並,
phinn1,偏,
phinn1,篇,
phinn3,片,
phinn5,澎,
phinn5,彭,
phinn5,砒,
phinn7,鼻,
phinn7,怦,
phio3,票,
phio3,漂,
phio5,薸,
phio5,瓢,
phior3,票,
phior5,薸,
phit4,匹,
phngh4,嗙,
pho1,波,
pho1,泡,
pho1,坡,
pho1,麩,
pho2,頗,
pho3,破,
pho3,泡,
pho5,葡,
pho6,抱,
pho7,部,
pho7,抱,
phoh4,朴,
phoh4,樸,
phoh4,駁,
phoh4,粕,
phoh4,璞,
phok4,扑,
phok4,博,
phok4,噗,
phok4,撲,
phok4,樸,
phok4,搏,
phok4,粕,
phok4,觳,
phok4,璞,
phok8,曝,
phok8,泡,
phok8,簿,
phok8,噗,
phok8,瀑,
phong1,豐,
phong2,幫,
phong2,捧,
phong2,磅,
phong3,膨,
phong3,碰,
phong3,椪,
phong5,蘋,
phong5,蓬,
phong5,篷,
phong5,膀,
phong7,乓,
phong7,蘋,
phong7,蓬,
phong7,滂,
phoo1,膚,
phoo1,鋪,
phoo1,麩,
phoo2,普,
phoo2,剖,
phoo2,譜,
phoo2,輔,
phoo2,浦,
phoo2,溥,
phoo3,舖,
phoo5,扶,
phoo5,菩,
phoo6,簿,
phoo7,簿,
phoo7,廍,
phoo7,皰,
phor1,波,
phor3,破,
phor3,泡,
phor5,葡,
phor7,抱,
phorh4,粕,
phu2,殕,
phu5,浮,
phu5,葡,
phu5,垺,
phu5,芙,
phu5,烰,
phu7,浡,
phua3,破,
phua3,販,
phuah4,潑,
phuah8,袚,
phuan1,潘,
phuan1,藩,
phuan3,泮,
phuan5,盤,
phuan5,磐,
phuan5,蟠,
phuan7,伴,
phuann1,潘,
phuann3,判,
phuann3,販,
phuann6,伴,
phuann7,伴,
phuat4,潑,
phue1,批,
phue1,胚,
phue1,坯,
phue2,䫌,
phue3,配,
phue3,佩,
phue3,杮,
phue5,皮,
phue6,稗,
phue7,被,
phue7,稗,
phueh8,沫,
phuh4,浦,
phuh8,浦,
phuh8,浡,
phui2,䫌,
phui3,屁,
phui3,呸,
phun1,潘,
phun1,奔,
phun2,翸,
phun3,噴,
phun5,盆,
phun5,墳,
phut4,刜,
phut4,怫,
phut8,𧿳,
pi1,悲,
pi1,啡,
pi1,埤,
pi1,卑,
pi1,碑,
pi1,陂,
pi1,螕,
pi1,豍,
pi1,觱,
pi2,彼,
pi2,比,
pi2,庇,
pi2,妣,
pi2,匕,
pi3,費,
pi3,庇,
pi3,秘,
pi3,祕,
pi3,痺,
pi3,閉,
pi3,臂,
pi3,泌,
pi3,痹,
pi3,畀,
pi5,皮,
pi5,脾,
pi5,琵,
pi5,枇,
pi5,毗,
pi5,啤,
pi7,被,
pi7,備,
pi7,俾,
pi7,避,
pi7,婢,
piah4,壁,
piah4,弊,
piah4,噼,
piak4,煏,
piak8,擗,
pian1,邊,
pian1,編,
pian1,鞭,
pian1,扳,
pian2,扁,
pian2,匾,
pian2,蝙,
pian2,諞,
pian2,貶,
pian3,變,
pian3,遍,
pian5,胼,
pian5,駢,
pian6,辯,
pian7,便,
pian7,辨,
pian7,辯,
pian7,卞,
pian7,辮,
pian7,汴,
piang3,迸,
piann1,抨,
piann2,餅,
piann2,丙,
piann3,拚,
piann3,摒,
piann5,平,
piat4,別,
piat4,逼,
piat4,鱉,
piat8,別,
piau1,標,
piau1,鑣,
piau2,表,
piau2,婊,
piau2,裱,
pih4,鱉,
pih4,湢,
pih4,撆,
pih4,馝,
pik4,百,
pik4,壁,
pik4,伯,
pik4,迫,
pik4,逼,
pik4,柏,
pik4,璧,
pik8,白,
pik8,帛,
pik8,闢,
pik8,舶,
pik8,愎,
pin1,冰,
pin1,檳,
pin1,賓,
pin1,濱,
pin1,彬,
pin1,繽,
pin1,斌,
pin1,殯,
pin1,儐,
pin1,鑌,
pin2,扁,
pin2,稟,
pin2,鉼,
pin2,箅,
pin3,鬢,
pin3,篦,
pin5,貧,
pin5,屏,
pin5,憑,
pin5,頻,
pin5,嬪,
pin5,顰,
pin5,髕,
ping1,兵,
ping1,冰,
ping1,崩,
ping2,反,
ping2,餅,
ping2,炳,
ping2,丙,
ping2,秉,
ping2,邴,
ping3,柄,
ping3,併,
ping3,并,
ping5,平,
ping5,朋,
ping5,爿,
ping5,坪,
ping5,棚,
ping5,屏,
ping5,憑,
ping5,秤,
ping5,瓶,
ping5,鵬,
ping5,枰,
ping5,硼,
ping7,病,
ping7,並,
pinn1,邊,
pinn1,編,
pinn1,鞭,
pinn1,繃,
pinn1,揙,
pinn2,扁,
pinn3,變,
pinn3,柄,
pinn5,平,
pinn5,坪,
pinn5,棚,
pinn6,病,
pinn7,病,
pinn7,辮,
pio1,標,
pio1,漂,
pio1,鏢,
pio2,表,
pio2,錶,
pio7,鰾,
pior2,錶,
pit4,伯,
pit4,必,
pit4,筆,
pit4,畢,
pit8,弼,
piu1,彪,
png1,方,
png1,幫,
png1,楓,
png2,本,
png2,榜,
png6,飯,
png7,飯,
png7,傍,
po1,褒,
po1,玻,
po1,菠,
po2,保,
po2,寶,
po2,堡,
po2,葆,
po2,褓,
po2,鴇,
po3,報,
po3,播,
po5,婆,
po5,葡,
po5,捗,
po7,抱,
po7,暴,
poh4,卜,
poh4,駁,
poh8,薄,
poh8,箔,
pok4,卜,
pok4,北,
pok4,剝,
pok4,噗,
pok4,暴,
pok4,駁,
pok8,薄,
pok8,泊,
pok8,僕,
pok8,暴,
pok8,爆,
pok8,瀑,
pok8,蔔,
pok8,礡,
pong2,榜,
pong3,謗,
pong3,嗙,
pong5,房,
pong5,旁,
pong5,螃,
pong5,篷,
pong5,膀,
pong5,徬,
pong6,磅,
pong7,磅,
pong7,碰,
pong7,傍,
pong7,蓬,
pong7,泵,
pong7,滂,
pong7,鎊,
poo1,埔,
poo1,晡,
poo1,蜅,
poo1,埠,
poo2,補,
poo2,脯,
poo2,斧,
poo2,捕,
poo3,布,
poo3,播,
poo3,佈,
poo3,傅,
poo3,怖,
poo5,脯,
poo5,蒲,
poo5,捗,
poo5,痡,
poo5,裒,
poo5,酺,
poo6,步,
poo6,哺,
poo6,捗,
poo7,步,
poo7,部,
poo7,哺,
poo7,捕,
poo7,捗,
poo7,埠,
por1,褒,
por1,玻,
por2,保,
por2,寶,
por3,報,
por5,婆,
porh8,薄,
pu1,捗,
pu1,哹,
pu2,斧,
pu3,富,
pu5,葡,
pu5,匏,
pu5,垺,
pu5,炰,
pu5,瓠,
pu6,婦,
pu6,孵,
pu7,婦,
pu7,孵,
pua3,簸,
puah4,撥,
puah4,缽,
puah8,跋,
puah8,拔,
puah8,鈸,
puan1,搬,
puan1,般,
puan3,半,
puan3,絆,
puan5,盤,
puan7,叛,
puan7,畔,
puann1,搬,
puann1,般,
puann2,阪,
puann2,魬,
puann3,半,
puann3,絆,
puann3,簸,
puann5,盤,
puann5,磐,
puann6,拌,
puann7,拌,
puannh8,拔,
puat4,撥,
puat4,缽,
puat8,跋,
puat8,拔,
puat8,菝,
puat8,鈸,
pue1,飛,
pue1,杯,
pue1,桮,
pue1,菠,
pue1,盃,
pue2,掰,
pue3,背,
pue3,輩,
pue3,貝,
pue3,褙,
pue3,珮,
pue5,陪,
pue5,培,
pue5,賠,
pue5,裴,
pue7,背,
pue7,培,
pue7,倍,
pue7,佩,
pue7,狽,
pue7,桮,
pue7,焙,
pue7,悖,
pue7,珮,
pue7,蓓,
pueh4,八,
pueh4,捌,
pueh8,拔,
puh4,不,
puh4,發,
puh4,普,
pui3,痱,
pui5,肥,
pui5,揆,
pui6,吠,
pui7,吠,
puih8,拔,
puinn1,方,
puinn2,反,
puinn7,飯,
pun1,分,
pun1,檳,
pun1,奔,
pun2,本,
pun2,扁,
pun3,糞,
pun3,畚,
pun3,笨,
pun5,貧,
pun5,歕,
pun7,笨,
pun7,畚,
put4,不,
put4,抔,
put4,柫,
put8,佛,
put8,菝,
put8,勃,
put8,渤,
sa1,沙,
sa1,紗,
sa1,捎,
sa1,莎,
sa1,柵,
sa2,灑,
sa3,嗄,
sah4,嗄,
sah8,煠,
sai1,師,
sai1,西,
sai1,司,
sai1,獅,
sai1,私,
sai1,犀,
sai1,揌,
sai2,使,
sai2,屎,
sai2,史,
sai2,駛,
sai3,使,
sai3,婿,
sai3,賽,
sai3,塞,
sai5,饞,
sai6,姒,
sai7,似,
sai7,侍,
sai7,祀,
sai7,姒,
sak4,捒,
sam1,三,
sam1,衫,
sam1,參,
sam1,杉,
sam1,舢,
sam2,糝,
sam3,三,
sam3,搧,
sam3,鬖,
sam3,毿,
sam5,儳,
sam7,儳,
san1,山,
san1,星,
san1,珊,
san1,鉎,
san1,姍,
san1,刪,
san1,芟,
san1,跚,
san1,潸,
san2,散,
san2,產,
san2,瘦,
san2,鏟,
san3,散,
san3,傘,
san3,汕,
san3,疝,
sang1,雙,
sang1,鬆,
sang2,桑,
sang2,聳,
sang3,送,
sang3,宋,
sann1,三,
sann1,相,
sann1,衫,
sann2,啥,
sannh4,啥,
sannh4,煞,
sannh4,喢,
sap4,雪,
sap4,屑,
sap4,圾,
sap4,卅,
sap4,霎,
sap4,颯,
sat4,煞,
sat4,殺,
sat4,撒,
sat4,虱,
sat4,塞,
sat4,蝨,
sat4,捒,
sat4,薩,
sau1,梢,
sau1,踃,
sau3,掃,
sau3,嗽,
sau3,哨,
se1,西,
se1,沙,
se1,梳,
se1,砂,
se1,紗,
se1,疏,
se1,蔬,
se1,犀,
se1,裟,
se2,洗,
se2,黍,
se3,世,
se3,細,
se3,勢,
se3,婿,
se3,賽,
se3,誓,
se3,稅,
se3,洒,
se5,垂,
se7,誓,
se7,筮,
se7,噬,
seh4,說,
seh4,雪,
seh4,楔,
seh8,踅,
senn1,生,
senn1,牲,
senn1,鉎,
senn1,鍟,
senn3,性,
senn3,姓,
ser3,稅,
sere1,梳,
sere2,洗,
sere2,黍,
sere3,細,
sereh4,楔,
serh4,說,
serh4,雪,
serh8,踅,
serm1,參,
serm1,森,
si1,師,
si1,思,
si1,西,
si1,詩,
si1,書,
si1,司,
si1,絲,
si1,屍,
si1,施,
si1,私,
si1,鷥,
si1,噓,
si1,尸,
si1,窸,
si2,死,
si2,始,
si2,矢,
si3,四,
si3,世,
si3,勢,
si3,試,
si3,施,
si3,肆,
si3,弒,
si5,時,
si5,辭,
si5,匙,
si6,是,
si7,是,
si7,市,
si7,示,
si7,視,
si7,序,
si7,寺,
si7,氏,
si7,嶼,
si7,祀,
si7,豉,
si7,蒔,
si7,窸,
si7,恃,
si7,嗜,
si7,諡,
sia1,賒,
sia1,奢,
sia1,畬,
sia2,寫,
sia2,捨,
sia3,舍,
sia3,赦,
sia3,卸,
sia3,瀉,
sia5,蛇,
sia5,邪,
sia5,斜,
sia5,佘,
sia6,社,
sia6,謝,
sia6,射,
sia7,社,
sia7,謝,
sia7,射,
sia7,榭,
sia7,𣛮,
sia7,麝,
siah4,削,
siah4,錫,
siah4,嗇,
siah8,石,
siah8,夕,
siah8,杓,
siah8,勺,
siak4,摔,
siak4,鑠,
siam1,纖,
siam1,䀐,
siam2,閃,
siam2,陝,
siam3,滲,
siam5,尋,
siam5,禪,
siam5,蟾,
siam7,贍,
sian1,身,
sian1,先,
sian1,仙,
sian1,鮮,
sian1,鉎,
sian2,仙,
sian2,鮮,
sian2,銑,
sian2,癬,
sian3,扇,
sian3,搧,
sian3,煽,
sian5,蟬,
sian5,禪,
sian5,涎,
sian5,嬋,
sian6,鱔,
sian7,單,
sian7,善,
sian7,羨,
sian7,禪,
sian7,鱔,
sian7,腎,
sian7,𤺪,
sian7,擅,
sian7,膳,
sian7,蟮,
sian7,繕,
siang1,相,
siang1,雙,
siang3,相,
siang3,性,
siang3,摔,
siang5,詳,
siang5,誰,
siang5,𫝛,
siang7,上,
siang7,𫝛,
siann1,聲,
siann2,啥,
siann3,聖,
siann5,成,
siann5,城,
siann5,唌,
siann6,𣛮,
siann7,盛,
siann7,𣛮,
siannh4,啥,
siap4,塞,
siap4,澀,
siap4,卌,
siap4,屧,
siap4,燮,
siap4,懾,
siap8,涉,
siap8,洩,
siat4,設,
siat4,削,
siat4,泄,
siat4,褻,
siat8,舌,
siau1,燒,
siau1,消,
siau1,宵,
siau1,痟,
siau1,銷,
siau1,蕭,
siau1,逍,
siau1,霄,
siau1,簫,
siau1,瀟,
siau1,硝,
siau2,小,
siau2,少,
siau2,痟,
siau2,篠,
siau3,笑,
siau3,少,
siau3,數,
siau3,肖,
siau3,哨,
siau3,嘯,
siau5,潲,
siau5,韶,
siau7,紹,
siau7,邵,
siau7,篠,
siau7,劭,
sih4,薛,
sih4,爍,
sih4,蟋,
sih8,蝕,
sih8,窸,
sik4,色,
sik4,識,
sik4,惜,
sik4,式,
sik4,適,
sik4,息,
sik4,室,
sik4,索,
sik4,穡,
sik4,析,
sik4,釋,
sik4,塞,
sik4,錫,
sik4,悉,
sik4,昔,
sik4,碩,
sik4,飾,
sik4,媳,
sik4,瑟,
sik4,嗇,
sik4,蟋,
sik8,食,
sik8,石,
sik8,熟,
sik8,殖,
sik8,席,
sik8,蓆,
sik8,夕,
sik8,碩,
sik8,汐,
sik8,矽,
sik8,蝕,
sim1,心,
sim1,深,
sim1,參,
sim1,森,
sim1,芯,
sim2,嬸,
sim2,沈,
sim2,審,
sim2,瀋,
sim3,滲,
sim3,㽎,
sim5,尋,
sim5,忱,
sim5,潯,
sim5,諶,
sim7,甚,
sim7,愖,
sim7,葚,
sin1,身,
sin1,新,
sin1,先,
sin1,伸,
sin1,辛,
sin1,紳,
sin1,申,
sin1,薪,
sin1,呻,
sin1,娠,
sin1,蟮,
sin1,莘,
sin2,哂,
sin2,矧,
sin3,信,
sin3,訊,
sin3,囟,
sin3,迅,
sin5,神,
sin5,臣,
sin5,承,
sin5,蠅,
sin5,辰,
sin5,丞,
sin5,晨,
sin5,宸,
sin7,象,
sin7,剩,
sin7,慎,
sin7,蟮,
sin7,腎,
sing1,生,
sing1,身,
sing1,聲,
sing1,先,
sing1,星,
sing1,牲,
sing1,勝,
sing1,升,
sing1,昇,
sing1,僧,
sing1,甥,
sing1,猩,
sing1,陞,
sing1,芟,
sing1,笙,
sing1,惺,
sing2,省,
sing2,醒,
sing3,性,
sing3,姓,
sing3,聖,
sing3,勝,
sing5,成,
sing5,城,
sing5,誠,
sing5,承,
sing5,繩,
sing5,乘,
sing5,丞,
sing7,倖,
sing7,盛,
sing7,晟,
sing7,剩,
sing7,乘,
sinn1,生,
sinn1,牲,
sinn1,鉎,
sinn1,鍟,
sinn3,性,
sinn3,姓,
sinn3,扇,
sinn6,豉,
sinn7,豉,
sinnh4,爍,
sio1,相,
sio1,燒,
sio1,蕭,
sio2,小,
sio2,瘦,
sio3,鞘,
sio5,荍,
sio7,邵,
sioh4,惜,
sioh8,液,
siok4,叔,
siok4,粟,
siok4,宿,
siok4,寂,
siok4,淑,
siok4,縮,
siok4,肅,
siok4,菽,
siok4,夙,
siok8,續,
siok8,俗,
siok8,熟,
siok8,屬,
siok8,觸,
siok8,贖,
siok8,塾,
siok8,鐲,
siok8,蜀,
siok8,孰,
siong1,相,
siong1,傷,
siong1,箱,
siong1,商,
siong1,崧,
siong1,襄,
siong1,鑲,
siong1,湘,
siong1,觴,
siong1,淞,
siong1,菘,
siong1,嵩,
siong1,殤,
siong1,驤,
siong2,想,
siong2,上,
siong2,尚,
siong2,象,
siong2,賞,
siong2,償,
siong2,慫,
siong2,悚,
siong3,相,
siong3,象,
siong3,宋,
siong5,常,
siong5,詳,
siong5,松,
siong5,祥,
siong5,榕,
siong5,裳,
siong5,嫦,
siong5,嘗,
siong5,翔,
siong5,償,
siong5,庠,
siong7,相,
siong7,上,
siong7,像,
siong7,尚,
siong7,象,
siong7,剩,
siong7,誦,
siong7,頌,
siong7,訟,
sionn1,相,
sionn1,傷,
sionn1,箱,
sionn2,賞,
sionn2,鯗,
sionn3,相,
sionn5,𣻸,
sionn7,想,
sionn7,尚,
sionn7,象,
sior1,相,
sior1,燒,
sior2,小,
sior5,潲,
sip4,溼,
sip8,十,
sip8,習,
sip8,拾,
sip8,襲,
sip8,汐,
sir1,師,
sir1,軀,
sir1,書,
sir1,司,
sir1,斯,
sir1,噓,
sir3,四,
sir5,徐,
sir5,嗣,
sir5,殊,
sir5,蜍,
sir6,事,
sir6,士,
sir6,嶼,
sir7,事,
sir7,士,
sir7,嶼,
sir7,噓,
sit4,失,
sit4,式,
sit4,息,
sit4,穡,
sit4,蝕,
sit4,熄,
sit4,瑟,
sit4,膝,
sit8,食,
sit8,實,
sit8,殖,
sit8,植,
sit8,翼,
siu1,相,
siu1,收,
siu1,修,
siu1,羞,
siu1,脩,
siu1,饈,
siu2,手,
siu2,守,
siu2,首,
siu2,帚,
siu3,秀,
siu3,宿,
siu3,繡,
siu3,獸,
siu3,袖,
siu3,鞘,
siu3,狩,
siu3,琇,
siu3,銹,
siu3,鏽,
siu5,泅,
siu5,仇,
siu5,囚,
siu5,酬,
siu5,酋,
siu5,讎,
siu6,壽,
siu6,岫,
siu7,受,
siu7,壽,
siu7,授,
siu7,岫,
siu7,售,
siu7,綬,
siunn1,相,
siunn1,傷,
siunn1,箱,
siunn1,廂,
siunn2,賞,
siunn2,鯗,
siunn3,相,
siunn5,囚,
siunn5,𣻸,
siunn6,想,
siunn6,受,
siunn6,尚,
siunn7,想,
siunn7,受,
siunn7,尚,
siunn7,象,
sng1,孫,
sng1,酸,
sng1,霜,
sng1,拴,
sng1,桑,
sng1,痠,
sng1,喪,
sng1,栓,
sng1,芟,
sng2,爽,
sng2,損,
sng2,耍,
sng2,恂,
sng3,算,
sng3,擤,
sng3,繏,
sng5,床,
so1,挲,
so1,莎,
so1,梭,
so1,唆,
so1,蓑,
so1,騷,
so1,搔,
so1,嗦,
so1,娑,
so1,鮻,
so2,嫂,
so2,鎖,
so2,瑣,
so3,掃,
so3,埽,
so3,燥,
so3,躁,
so5,趖,
so7,唆,
soh4,索,
soh4,噪,
sok4,束,
sok4,宿,
sok4,速,
sok4,縮,
sok4,肅,
sok4,塑,
sok4,朔,
sok4,鋉,
sok8,槊,
som1,參,
som1,森,
song1,雙,
song1,參,
song1,鬆,
song1,霜,
song1,桑,
song1,喪,
song1,瀧,
song1,孀,
song2,爽,
song2,松,
song3,送,
song3,宋,
song3,喪,
song5,倯,
soo1,穌,
soo1,梳,
soo1,蘇,
soo1,疏,
soo1,酥,
soo1,搜,
soo1,舒,
soo1,蔬,
soo1,蒐,
soo1,甦,
soo2,所,
soo2,瘦,
soo2,叟,
soo2,藪,
soo3,數,
soo3,素,
soo3,疏,
soo3,訴,
soo3,溯,
soo3,泝,
sor1,挲,
sor2,嫂,
sor2,鎖,
sor3,掃,
sor3,埽,
sor3,燥,
sor5,趖,
sorh4,索,
sorh4,噪,
su1,師,
su1,思,
su1,軀,
su1,書,
su1,輸,
su1,司,
su1,需,
su1,須,
su1,私,
su1,鬚,
su1,斯,
su1,舒,
su1,噓,
su1,樞,
su1,胥,
su1,姝,
su1,紓,
su2,死,
su2,使,
su2,屎,
su2,始,
su2,史,
su2,駛,
su2,徙,
su2,暑,
su2,署,
su2,璽,
su3,四,
su3,思,
su3,使,
su3,賜,
su3,肆,
su3,庶,
su3,恕,
su3,泗,
su3,伺,
su3,駟,
su3,絮,
su3,戍,
su5,詞,
su5,辭,
su5,緒,
su5,嗣,
su5,殊,
su5,祠,
su7,是,
su7,事,
su7,樹,
su7,士,
su7,序,
su7,似,
su7,嶼,
su7,豎,
su7,侍,
su7,緒,
su7,祀,
su7,嗣,
su7,噓,
su7,敘,
su7,署,
su7,仕,
su7,巳,
su7,姒,
su7,俟,
su7,曙,
sua1,沙,
sua1,砂,
sua1,紗,
sua1,鯊,
sua1,痧,
sua2,徙,
sua3,紲,
sua7,沙,
sua7,倏,
suah4,煞,
suah4,撒,
suah4,漱,
suai1,衰,
suainn6,檨,
suainn7,檨,
suan1,酸,
suan1,宣,
suan1,拴,
suan1,旋,
suan1,珊,
suan1,喧,
suan1,訕,
suan1,漩,
suan1,瑄,
suan2,選,
suan3,算,
suan3,蒜,
suan3,涮,
suan5,船,
suan5,旋,
suan5,璇,
suan5,璿,
suan6,璇,
suan7,檨,
suan7,璇,
suan7,訕,
suan7,漩,
suann1,山,
suann2,散,
suann3,散,
suann3,線,
suann3,傘,
suann3,汕,
suat4,說,
suat4,雪,
suat4,刷,
suat4,鱈,
sue1,梳,
sue1,衰,
sue1,蔬,
sue2,洗,
sue2,黍,
sue3,細,
sue3,說,
sue3,歲,
sue3,稅,
sue3,帥,
sue3,涗,
sue5,垂,
sueh4,說,
sueh4,楔,
suh4,斯,
suh4,欶,
sui1,雖,
sui1,衰,
sui1,蓑,
sui1,荽,
sui1,綏,
sui1,祟,
sui1,繐,
sui1,𦉎,
sui1,眭,
sui2,水,
sui2,媠,
sui3,帥,
sui5,隨,
sui5,誰,
sui5,垂,
sui5,箠,
sui5,隋,
sui5,椹,
sui5,陲,
sui6,遂,
sui7,遂,
sui7,瑞,
sui7,穗,
sui7,睡,
sui7,隧,
sui7,燧,
sui7,邃,
sui7,繐,
suinn1,酸,
suinn1,荽,
suinn2,損,
suinn3,算,
sun1,孫,
sun1,珣,
sun1,蓀,
sun2,損,
sun2,筍,
sun2,榫,
sun2,恂,
sun3,舜,
sun3,瞬,
sun3,遜,
sun3,巽,
sun5,巡,
sun5,純,
sun5,唇,
sun5,循,
sun5,旬,
sun5,馴,
sun5,詢,
sun5,殉,
sun5,淳,
sun5,醇,
sun5,荀,
sun5,絢,
sun5,洵,
sun5,峋,
sun5,錞,
sun7,順,
sun7,循,
sut4,屑,
sut4,捽,
sut4,率,
sut4,蟀,
sut4,戌,
sut4,恤,
sut8,術,
sut8,述,
sut8,噓,
sut8,捽,
sut8,朮,
sut8,窣,
ta1,大,
ta1,查,
ta1,奈,
ta1,焦,
ta1,礁,
ta1,噍,
ta2,打,
ta2,佗,
ta2,卓,
ta3,罩,
ta7,咑,
tah4,佗,
tah4,答,
tah4,搭,
tah4,貼,
tah4,咑,
tah8,踏,
tai1,呆,
tai1,鮘,
tai1,秮,
tai2,歹,
tai2,滓,
tai3,代,
tai3,帶,
tai3,戴,
tai5,台,
tai5,臺,
tai5,埋,
tai5,檯,
tai5,𩸙,
tai5,𧉟,
tai6,𩸙,
tai7,大,
tai7,代,
tai7,事,
tai7,待,
tai7,臺,
tai7,袋,
tai7,逮,
tai7,怠,
tai7,舵,
tai7,貸,
tai7,殆,
tai7,𩸙,
tai7,黛,
tai7,岱,
tai7,迨,
tainn2,刐,
tainn7,橂,
tainn7,𠕇,
tak4,觸,
tak4,擉,
tak4,倬,
tak8,逐,
tak8,獨,
tak8,觸,
tak8,濁,
tak8,碡,
tak8,濯,
tak8,擉,
tam1,擔,
tam1,耽,
tam1,眈,
tam1,啖,
tam2,膽,
tam3,頕,
tam3,踮,
tam5,談,
tam5,澹,
tam5,譚,
tam7,淡,
tam7,澹,
tam7,湛,
tam7,啖,
tan1,單,
tan1,釘,
tan1,丹,
tan1,砃,
tan1,癉,
tan2,等,
tan2,刐,
tan3,旦,
tan3,擲,
tan3,誕,
tan3,蛋,
tan5,陳,
tan5,彈,
tan5,壇,
tan5,霆,
tan5,檀,
tan7,但,
tan7,彈,
tan7,誕,
tan7,憚,
tan7,橂,
tang1,當,
tang1,東,
tang1,冬,
tang1,噹,
tang1,苳,
tang1,胴,
tang2,董,
tang2,懂,
tang3,當,
tang3,凍,
tang3,㨂,
tang3,棟,
tang5,同,
tang5,銅,
tang5,童,
tang5,筒,
tang5,桐,
tang5,僮,
tang5,胴,
tang6,重,
tang7,動,
tang7,重,
tann1,今,
tann1,擔,
tann1,焦,
tann1,礁,
tann2,打,
tann2,膽,
tann3,擔,
tann3,呾,
tann5,耽,
tann7,淡,
tap4,答,
tap4,搭,
tap8,踏,
tap8,沓,
tat8,值,
tat8,達,
tat8,笛,
tau1,兜,
tau1,掜,
tau2,倒,
tau2,斗,
tau2,觸,
tau2,篤,
tau3,到,
tau3,鬥,
tau3,罩,
tau3,晝,
tau5,投,
tau5,骰,
tau6,脰,
tau6,骰,
tau7,讀,
tau7,豆,
tau7,棹,
tau7,脰,
tau7,痘,
tauh4,篤,
tauh8,沓,
te1,茶,
te1,嗲,
te1,炱,
te1,秪,
te1,氐,
te2,底,
te2,抵,
te2,短,
te2,貯,
te2,柢,
te2,牴,
te2,砥,
te2,詆,
te3,地,
te3,塊,
te3,帝,
te3,戴,
te3,綴,
te3,締,
te3,渧,
te3,諦,
te5,茶,
te5,題,
te5,蹄,
te6,弟,
te7,地,
te7,代,
te7,第,
te7,弟,
te7,袋,
te7,苧,
te7,娣,
te7,遞,
te7,悌,
te7,棣,
te7,睇,
teh4,咧,
teh4,啄,
teh4,硩,
teh4,嗲,
tenn1,蹬,
tenn3,佯,
tenn3,瞪,
tenn7,鄭,
tenn7,捏,
ter1,炱,
ter2,短,
ter3,地,
ter3,塊,
ter3,戴,
ter3,綴,
ter6,袋,
ter7,袋,
tere2,底,
tere5,題,
tere5,蹄,
tere7,地,
tere7,苧,
terh4,啄,
tha3,挓,
tha3,詫,
thah4,塔,
thah4,榻,
thah8,疊,
thai1,颱,
thai1,胎,
thai1,篩,
thai1,苔,
thai2,體,
thai2,癩,
thai3,太,
thai3,態,
thai3,泰,
thai3,汰,
thai3,呔,
thai5,刣,
thai5,邰,
thai7,待,
thai7,態,
thak4,剔,
thak4,擉,
thak8,讀,
tham1,貪,
tham1,坍,
tham3,探,
tham5,潭,
tham5,痰,
tham5,蠶,
tham5,曇,
tham5,罈,
tham5,譚,
tham5,覃,
tham5,鐔,
tham7,窞,
than1,攤,
than1,蟶,
than1,灘,
than2,坦,
than2,毯,
than2,袒,
than2,妲,
than2,疸,
than3,趁,
than3,探,
than3,嘆,
than3,歎,
than5,彈,
thang1,通,
thang1,窗,
thang1,熥,
thang2,桶,
thang3,痛,
thang3,迵,
thang5,蟲,
thang5,鶶,
thang7,筩,
thann1,他,
thann2,坦,
thann2,挺,
thann7,娗,
thap4,塔,
thap4,塌,
thap4,榻,
that4,踢,
that4,撻,
that4,窒,
that4,躂,
thau1,偷,
thau2,敨,
thau3,透,
thau5,頭,
thau5,調,
thau6,毒,
thau7,毒,
the1,推,
the1,胎,
the1,梯,
the1,撐,
the1,釵,
the1,䖙,
the2,體,
the3,替,
the3,退,
the3,涕,
the5,提,
the5,啼,
the5,堤,
the5,緹,
the7,䖳,
theh4,裼,
theh8,提,
theh8,宅,
thenn1,撐,
thenn1,䖙,
thenn3,牚,
ther1,推,
ther1,胎,
ther3,退,
there3,替,
thi1,黐,
thi1,麶,
thi2,恥,
thi2,褫,
thi3,剃,
thi5,啼,
thi5,苔,
thi7,雉,
thiah4,拆,
thiam1,添,
thiam2,忝,
thiam2,諂,
thiam7,填,
thian1,天,
thian1,顛,
thian2,展,
thian2,腆,
thiann1,聽,
thiann1,廳,
thiann3,疼,
thiann5,程,
thiann7,侹,
thiap4,貼,
thiap4,帖,
thiap8,疊,
thiat4,鐵,
thiat4,哲,
thiat4,徹,
thiat4,撤,
thiat4,澈,
thiat4,餮,
thiau1,挑,
thiau1,刁,
thiau1,超,
thiau2,挑,
thiau2,窕,
thiau3,跳,
thiau3,糶,
thiau5,鮡,
thiau7,柱,
thiau7,祧,
thiau7,𤶃,
thih4,鐵,
thih8,喋,
thik4,踢,
thik4,畜,
thik4,斥,
thik4,敕,
thik4,忒,
thik4,惕,
thik4,剔,
thik4,倜,
thik4,飭,
thik8,宅,
thim1,鴆,
thim1,琛,
thim3,頕,
thin5,斟,
thin7,伨,
thing1,聽,
thing1,廳,
thing1,撐,
thing1,瞠,
thing2,逞,
thing2,寵,
thing2,挺,
thing2,艇,
thing2,騁,
thing3,聽,
thing5,停,
thing5,程,
thing5,呈,
thing5,騰,
thing5,霆,
thing5,謄,
thinn1,天,
thinn1,添,
thinn3,牚,
thinn6,紩,
thinn7,紩,
thio1,偷,
thio1,抽,
thio1,挑,
thio3,糶,
thio5,頭,
thiok4,畜,
thiok4,蓄,
thiok4,矗,
thiong1,衷,
thiong1,忡,
thiong2,寵,
thiong2,塚,
thiong2,昶,
thiong2,冢,
thiong3,暢,
thiong5,蟲,
thior3,糶,
thior5,頭,
thior5,趒,
thir5,儲,
thit4,𨑨,
thiu1,抽,
thiu1,鞦,
thiu1,紬,
thiu2,丑,
thiunn2,丑,
thng1,湯,
thng3,褪,
thng3,燙,
thng5,傳,
thng5,糖,
thng6,熥,
thng7,杖,
thng7,碭,
thng7,熥,
tho1,拖,
tho1,叨,
tho1,饕,
tho1,韜,
tho2,討,
tho2,橢,
tho3,透,
tho3,套,
tho3,妥,
tho3,唾,
tho5,頭,
tho5,桃,
tho5,迌,
tho5,砣,
thoh4,魠,
thoh8,倒,
thok4,託,
thok4,托,
thok4,拓,
thok4,籜,
thok4,戳,
thok8,讀,
thong1,通,
thong1,湯,
thong1,蓪,
thong1,鏜,
thong2,統,
thong2,捅,
thong2,帑,
thong2,儻,
thong3,痛,
thong7,緟,
thoo2,土,
thoo2,吐,
thoo3,透,
thoo3,吐,
thoo3,兔,
thoo5,頭,
thoo5,塗,
thoo5,涂,
thoo5,凃,
thor2,討,
thor5,頭,
thor5,桃,
thor5,迌,
thu2,貯,
thu2,苧,
thu2,杵,
thu2,褚,
thua1,拖,
thua6,汰,
thua7,汰,
thua7,豸,
thuah4,脫,
thuah4,屜,
thuah4,獺,
thuah4,挩,
thuan1,湍,
thuan5,傳,
thuan5,團,
thuann1,攤,
thuann1,灘,
thuann2,剷,
thuann3,炭,
thuann3,湠,
thuann3,碳,
thuat4,脫,
thue2,體,
thue3,替,
thue3,退,
thueh4,裼,
thueh8,提,
thuh4,托,
thuh4,拓,
thuh4,禿,
thuh4,黜,
thuh4,魠,
thui1,推,
thui1,梯,
thui2,腿,
thui3,蛻,
thui5,槌,
thui5,錘,
thuinn3,褪,
thuinn5,傳,
thuinn7,熥,
thun1,吞,
thun1,椿,
thun2,𧿬,
thun5,屯,
thun5,豚,
thun5,黗,
thun5,臀,
thun7,坉,
thut4,脫,
thut4,禿,
thut4,黜,
thut8,脫,
thut8,突,
ti1,知,
ti1,豬,
ti1,蜘,
ti1,諸,
ti1,呧,
ti2,抵,
ti2,邸,
ti2,牴,
ti2,砥,
ti3,致,
ti3,智,
ti3,置,
ti3,戴,
ti3,緻,
ti3,蒂,
ti5,除,
ti5,持,
ti5,池,
ti5,遲,
ti5,鋤,
ti5,苔,
ti5,枇,
ti5,馳,
ti5,墀,
ti5,箎,
ti6,弟,
ti6,痔,
ti7,佇,
ti7,地,
ti7,底,
ti7,己,
ti7,弟,
ti7,治,
ti7,箸,
ti7,緻,
ti7,滯,
ti7,稚,
ti7,峙,
ti7,痔,
ti7,彘,
tia1,爹,
tiah4,摘,
tiah8,糴,
tiak4,擉,
tiak8,糴,
tiak8,擉,
tiam1,砧,
tiam2,點,
tiam3,店,
tiam3,踮,
tiam3,玷,
tiam5,沉,
tiam7,恬,
tiam7,墊,
tian1,顛,
tian1,滇,
tian1,癲,
tian2,展,
tian2,典,
tian2,輾,
tian5,田,
tian5,纏,
tian5,填,
tian5,闐,
tian7,電,
tian7,殿,
tian7,淀,
tian7,佃,
tian7,奠,
tian7,甸,
tian7,鈿,
tiang5,誰,
tiann2,鼎,
tiann3,碇,
tiann5,庭,
tiann5,埕,
tiann7,定,
tiann7,碇,
tiann7,錠,
tiann7,萣,
tiap4,霎,
tiap8,貼,
tiap8,蝶,
tiap8,碟,
tiap8,諜,
tiap8,揲,
tiap8,牒,
tiat4,哲,
tiat8,迭,
tiat8,跌,
tiat8,秩,
tiat8,帙,
tiat8,轍,
tiau1,調,
tiau1,朝,
tiau1,刁,
tiau1,潮,
tiau1,凋,
tiau1,雕,
tiau1,貂,
tiau1,鯛,
tiau1,鵰,
tiau3,調,
tiau3,吊,
tiau3,釣,
tiau3,召,
tiau3,弔,
tiau3,窵,
tiau5,條,
tiau5,調,
tiau5,朝,
tiau5,牢,
tiau5,潮,
tiau5,迢,
tiau5,晁,
tiau7,調,
tiau7,掉,
tiau7,召,
tiau7,兆,
tiau7,肇,
tih4,滴,
tih4,咧,
tih8,碟,
tih8,挃,
tik4,的,
tik4,得,
tik4,竹,
tik4,德,
tik4,滴,
tik4,摘,
tik4,蟋,
tik4,嫡,
tik4,謫,
tik8,的,
tik8,直,
tik8,特,
tik8,值,
tik8,敵,
tik8,澤,
tik8,擇,
tik8,糴,
tik8,狄,
tik8,軸,
tik8,笛,
tik8,翟,
tik8,荻,
tik8,滌,
tik8,迪,
tik8,妯,
tim3,抌,
tim3,頕,
tim3,掂,
tim5,沉,
tim7,朕,
tim7,燖,
tin1,珍,
tin1,津,
tin1,徵,
tin2,振,
tin2,戥,
tin3,鎮,
tin5,陳,
tin5,藤,
tin5,塵,
tin5,籐,
tin6,陣,
tin7,陣,
ting1,中,
ting1,燈,
ting1,丁,
ting1,釘,
ting1,登,
ting1,叮,
ting1,徵,
ting1,町,
ting1,玎,
ting1,楨,
ting1,疔,
ting1,汀,
ting1,癥,
ting2,頂,
ting2,等,
ting2,鼎,
ting2,戥,
ting3,中,
ting3,釘,
ting3,叮,
ting3,訂,
ting3,鐙,
ting5,重,
ting5,程,
ting5,庭,
ting5,藤,
ting5,亭,
ting5,廷,
ting5,滕,
ting5,澄,
ting5,霆,
ting5,婷,
ting5,懲,
ting5,葶,
ting5,澂,
ting6,定,
ting6,橂,
ting6,𠕇,
ting7,定,
ting7,鄭,
ting7,訂,
ting7,碇,
ting7,錠,
ting7,橂,
ting7,鄧,
ting7,𠕇,
tinn1,甜,
tinn1,蹬,
tinn3,佯,
tinn3,瞪,
tinn5,纏,
tinn6,滇,
tinn6,捏,
tinn7,鄭,
tinn7,滇,
tinn7,捏,
tinnh8,挃,
tio2,斗,
tio3,釣,
tio5,投,
tio5,潮,
tio5,趒,
tio7,就,
tio7,豆,
tio7,趙,
tio7,癜,
tioh4,擢,
tioh8,著,
tioh8,就,
tiok4,竹,
tiok4,竺,
tiok8,著,
tiok8,逐,
tiok8,築,
tiok8,妯,
tiok8,筑,
tiong1,中,
tiong1,張,
tiong1,忠,
tiong2,長,
tiong3,中,
tiong3,帳,
tiong3,漲,
tiong3,脹,
tiong5,長,
tiong5,重,
tiong5,場,
tiong5,腸,
tiong7,重,
tiong7,丈,
tiong7,仲,
tiong7,杖,
tiong7,仗,
tionn1,張,
tionn2,長,
tionn3,帳,
tionn3,漲,
tionn3,脹,
tionn5,場,
tionn7,丈,
tior3,釣,
tiorh8,著,
tir1,豬,
tir5,除,
tir5,鋤,
tir6,佇,
tir6,箸,
tir7,佇,
tir7,箸,
tit4,得,
tit8,直,
tit8,值,
tit8,植,
tit8,姪,
tit8,蟄,
tiu1,丟,
tiu2,肘,
tiu3,晝,
tiu5,稠,
tiu5,綢,
tiu5,躊,
tiu5,籌,
tiu5,疇,
tiu5,惆,
tiu5,儔,
tiu7,稻,
tiu7,紂,
tiu7,宙,
tiu7,冑,
tiu7,胄,
tiuh4,搐,
tiunn1,張,
tiunn2,長,
tiunn3,帳,
tiunn3,漲,
tiunn3,脹,
tiunn5,場,
tiunn6,丈,
tiunn7,丈,
tng1,當,
tng1,張,
tng2,轉,
tng2,返,
tng3,當,
tng3,頓,
tng5,長,
tng5,傳,
tng5,堂,
tng5,腸,
tng5,唐,
tng5,塘,
tng6,斷,
tng6,盪,
tng7,斷,
tng7,丈,
tng7,蕩,
tng7,盪,
tng7,搪,
to1,都,
to1,多,
to1,刀,
to1,哆,
to2,倒,
to2,佗,
to2,島,
to2,禱,
to3,到,
to3,倒,
to5,桃,
to5,逃,
to5,萄,
to5,陀,
to5,陶,
to5,廚,
to5,駝,
to5,濤,
to5,淘,
to5,跎,
to5,砣,
to5,沱,
to5,鉈,
to5,鴕,
to5,啕,
to5,馱,
to5,燾,
to7,就,
to7,道,
to7,稻,
to7,導,
to7,惰,
to7,盜,
to7,舵,
to7,悼,
to7,蹈,
to7,墮,
toh4,佗,
toh4,桌,
toh4,卓,
toh8,著,
toh8,就,
tok4,督,
tok4,啄,
tok4,斲,
tok4,卓,
tok4,篤,
tok4,琢,
tok4,剁,
tok4,㧻,
tok4,倬,
tok8,度,
tok8,毒,
tok8,獨,
tok8,濁,
tok8,瀆,
tok8,犢,
tok8,鐸,
tok8,牘,
tom5,丼,
tong1,當,
tong1,中,
tong1,東,
tong1,冬,
tong1,鐺,
tong2,黨,
tong2,董,
tong2,懂,
tong2,檔,
tong3,當,
tong3,凍,
tong3,擋,
tong3,棟,
tong3,侗,
tong3,檔,
tong5,同,
tong5,堂,
tong5,童,
tong5,唐,
tong5,棠,
tong5,筒,
tong5,塘,
tong5,桐,
tong5,佟,
tong5,僮,
tong5,瞳,
tong5,幢,
tong5,螳,
tong5,彤,
tong5,烔,
tong5,潼,
tong6,動,
tong7,動,
tong7,洞,
tong7,撞,
tong7,蕩,
tong7,盪,
tong7,慟,
too1,都,
too2,肚,
too2,斗,
too2,島,
too2,堵,
too2,賭,
too2,睹,
too3,鬥,
too3,鬪,
too3,妒,
too3,𪐞,
too3,蠹,
too5,塗,
too5,途,
too5,圖,
too5,徒,
too5,陀,
too5,廚,
too5,屠,
too5,濤,
too5,砣,
too5,涂,
too5,荼,
too6,度,
too6,肚,
too6,杜,
too7,讀,
too7,度,
too7,豆,
too7,肚,
too7,渡,
too7,杜,
too7,竇,
too7,荳,
too7,蹈,
too7,鍍,
too7,痘,
tooh4,桌,
tor1,多,
tor1,刀,
tor2,倒,
tor2,佗,
tor2,島,
tor3,倒,
tor5,桃,
tor5,萄,
tor5,駝,
torh4,佗,
torh4,桌,
torh8,著,
tsa1,查,
tsa1,昨,
tsa1,臢,
tsa2,早,
tsa3,炸,
tsa3,詐,
tsa3,祚,
tsa3,榨,
tsa3,蚱,
tsa7,乍,
tsah4,炸,
tsah4,紮,
tsah4,扎,
tsah8,昨,
tsah8,閘,
tsah8,鍘,
tsai1,知,
tsai1,栽,
tsai1,災,
tsai1,哉,
tsai1,齋,
tsai2,早,
tsai2,指,
tsai2,宰,
tsai3,再,
tsai3,載,
tsai3,債,
tsai3,哉,
tsai5,才,
tsai5,財,
tsai5,材,
tsai5,臍,
tsai5,儕,
tsai6,在,
tsai7,在,
tsainn2,怎,
tsainn2,指,
tsainn2,載,
tsainn2,宰,
tsainn2,滓,
tsainn5,前,
tsak4,齪,
tsak8,嗾,
tsam1,針,
tsam1,沾,
tsam1,簪,
tsam1,臢,
tsam2,斬,
tsam2,嶄,
tsam3,蹔,
tsam6,鏨,
tsam7,站,
tsam7,鏨,
tsam7,塹,
tsan1,曾,
tsan1,罾,
tsan1,齻,
tsan2,指,
tsan2,盞,
tsan2,讚,
tsan3,層,
tsan3,贊,
tsan3,讚,
tsan3,棧,
tsan5,前,
tsan5,層,
tsan5,殘,
tsan5,孱,
tsan7,贊,
tsang1,鬃,
tsang1,棕,
tsang1,鯮,
tsang1,㨑,
tsang2,總,
tsang2,摠,
tsang3,粽,
tsang5,欉,
tsang5,灇,
tsang5,叢,
tsann2,斬,
tsann3,乍,
tsann7,㨻,
tsap4,汁,
tsap4,紮,
tsap8,十,
tsap8,拾,
tsap8,雜,
tsap8,咂,
tsat4,節,
tsat4,紮,
tsat4,札,
tsat8,實,
tsat8,賊,
tsau1,糟,
tsau1,蹧,
tsau1,鄒,
tsau1,㷮,
tsau2,走,
tsau2,蚤,
tsau3,灶,
tsau3,奏,
tsau3,竈,
tsau5,齊,
tsau5,巢,
tsau5,剿,
tsau6,找,
tsau7,找,
tse1,這,
tse1,災,
tse1,齋,
tse1,劑,
tse1,渣,
tse1,躋,
tse2,姊,
tse2,姐,
tse3,這,
tse3,濟,
tse3,齊,
tse3,祭,
tse3,制,
tse3,債,
tse3,製,
tse3,際,
tse3,晬,
tse3,劑,
tse3,𤺅,
tse3,霽,
tse5,齊,
tse5,臍,
tse5,蠐,
tse7,濟,
tse7,坐,
tse7,罪,
tse7,座,
tse7,睡,
tse7,寨,
tseh4,節,
tseh4,績,
tseh4,仄,
tseh8,絕,
tsenn1,爭,
tsenn2,井,
tsenn2,阱,
tsenn3,諍,
tsenn5,晴,
tsenn7,靜,
tser1,災,
tser3,晬,
tser3,𤺅,
tser6,坐,
tser7,坐,
tser7,睡,
tsere3,做,
tsere3,𤺅,
tsere5,齊,
tsere7,濟,
tsereh4,節,
tserh8,絕,
tsha1,車,
tsha1,差,
tsha1,鎈,
tsha2,炒,
tsha2,吵,
tsha5,查,
tsha5,柴,
tsha7,喳,
tshah4,插,
tshah4,塔,
tshai1,差,
tshai1,猜,
tshai1,釵,
tshai2,彩,
tshai2,採,
tshai2,采,
tshai2,綵,
tshai2,踩,
tshai3,菜,
tshai5,才,
tshai5,柴,
tshai5,材,
tshai5,裁,
tshai5,豺,
tshai7,祀,
tshai7,𫞼,
tshainn2,筅,
tshak8,鑿,
tsham1,參,
tsham1,摻,
tsham1,攙,
tsham2,慘,
tsham3,摻,
tsham3,懺,
tsham3,讖,
tsham5,蠶,
tsham5,鐕,
tsham5,慚,
tsham5,讒,
tshan1,親,
tshan1,餐,
tshan1,韆,
tshan1,呻,
tshan1,潺,
tshan2,筅,
tshan3,燦,
tshan3,璨,
tshan5,田,
tshan5,殘,
tshan5,蠶,
tshang1,蔥,
tshang1,娼,
tshang2,氅,
tshang3,藏,
tshang3,聳,
tshann3,嚵,
tshann7,錚,
tshap4,插,
tshap8,㴙,
tshap8,眨,
tshat4,察,
tshat4,漆,
tshat4,擦,
tshat4,剎,
tshat4,檫,
tshat8,賊,
tshau1,抄,
tshau1,操,
tshau1,臊,
tshau1,鈔,
tshau2,草,
tshau2,炒,
tshau2,吵,
tshau3,臭,
tshau5,撨,
tshauh8,嘈,
tshe1,差,
tshe1,初,
tshe1,吹,
tshe1,妻,
tshe1,尺,
tshe1,叉,
tshe1,淒,
tshe1,炊,
tshe1,棲,
tshe1,腥,
tshe2,且,
tshe2,扯,
tshe2,髓,
tshe3,切,
tshe3,脆,
tshe3,粞,
tshe3,廁,
tshe3,摖,
tshe3,𤺅,
tshe5,箠,
tshe5,蠐,
tshe5,棰,
tshe5,䠡,
tshe7,坐,
tshe7,揣,
tsheh4,冊,
tsheh4,慼,
tsheh4,𤺅,
tsheh4,嘖,
tsheh8,𤺅,
tshenn1,生,
tshenn1,親,
tshenn1,青,
tshenn1,星,
tshenn1,腥,
tshenn1,菁,
tshenn1,鎈,
tshenn2,醒,
tshenn3,腥,
tsher1,吹,
tsher1,炊,
tsher2,髓,
tsher3,脆,
tsher5,箠,
tsher5,蠐,
tsher6,揣,
tsher7,揣,
tshere1,初,
tshere3,脆,
tshere3,粞,
tshereh4,慼,
tshi1,癡,
tshi1,悽,
tshi1,舒,
tshi1,腮,
tshi1,痴,
tshi1,鴟,
tshi1,凄,
tshi1,嗤,
tshi1,鰓,
tshi1,蛆,
tshi2,鼠,
tshi2,齒,
tshi2,侈,
tshi3,試,
tshi3,刺,
tshi3,熾,
tshi3,翅,
tshi3,莿,
tshi3,啻,
tshi5,持,
tshi5,徐,
tshi5,溡,
tshi6,飼,
tshi7,飼,
tshi7,市,
tshia1,車,
tshia1,捙,
tshia1,奢,
tshia5,斜,
tshiah4,赤,
tshiah4,刺,
tshiah4,鍤,
tshiak8,嚓,
tshiam1,籤,
tshiam1,簽,
tshiam1,攕,
tshiam1,殲,
tshiam2,攕,
tshiam3,塹,
tshiam3,僭,
tshian1,千,
tshian1,仙,
tshian1,遷,
tshian1,韆,
tshian1,仟,
tshian1,芊,
tshian1,阡,
tshian2,淺,
tshian2,闡,
tshian3,蒨,
tshian3,茜,
tshian5,錢,
tshian5,延,
tshian5,腸,
tshiang1,菖,
tshiang2,蹌,
tshiang3,唱,
tshiang3,倡,
tshiang5,常,
tshiang5,場,
tshiang5,腸,
tshiang5,沖,
tshiang5,橙,
tshiang5,長,
tshiang7,䢢,
tshiann2,請,
tshiann2,且,
tshiann3,倩,
tshiann5,成,
tshiann5,晟,
tshiap4,妾,
tshiap4,竊,
tshiat4,切,
tshiat4,掣,
tshiat4,竊,
tshiau1,操,
tshiau1,超,
tshiau1,搜,
tshiau1,鍬,
tshiau3,笑,
tshiau3,峭,
tshiau3,俏,
tshiau5,撨,
tshih4,𩑾,
tshih8,嗤,
tshih8,叱,
tshih8,蠘,
tshih8,揤,
tshik4,冊,
tshik4,赤,
tshik4,尺,
tshik4,粟,
tshik4,觸,
tshik4,策,
tshik4,測,
tshik4,慼,
tshik4,雀,
tshik4,戚,
tshik4,促,
tshik4,膝,
tshik4,柵,
tshik4,鵲,
tshik4,側,
tshik4,惻,
tshik4,廁,
tshik8,摵,
tshik8,踔,
tshim1,深,
tshim1,侵,
tshim1,鋟,
tshim2,寢,
tshim2,鋟,
tshim3,鋟,
tshim3,沁,
tshim5,岑,
tshim5,涔,
tshim5,鑱,
tshin1,親,
tshin1,嗔,
tshin1,瞋,
tshin3,凊,
tshin3,秤,
tshing1,親,
tshing1,青,
tshing1,清,
tshing1,千,
tshing1,稱,
tshing1,蜻,
tshing1,仟,
tshing1,琤,
tshing2,請,
tshing2,筅,
tshing2,蹌,
tshing2,惝,
tshing3,稱,
tshing3,衝,
tshing3,銃,
tshing3,凊,
tshing3,擤,
tshing3,熗,
tshing5,松,
tshing5,榕,
tshing6,穿,
tshing7,穿,
tshinn1,生,
tshinn1,親,
tshinn1,青,
tshinn1,清,
tshinn1,星,
tshinn1,鮮,
tshinn1,悽,
tshinn1,腥,
tshinn1,菁,
tshinn2,醒,
tshinn2,靘,
tshinn3,腥,
tshinn5,瀳,
tshio1,秋,
tshio1,𪁎,
tshio1,俏,
tshio3,笑,
tshio3,唱,
tshio3,,
tshio7,炤,
tshioh4,尺,
tshioh4,沢,
tshioh8,蓆,
tshiok4,觸,
tshiok4,雀,
tshiok4,促,
tshiok4,捉,
tshiok4,鵲,
tshiok4,綽,
tshiok4,蹴,
tshiok4,蹙,
tshiok8,浞,
tshiong1,從,
tshiong1,充,
tshiong1,衝,
tshiong1,沖,
tshiong1,昌,
tshiong1,縱,
tshiong1,倡,
tshiong1,鏘,
tshiong1,娼,
tshiong1,猖,
tshiong1,憧,
tshiong1,菖,
tshiong1,瑲,
tshiong1,閶,
tshiong2,搶,
tshiong2,縱,
tshiong3,唱,
tshiong3,縱,
tshiong3,倡,
tshiong5,牆,
tshiong5,墻,
tshiong5,戕,
tshiong5,嬙,
tshiong7,穿,
tshionn1,槍,
tshionn1,腔,
tshionn1,鯧,
tshionn2,搶,
tshionn2,廠,
tshionn3,唱,
tshionn5,牆,
tshionn5,颺,
tshionn7,上,
tshionn7,像,
tshionn7,象,
tshionn7,匠,
tshior1,秋,
tshior3,笑,
tshior3,唱,
tshiorh4,尺,
tshiorh8,蓆,
tship4,輯,
tship4,緝,
tshir1,舒,
tshir1,蛆,
tshir2,鼠,
tshir3,處,
tshir3,次,
tshit4,七,
tshit4,𨑨,
tshit4,拭,
tshit4,漆,
tshit4,叱,
tshit4,姼,
tshit4,柒,
tshiu1,秋,
tshiu1,鬚,
tshiu1,羞,
tshiu1,鶖,
tshiu1,鞦,
tshiu1,萩,
tshiu1,湫,
tshiu2,手,
tshiu2,醜,
tshiu2,帚,
tshiu5,楊,
tshiu5,愁,
tshiu5,揫,
tshiu6,樹,
tshiu7,上,
tshiu7,樹,
tshiunn1,槍,
tshiunn1,腔,
tshiunn1,鯧,
tshiunn2,搶,
tshiunn2,廠,
tshiunn3,唱,
tshiunn3,啾,
tshiunn5,楊,
tshiunn5,牆,
tshiunn5,颺,
tshiunn5,薔,
tshiunn6,上,
tshiunn6,象,
tshiunn6,匠,
tshiunn7,上,
tshiunn7,像,
tshiunn7,象,
tshiunn7,匠,
tshng1,穿,
tshng1,川,
tshng1,伸,
tshng1,倉,
tshng1,栓,
tshng1,瘡,
tshng1,艙,
tshng2,吮,
tshng3,串,
tshng3,竄,
tshng3,擤,
tshng5,床,
tsho1,操,
tsho1,臊,
tsho1,搓,
tsho1,蹉,
tsho1,磋,
tsho2,草,
tsho2,楚,
tsho3,錯,
tsho3,剉,
tsho3,操,
tsho3,噪,
tsho3,挫,
tsho3,糙,
tsho3,銼,
tshoh4,𧮙,
tshoh8,𧮙,
tshok4,錯,
tshok4,簇,
tshok4,撮,
tshok8,鑿,
tshong1,創,
tshong1,窗,
tshong1,聰,
tshong1,倉,
tshong1,蒼,
tshong1,瘡,
tshong1,匆,
tshong1,滄,
tshong1,艙,
tshong1,囪,
tshong1,璁,
tshong2,衝,
tshong3,創,
tshong3,愴,
tshong5,床,
tshoo1,初,
tshoo1,粗,
tshoo1,麤,
tshoo2,楚,
tshoo2,礎,
tshoo3,醋,
tshoo3,措,
tshor1,臊,
tshor2,草,
tshor3,剉,
tshor3,糙,
tshorh4,𧮙,
tshu1,舒,
tshu1,趨,
tshu1,趄,
tshu1,雌,
tshu1,樞,
tshu1,嵯,
tshu1,蛆,
tshu2,此,
tshu2,娶,
tshu2,處,
tshu2,鼠,
tshu2,取,
tshu3,厝,
tshu3,處,
tshu3,趣,
tshu3,次,
tshu3,淬,
tshu5,疵,
tshu6,跙,
tshu7,呲,
tshu7,跙,
tshu7,澍,
tshua3,蔡,
tshua6,娶,
tshua6,𤆬,
tshua7,娶,
tshua7,𤆬,
tshua7,泄,
tshuah4,掣,
tshuah4,疶,
tshuah4,礤,
tshuah8,斜,
tshuan1,穿,
tshuan1,川,
tshuan1,村,
tshuan1,詮,
tshuan1,釧,
tshuan1,荃,
tshuan1,悛,
tshuan1,筌,
tshuan2,喘,
tshuan2,舛,
tshuan3,串,
tshuan3,竄,
tshuan3,篡,
tshuan3,爨,
tshuan5,攢,
tshuang3,闖,
tshuann1,扦,
tshuann3,閂,
tshue1,初,
tshue1,吹,
tshue1,炊,
tshue2,髓,
tshue3,脆,
tshue3,粞,
tshue3,摖,
tshue5,箠,
tshue5,棰,
tshue7,揣,
tshueh4,慼,
tshuh4,覷,
tshuh4,焠,
tshuh4,眵,
tshui1,吹,
tshui1,推,
tshui1,衰,
tshui1,催,
tshui1,摧,
tshui1,崔,
tshui2,髓,
tshui3,喙,
tshui3,碎,
tshui3,翠,
tshui3,脆,
tshui3,粹,
tshui3,淬,
tshui3,焠,
tshuinn1,清,
tshuinn1,穿,
tshuinn1,川,
tshun1,春,
tshun1,村,
tshun1,伸,
tshun1,賰,
tshun1,鶉,
tshun2,蠢,
tshun2,忖,
tshun3,寸,
tshun3,吋,
tshun5,存,
tshun7,存,
tshut4,出,
tshut4,齣,
tshut4,猝,
tsi1,枝,
tsi1,之,
tsi1,支,
tsi1,脂,
tsi1,芝,
tsi1,膣,
tsi2,子,
tsi2,主,
tsi2,只,
tsi2,止,
tsi2,姊,
tsi2,煮,
tsi2,紙,
tsi2,指,
tsi2,旨,
tsi2,址,
tsi2,紫,
tsi2,梓,
tsi2,黹,
tsi2,趾,
tsi2,芷,
tsi2,咫,
tsi2,祉,
tsi3,誌,
tsi3,志,
tsi3,至,
tsi3,薦,
tsi3,摯,
tsi3,幟,
tsi5,薯,
tsi5,蜍,
tsi5,糍,
tsi5,鶿,
tsi5,薺,
tsi7,巳,
tsi7,舐,
tsia1,遮,
tsia1,嗟,
tsia2,者,
tsia2,姐,
tsia3,借,
tsia3,蔗,
tsia3,鷓,
tsia3,炙,
tsia5,遮,
tsia5,誰,
tsia7,謝,
tsiah4,這,
tsiah4,才,
tsiah4,隻,
tsiah4,遮,
tsiah4,赤,
tsiah4,脊,
tsiah4,跡,
tsiah4,藉,
tsiah4,睫,
tsiah8,食,
tsiah8,炸,
tsiam1,針,
tsiam1,尖,
tsiam1,占,
tsiam1,詹,
tsiam1,瞻,
tsiam1,簪,
tsiam1,鍼,
tsiam1,霑,
tsiam3,佔,
tsiam3,占,
tsiam3,僭,
tsiam5,潛,
tsiam7,漸,
tsiam7,暫,
tsian1,煎,
tsian1,餞,
tsian1,箋,
tsian2,剪,
tsian2,翦,
tsian3,箭,
tsian3,戰,
tsian3,薦,
tsian3,餞,
tsian3,荐,
tsian5,錢,
tsian5,前,
tsian7,賤,
tsian7,踐,
tsiang1,彰,
tsiang1,漳,
tsiang2,長,
tsiang2,掌,
tsiang2,獎,
tsiang3,將,
tsiang3,障,
tsiang7,偝,
tsiann1,正,
tsiann1,精,
tsiann2,汫,
tsiann3,正,
tsiann5,情,
tsiann5,成,
tsiann5,誠,
tsiann7,掙,
tsiap4,接,
tsiap4,汁,
tsiap8,捷,
tsiap8,睫,
tsiap8,婕,
tsiat4,節,
tsiat4,折,
tsiat4,浙,
tsiat8,捷,
tsiat8,截,
tsiau1,招,
tsiau1,蕉,
tsiau1,焦,
tsiau1,礁,
tsiau1,昭,
tsiau1,蹧,
tsiau1,椒,
tsiau1,釗,
tsiau2,鳥,
tsiau2,沼,
tsiau3,照,
tsiau3,醮,
tsiau3,詔,
tsiau5,齊,
tsiau5,樵,
tsiau5,憔,
tsih4,接,
tsih4,摺,
tsih8,舌,
tsih8,折,
tsik4,即,
tsik4,隻,
tsik4,則,
tsik4,叔,
tsik4,積,
tsik4,責,
tsik4,脊,
tsik4,折,
tsik4,跡,
tsik4,蹟,
tsik4,績,
tsik4,燭,
tsik4,爵,
tsik4,藉,
tsik4,擠,
tsik4,稷,
tsik4,唧,
tsik4,窄,
tsik4,昃,
tsik8,賊,
tsik8,寂,
tsik8,籍,
tsik8,疾,
tsik8,瘠,
tsim1,針,
tsim1,斟,
tsim1,唚,
tsim1,箴,
tsim2,嬸,
tsim2,枕,
tsim3,浸,
tsim5,蟳,
tsin1,真,
tsin1,珍,
tsin1,升,
tsin1,津,
tsin1,蓁,
tsin1,榛,
tsin1,甄,
tsin1,臻,
tsin1,溱,
tsin2,指,
tsin2,振,
tsin2,診,
tsin2,儘,
tsin2,拯,
tsin2,賑,
tsin2,疹,
tsin2,軫,
tsin2,稹,
tsin2,縝,
tsin3,進,
tsin3,盡,
tsin3,震,
tsin3,晉,
tsin3,縉,
tsin5,秦,
tsin5,繩,
tsin7,盡,
tsin7,儘,
tsin7,贐,
tsing1,精,
tsing1,鐘,
tsing1,爭,
tsing1,曾,
tsing1,增,
tsing1,舂,
tsing1,征,
tsing1,僧,
tsing1,貞,
tsing1,鍾,
tsing1,晶,
tsing1,偵,
tsing1,睛,
tsing1,菁,
tsing1,蒸,
tsing1,箏,
tsing1,旌,
tsing1,禎,
tsing1,憎,
tsing1,崢,
tsing1,鉦,
tsing2,種,
tsing2,指,
tsing2,整,
tsing2,井,
tsing2,腫,
tsing3,正,
tsing3,種,
tsing3,眾,
tsing3,政,
tsing3,證,
tsing3,症,
tsing3,諍,
tsing3,証,
tsing3,甑,
tsing5,情,
tsing5,前,
tsing5,從,
tsing5,層,
tsing5,曾,
tsing5,榕,
tsing5,晴,
tsing7,靜,
tsing7,淨,
tsing7,靖,
tsing7,贈,
tsing7,靚,
tsinn1,精,
tsinn1,爭,
tsinn1,晶,
tsinn1,氈,
tsinn1,櫼,
tsinn2,井,
tsinn2,阱,
tsinn2,茈,
tsinn3,箭,
tsinn3,諍,
tsinn3,糋,
tsinn3,搢,
tsinn5,錢,
tsinn5,簷,
tsinn6,舐,
tsinn7,舐,
tsio1,招,
tsio1,蕉,
tsio1,椒,
tsio2,走,
tsio2,少,
tsio3,照,
tsio3,奏,
tsio3,醮,
tsio3,皺,
tsio5,遮,
tsioh4,借,
tsioh4,藉,
tsioh4,襀,
tsioh8,石,
tsiok4,足,
tsiok4,屬,
tsiok4,祝,
tsiok4,酌,
tsiok4,燭,
tsiok4,粥,
tsiok4,爵,
tsiok4,灼,
tsiok4,芍,
tsiok4,囑,
tsiok4,矚,
tsiok8,嚼,
tsiong1,將,
tsiong1,鐘,
tsiong1,章,
tsiong1,彰,
tsiong1,終,
tsiong1,漳,
tsiong1,障,
tsiong1,鍾,
tsiong1,樟,
tsiong1,漿,
tsiong1,璋,
tsiong1,螿,
tsiong1,盅,
tsiong2,長,
tsiong2,種,
tsiong2,掌,
tsiong2,獎,
tsiong2,踵,
tsiong3,將,
tsiong3,種,
tsiong3,眾,
tsiong3,裝,
tsiong3,縱,
tsiong3,障,
tsiong3,瘴,
tsiong5,從,
tsiong7,狀,
tsionn1,章,
tsionn1,樟,
tsionn1,漿,
tsionn1,螿,
tsionn2,掌,
tsionn2,蔣,
tsionn2,槳,
tsionn3,醬,
tsionn7,上,
tsionn7,癢,
tsior1,招,
tsior1,蕉,
tsior1,椒,
tsior2,少,
tsior3,醮,
tsiorh8,石,
tsip4,執,
tsip4,楫,
tsip8,集,
tsip8,輯,
tsip8,緝,
tsip8,𠯗,
tsir1,書,
tsir2,子,
tsir2,煮,
tsir3,字,
tsir5,薯,
tsir5,蜍,
tsir6,自,
tsir7,字,
tsir7,自,
tsit4,這,
tsit4,得,
tsit4,職,
tsit4,質,
tsit4,脊,
tsit4,織,
tsit4,鯽,
tsit4,姪,
tsit4,桎,
tsit8,一,
tsit8,植,
tsit8,疾,
tsit8,嫉,
tsiu1,睭,
tsiu1,周,
tsiu1,州,
tsiu1,洲,
tsiu1,週,
tsiu1,啾,
tsiu1,舟,
tsiu2,酒,
tsiu2,守,
tsiu2,帚,
tsiu3,咒,
tsiu3,蛀,
tsiu7,就,
tsiu7,鷲,
tsiuh4,喌,
tsiunn1,章,
tsiunn1,樟,
tsiunn1,漿,
tsiunn1,螿,
tsiunn2,守,
tsiunn2,掌,
tsiunn2,蔣,
tsiunn2,槳,
tsiunn3,醬,
tsiunn5,裳,
tsiunn6,上,
tsiunn6,癢,
tsiunn7,上,
tsiunn7,癢,
tsng1,庄,
tsng1,裝,
tsng1,莊,
tsng1,磚,
tsng1,妝,
tsng1,粧,
tsng1,贓,
tsng2,指,
tsng3,鑽,
tsng5,全,
tsng6,旋,
tsng6,吮,
tsng7,狀,
tsng7,旋,
tsng7,臟,
tsng7,吮,
tsng7,舐,
tsng7,󸾯,
tso1,遭,
tso1,慒,
tso2,早,
tso2,左,
tso2,棗,
tso2,藻,
tso2,澡,
tso3,做,
tso3,灶,
tso3,佐,
tso3,縐,
tso5,槽,
tso5,曹,
tso5,艚,
tso7,坐,
tso7,造,
tso7,座,
tso7,嘈,
tso7,皂,
tsoh4,作,
tsoh4,昨,
tsoh8,昨,
tsok4,作,
tsok4,足,
tsok8,族,
tsok8,鏃,
tsong1,宗,
tsong1,裝,
tsong1,莊,
tsong1,妝,
tsong1,粧,
tsong1,蹤,
tsong1,綜,
tsong1,贓,
tsong1,樁,
tsong1,臧,
tsong2,總,
tsong3,葬,
tsong3,壯,
tsong3,綜,
tsong5,藏,
tsong5,叢,
tsong5,崇,
tsong5,傱,
tsong5,淙,
tsong5,琮,
tsong7,狀,
tsong7,藏,
tsong7,臟,
tsong7,奘,
tsoo1,組,
tsoo1,租,
tsoo1,鄒,
tsoo2,走,
tsoo2,祖,
tsoo2,阻,
tsoo2,俎,
tsoo3,奏,
tsoo3,皺,
tsoo3,祚,
tsoo5,雛,
tsoo7,助,
tsoo7,驟,
tsor2,棗,
tsor3,做,
tsor5,槽,
tsor5,曹,
tsorh4,昨,
tsorh8,昨,
tsu1,書,
tsu1,珠,
tsu1,資,
tsu1,滋,
tsu1,朱,
tsu1,諸,
tsu1,茲,
tsu1,株,
tsu1,姿,
tsu1,孜,
tsu1,誅,
tsu1,喌,
tsu1,硃,
tsu1,茱,
tsu1,諮,
tsu1,狙,
tsu1,咨,
tsu1,洙,
tsu1,雎,
tsu1,錙,
tsu2,仔,
tsu2,子,
tsu2,主,
tsu2,此,
tsu2,煮,
tsu2,咀,
tsu2,梓,
tsu3,注,
tsu3,註,
tsu3,蛀,
tsu3,鑄,
tsu3,駐,
tsu3,恣,
tsu5,薯,
tsu5,慈,
tsu5,蜍,
tsu5,磁,
tsu5,喌,
tsu5,茨,
tsu7,就,
tsu7,字,
tsu7,自,
tsu7,住,
tsu7,柱,
tsu7,聚,
tsu7,駐,
tsu7,沮,
tsu7,苴,
tsu9,喌,
tsua2,紙,
tsua2,笊,
tsua5,蛇,
tsua6,誓,
tsua6,逝,
tsua7,誓,
tsua7,逝,
tsuah4,泏,
tsuah8,差,
tsuah8,縒,
tsuah8,蚻,
tsuainn7,跩,
tsuan1,專,
tsuan1,磚,
tsuan1,顓,
tsuan2,轉,
tsuan2,賺,
tsuan2,纂,
tsuan3,鑽,
tsuan5,全,
tsuan5,泉,
tsuan5,銓,
tsuan6,轉,
tsuan7,轉,
tsuan7,撰,
tsuan7,饌,
tsuan7,雋,
tsuann1,煎,
tsuann2,怎,
tsuann2,盞,
tsuann3,炸,
tsuann5,泉,
tsuann5,殘,
tsuann7,濺,
tsuat4,拙,
tsuat4,泏,
tsuat4,撮,
tsuat8,絕,
tsue3,做,
tsue3,最,
tsue3,贅,
tsue3,𤺅,
tsue5,齊,
tsue6,濟,
tsue7,濟,
tsue7,罪,
tsue7,睡,
tsueh4,節,
tsueh8,截,
tsuh4,泏,
tsui1,錐,
tsui1,椎,
tsui1,鵻,
tsui1,脽,
tsui1,隹,
tsui2,水,
tsui3,醉,
tsui5,誰,
tsui5,𠞩,
tsui7,誰,
tsui7,悴,
tsui7,萃,
tsui7,瘁,
tsuinn1,磚,
tsuinn2,指,
tsuinn3,鑽,
tsuinn5,全,
tsuinn7,旋,
tsuinn7,吮,
tsun1,尊,
tsun1,遵,
tsun1,蹲,
tsun1,諄,
tsun1,樽,
tsun2,準,
tsun2,准,
tsun2,撙,
tsun3,俊,
tsun3,圳,
tsun3,駿,
tsun3,峻,
tsun3,顫,
tsun3,竣,
tsun3,浚,
tsun3,濬,
tsun5,前,
tsun5,船,
tsun5,存,
tsun6,陣,
tsun6,捘,
tsun7,陣,
tsun7,捘,
tsut4,卒,
tsut4,朒,
tsut8,捽,
tsut8,朮,
tsut8,秫,
tu1,豬,
tu1,蛛,
tu1,株,
tu1,攄,
tu1,㧣,
tu2,拄,
tu3,著,
tu3,注,
tu3,滯,
tu5,除,
tu5,鋤,
tu5,廚,
tu5,櫥,
tu5,躇,
tu5,儲,
tu7,佇,
tu7,箸,
tu7,嘟,
tu7,駐,
tu7,杼,
tua3,帶,
tua3,蹛,
tua6,大,
tua7,大,
tua7,舵,
tuah4,掇,
tuah8,掇,
tuan1,端,
tuan2,短,
tuan3,斷,
tuan3,鍛,
tuan5,傳,
tuan7,傳,
tuan7,斷,
tuan7,段,
tuan7,緞,
tuan7,篆,
tuann1,單,
tuann1,端,
tuann1,蛋,
tuann3,旦,
tuann5,彈,
tuann5,壇,
tuann5,檀,
tuann6,彈,
tuann6,惰,
tuann7,段,
tuann7,彈,
tuann7,惰,
tuat4,綴,
tuat4,掇,
tuat4,輟,
tuat8,奪,
tue2,底,
tue2,貯,
tue3,綴,
tue5,題,
tue5,蹄,
tue5,頹,
tue6,地,
tue7,地,
tue7,苧,
tue7,兌,
tuh4,盹,
tuh4,揬,
tuh8,揬,
tui1,堆,
tui1,追,
tui3,對,
tui3,碓,
tui5,鎚,
tui5,搥,
tui5,捶,
tui6,墜,
tui7,隊,
tui7,墜,
tui7,兌,
tui7,墮,
tui7,懟,
tuinn2,轉,
tuinn3,頓,
tuinn7,斷,
tun1,屯,
tun1,敦,
tun1,墩,
tun1,鈍,
tun1,鶉,
tun1,惇,
tun2,盾,
tun2,囤,
tun3,頓,
tun3,鈍,
tun3,噸,
tun5,唇,
tun5,屯,
tun5,脣,
tun7,屯,
tun7,遁,
tun7,鈍,
tun7,沌,
tun7,燉,
tut4,咄,
tut8,突,
tut8,凸,
u1,烏,
u1,污,
u1,迂,
u1,汙,
u1,趺,
u2,雨,
u2,與,
u2,污,
u2,宇,
u2,寓,
u2,羽,
u2,癒,
u2,禹,
u3,汙,
u3,焐,
u3,澳,
u5,予,
u5,於,
u5,餘,
u5,歟,
u5,余,
u5,于,
u5,瑜,
u5,盂,
u5,臾,
u5,諛,
u5,輿,
u5,渝,
u5,妤,
u5,竽,
u5,雩,
u5,榆,
u5,逾,
u5,覦,
u5,圍,
u6,有,
u7,有,
u7,芋,
u7,預,
u7,譽,
u7,豫,
ua1,哇,
ua1,蛙,
ua1,娃,
ua2,倚,
ua2,瓦,
ua5,何,
uah8,活,
uai1,歪,
uaih4,𨂿,
uainn2,碗,
uainn2,𨂿,
uainn7,椏,
uainnh4,𨂿,
uainnh8,𨂿,
uak9,呱,
uan1,灣,
uan1,冤,
uan1,彎,
uan1,鴛,
uan1,芫,
uan1,蜿,
uan2,遠,
uan2,宛,
uan2,玩,
uan2,苑,
uan2,腕,
uan2,婉,
uan2,皖,
uan2,琬,
uan2,菀,
uan3,怨,
uan3,惋,
uan5,灣,
uan5,園,
uan5,員,
uan5,圓,
uan5,完,
uan5,丸,
uan5,猿,
uan5,芫,
uan5,垣,
uan5,袁,
uan5,爰,
uan5,轅,
uan5,紈,
uan7,院,
uan7,緩,
uan7,援,
uan7,媛,
uan7,浣,
uan7,瑗,
uang1,嚾,
uann1,安,
uann1,鞍,
uann2,碗,
uann2,腕,
uann3,案,
uann3,晏,
uann7,換,
uann7,旱,
uat4,挖,
uat4,斡,
uat8,活,
uat8,越,
uat8,曰,
uat8,閱,
uat8,悅,
uat8,粵,
uat8,鉞,
ue1,挨,
ue1,鍋,
ue1,椏,
ue1,萵,
ue1,煨,
ue1,崴,
ue2,挖,
ue2,衛,
ue2,矮,
ue3,穢,
ue5,鞋,
ue5,喂,
ue6,畫,
ue7,會,
ue7,話,
ue7,畫,
ue7,衛,
ueh4,喂,
ueh8,劃,
ueh8,狹,
uh4,噎,
uh4,嗷,
ui1,衣,
ui1,威,
ui1,蝛,
ui1,萎,
ui1,揻,
ui1,葳,
ui2,偉,
ui2,委,
ui2,葦,
ui2,萎,
ui2,瑋,
ui2,猥,
ui2,煒,
ui2,諉,
ui2,鮪,
ui2,韙,
ui3,對,
ui3,慰,
ui3,畏,
ui3,謂,
ui3,飫,
ui3,蔚,
ui5,為,
ui5,圍,
ui5,危,
ui5,唯,
ui5,維,
ui5,遺,
ui5,惟,
ui5,違,
ui5,闈,
ui5,韋,
ui5,桅,
ui5,帷,
ui5,幃,
ui7,為,
ui7,位,
ui7,畫,
ui7,衛,
ui7,謂,
ui7,胃,
ui7,緯,
ui7,渭,
uih4,劃,
uih8,劃,
uinn1,掩,
uinn1,抰,
uinn2,阮,
uinn2,捥,
uinn2,鈗,
uinn2,䘼,
uinn5,黃,
un1,恩,
un1,溫,
un1,瘟,
un1,殷,
un1,痻,
un1,慇,
un1,圇,
un1,蝹,
un1,鰮,
un2,允,
un2,穩,
un2,隱,
un2,蚓,
un2,尹,
un2,隕,
un2,殞,
un2,韞,
un3,運,
un3,塭,
un3,搵,
un3,蘊,
un3,慍,
un3,醞,
un5,雲,
un5,勻,
un5,云,
un5,筠,
un5,芸,
un5,耘,
un5,紜,
un5,蕓,
un5,殷,
un7,運,
un7,韻,
un7,暈,
ut4,鬱,
ut4,尉,
ut4,熨,
ut8,聿,
ut8,遹,
ut8,鷸,
