漢字,相關字詞
㔂,甘蔗
㤉,潲
㧣,風
㨂,甲
㨻,魚
㴘,麵
㴙,㴙落
㴙,㴙滴
㴙,㴙唸
㾀,勢
㾀,勢命
䆀,才
䆀,手
䆀,手仔拐
䆀,味
䆀,指
䆀,猴
䆀,空
䆀,豆仔
䆀,氣
䆀,豆
䆀,火
䖙,椅
䘥,仔
䢢,拄䢢
一,刀兩斷
一,下
一,下仔
一,大堆
一,工
一,弓
一,切
一,心一意
一,手
一,日
一,日到暗
一,月日
一,片
一,世人
一,半
一,半日仔
一,半个仔
一,四界
一,旦
一,生
一,甲子
一,目了然
一,目𥍉仔
一,再
一,同
一,向
一,如
一,百空一
一,行
一,身
一,來
一,夜情
一,定
一,帖藥
一,帖藥仔
一,服藥
一,枇
一,直
一,律
一,流
一,致
一,面
一,套衫
一,家人
一,家伙仔
一,屑仔
一,旁
一,時
一,般
一,般人
一,陣
一,隻牛
一,隻牛仔
一,垺屎
一,帶
一,掠
一,望無際
一,粒一
一,貫
一,連串
一,逝
一,桮
一,番
一,睏仔
一,絲
一,開始
一,概
一,萬
一,路
一,寡
一,寡仔
一,對時
一,網打盡
一,領衫
一,箍
一,箍銀
一,模一樣
一,篙
一,霎仔久
一,舉
一,點
一,點仔
一,軀衫
一,雙
一,礐屎
一,櫓
一,瓣柑
一,瓣柑仔
一,邊
一,觸久仔
一,欉樹
一,欉樹仔
一,體
一,口灶
一,大拖
一,疕仔
一,必一中
一,時仔
一,空一
一,晡
一,大片
一,個外月
一,個月
一,箍人
一,戶
一,目𥍉
一,齊
一,絲仔
一,心
一,月外日
丁,蘭尺
七,夕
七,孔
七,字仔
七,早八早
七,老八老
七,股
七,股鄉
七,股寮
七,星
七,星山
七,美鄉
七,娘媽
七,娘媽生
七,堵
七,堵區
七,張
七,爺
七,層塔
七,月半
七,晏八晏
七,股區
七,美
七,扣八除
七,竅
七,洋八洋
丈,人
丈,人公
丈,人爸
丈,人媽
丈,公
丈,夫
丈,姆
丈,姆婆
三,七仔
三,八
三,八氣
三,叉河
三,山國王
三,不五時
三,太子
三,心兩意
三,文魚
三,日節
三,月節
三,民
三,民區
三,民鄉
三,合院
三,地門鄉
三,多商圈
三,更
三,更半暝
三,角
三,角形
三,角店
三,角湧
三,角窗
三,角褲
三,姑
三,肢手
三,芝鄉
三,長兩短
三,度空間
三,思
三,星鄉
三,牲
三,界公
三,界娘仔
三,軍
三,重
三,重市
三,重埔
三,峽
三,峽河
三,峽鎮
三,除四扣
三,國
三,教
三,絃
三,通
三,貂嶺
三,溫暖
三,義
三,義鄉
三,跤馬
三,跤貓
三,頓
三,層
三,層仔
三,層肉
三,線路
三,輪仔車
三,輪車
三,讀
三,灣鄉
三,角六肩
三,重區
三,峽區
三,芝區
三,芝
三,星
三,灣
三,地門
三,角圓環
三,民高中
三,和國中
三,重國小
三,山國王廟
三,坑
三,姓橋
三,塊厝
三,八雨
三,層仔肉
三,角肩
三,角間
三,六仔
上,下
上,下班
上,久
上,山
上,山頭
上,元
上,元暝
上,午
上,升
上,天
上,尺工
上,手
上,水
上,加
上,北
上,台
上,市
上,目
上,卌袂攝
上,任
上,好
上,床
上,車
上,坪溪
上,官
上,岸
上,昇
上,門
上,青苔
上,前
上,帝
上,帝公
上,述
上,員
上,師
上,校
上,桌
上,海
上,班
上,將
上,崎
上,場
上,游
上,童
上,等
上,訴
上,殕
上,路
上,墓
上,緊
上,網
上,臺
上,蓋
上,課
上,學
上,頭仔
上,濟
上,聲
上,櫃
上,尾
上,教
上,無
上,班日
上,班時間
上,蒼
上,落
上,慢
上,起碼
上,色
上,少
上,頭
下,山
下,元
下,勻
下,午
下,手
下,斗
下,水
下,水湯
下,水道
下,令
下,半
下,半年
下,半暝
下,司
下,台
下,本
下,早
下,早仔
下,旬
下,底
下,性命
下,昏
下,昏時
下,昏暗
下,昏暗時
下,林仔
下,垂
下,降
下,面
下,班
下,埤頭
下,晝
下,梭裙
下,陷
下,晡
下,場
下,港
下,游
下,鄉
下,痟
下,暗
下,落
下,跤
下,跤手人
下,載
下,臺
下,課
下,輩
下,頦
下,營鄉
下,擺
下,顎
下,願
下,𦜆
下,晝頓
下,營區
下,營
下,層
下,等
下,冬
下,毒
下,風
下,改
下,個月
下,頷
下,回
下,昏頓
下,跤手
下,日
下,世人
下,頭
下,沿
下,晝飯
不,一
不,了
不,三不四
不,小
不,才
不,中用
不,仁
不,公
不,分
不,及
不,止
不,止仔
不,比
不,可
不,可以
不,可思議
不,只
不,孕
不,平
不,必
不,用
不,休
不,再
不,吉
不,同
不,在
不,如
不,如意
不,安
不,成
不,死鬼
不,而過
不,但
不,免
不,利
不,妨
不,孝
不,忍
不,忍心
不,求人
不,肖
不,良
不,見
不,足
不,定
不,宜
不,幸
不,易
不,明
不,服
不,法
不,知
不,知不覺
不,便
不,俗
不,是
不,為
不,致
不,負
不,准
不,容
不,料
不,時
不,能
不,配
不,停
不,動產
不,得
不,得了
不,得已
不,得不
不,惜
不,捨
不,勝
不,堪
不,敢
不,敢當
不,然
不,等
不,答不七
不,善
不,當
不,義
不,解
不,該
不,過
不,實
不,滿
不,盡
不,管
不,管時
不,遠
不,敷
不,論
不,錯
不,斷
不,變
不,八不七
不,顛不戒
不,孝子
不,肖子
丑,仔
且,慢
世,人
世,上
世,代
世,事
世,俗
世,俗人
世,界
世,紀
世,家
世,情
世,間
世,間人
世,運
世,貿
並,且
並,非
中,人
中,山
中,山區
中,山國中
中,山堂
中,山路
中,元
中,午
中,心
中,文
中,文版
中,止
中,古
中,央
中,央山脈
中,央公園
中,央尖山
中,正
中,正區
中,正路
中,生代
中,用
中,立
中,年
中,式
中,旬
中,西
中,西區
中,里
中,和
中,和市
中,性
中,油
中,南美
中,南美洲
中,南海
中,南部
中,型
中,指
中,毒
中,洲
中,研院
中,秋
中,秋節
中,秋餅
中,美
中,計
中,音
中,風
中,原
中,埔鄉
中,校
中,級
中,脊
中,脊楹
中,區
中,國
中,堅
中,將
中,晝
中,晝時
中,晝飯
中,晝頓
中,途
中,部
中,期
中,港溪
中,等
中,華
中,華民國
中,間
中,傷
中,意
中,楹
中,寮鄉
中,樞
中,樑
中,鋒
中,學
中,選會
中,斷
中,醫
中,醫師
中,壢
中,壢市
中,藥
中,中仔
中,範
中,和區
中,壢區
中,寮
中,埔
中,正紀念堂
中,山國小
中,和新蘆線
中,範仔
中,獎
中,興
中,選
中,藥店
中,站
串,仔
串,通
串,聯
串,講
丸,仔
丹,大山
丹,田
丹,毒
丹,麥
丹,鳳
主,人
主,力
主,任
主,因
主,見
主,角
主,委
主,治
主,持
主,持人
主,流
主,要
主,食
主,宰
主,席
主,動
主,唱
主,婦
主,婚
主,將
主,張
主,教
主,菜
主,意
主,義
主,演
主,管
主,播
主,編
主,導
主,機
主,機板
主,辦
主,講
主,題
主,顧
主,權
主,體
主,觀
主,顧客
主,心定
久,久
久,仰
久,見
久,來
久,長
久,長病
久,年
久,病
久,久仔
久,年病
之,中
之,外
之,後
之,間
乒,乓泅
乖,巧
乖,乖
九,孔
九,月重陽
九,份
九,份二山
九,如鄉
九,曲堂
九,芎仔
九,芎林
九,空仔
九,塊厝
九,層塔
九,讚頭
九,如
九,芎仔柴
九,芎仔樹
九,泉
乞,的
乞,食
乞,食命
乞,食琴
乞,食頭
也,好
也,有
也,是
乳,名
乾,仔孫
乾,杯
乾,隆
乾,溪
亂,七八糟
亂,世
亂,使
亂,來
亂,象
亂,源
亂,彈
亂,碼
亂,操操
亂,講
亂,鐘仔
亂,亂
亂,使來
了,了
了,工
了,不起
了,去
了,本
了,尾仔囝
了,後
了,然
了,結
了,解
了,錢
予,人
予,人招
予,人招的
予,伊
予,招个
予,醫生看
事,主
事,件
事,先
事,志
事,宜
事,物
事,前
事,後
事,故
事,務
事,務所
事,情
事,理
事,項
事,業
事,實
事,蹟
事,事項項
二,九暝
二,二八
二,八水
二,仁溪
二,手
二,手貨
二,水
二,水鄉
二,仔
二,仔八
二,竹圍
二,步七仔
二,房
二,林鎮
二,指
二,架
二,氧化碳
二,崙仔
二,崙鄉
二,桱
二,結
二,萬坪
二,操
二,二八公園
二,林
二,崙
互,助
互,信
互,相
互,動
互,惠
互,補
五,叉水路
五,仁
五,分仔車
五,分車
五,日節
五,月節
五,爪仔
五,加皮
五,官
五,股
五,股坑
五,股鄉
五,花
五,金
五,金行
五,城堡
五,指山
五,星級
五,柳居
五,香
五,峰鄉
五,堵
五,專
五,彩
五,筋膎
五,結鄉
五,間厝
五,塊厝
五,路
五,跤氣
五,福
五,福宮
五,穀
五,臟
五,四三 
五,四三
五,子直
五,股區
五,結
五,峰
五,權
五,根草
五,花十色
五,臟六腑
井,水
井,底鮕鮘
亞,太
亞,東醫院
亞,洲
亞,軍
亞,運
亞,鉛
亞,鉛鉼
亞,鉛線
亞,東病院
亞,鉛桶
亡,國
亡,魂
亢,旱
交,力坪
交,叉
交,大
交,互
交,友
交,付
交,代
交,往
交,易
交,保
交,流
交,界
交,涉
交,情
交,接
交,貨
交,通
交,陪
交,割
交,插
交,換
交,替
交,椅
交,結
交,會
交,落
交,落身
交,際
交,談
交,懍恂
交,戰
交,織
交,關
交,響曲
交,響樂
交,仗
交,落枕
交,繃
交,纏
交,定
享,用
享,有
享,受
享,福
京,都
京,戲
亭,仔
亭,仔跤
人,人
人,力
人,口
人,士
人,山人海
人,工
人,才
人,中
人,中齒
人,公鼓
人,心
人,手
人,文
人,世
人,仔
人,仔書
人,民
人,生
人,次
人,身
人,事
人,事局
人,和
人,命
人,性
人,性化
人,物
人,客
人,為
人,面
人,倫
人,員
人,家
人,家厝仔
人,格
人,氣
人,馬
人,參
人,參仔
人,情
人,情世事
人,情味
人,望
人,造
人,間
人,群
人,道
人,壽
人,禍
人,種
人,際
人,影
人,數
人,潮
人,範
人,緣
人,質
人,選
人,頭
人,類
人,權
人,體
人,額
人,懸漢大
人,份
人,款
人,面冊
人,品
仁,丹
仁,兄
仁,和宮
仁,武鄉
仁,慈
仁,愛
仁,愛區
仁,愛鄉
仁,義
仁,德鄉
仁,仁仁
仁,德區
仁,德
仁,武區
仁,武
仇,恨
仇,人
今,日
今,仔
今,仔日
今,年
今,後
介,入
介,在
介,面
介,紹
仔,細
仔,
他,人
他,里霧
他,鄉
付,出
付,款
付,費
仙,人
仙,女
仙,丹
仙,公廟
仙,姑
仙,拚仙
仙,的
仙,洞
仙,桃
仙,草
仙,境
仝,爸各母
仝,款
仝,心
仝,沿
仝,輩
仝,位
仝,勻
代,工
代,天府
代,先
代,名詞
代,步
代,言人
代,表
代,表作
代,表性
代,書
代,理
代,勞
代,替
代,筆
代,號
代,誌
代,價
代,碼
代,銷
代,辦
代,謝
令,人
令,狐
以,下
以,上
以,及
以,外
以,早
以,色列
以,免
以,身作則
以,來
以,往
以,前
以,後
以,為
任,內
任,何
任,命
任,務
任,教
任,期
任,意
任,憑
任,職
份,子
份,量
份,額
份,會仔
仿,仔雞
仿,仔
企,業
企,劃
企,圖
企,圖心
企,管
休,息
休,耕
休,閒
休,養
休,學
休,館
伙,計
伙,食
伨,人矣
伨,頭
伨,重
伯,公
伯,勞
伯,勞仔
伯,仔
估,計
估,算
估,價
伴,手
伴,行
伴,侶
伴,奏
伴,娘
伴,唱
伴,娶
伴,嫁
伶,俐
伸,勻
伸,手
伸,勼
伸,出
伸,長
伸,長手
伸,港鄉
伸,筋挽頷
伸,跤
伸,輪
伸,捙
伸,港
伺,候
佃,戶
佃,農
但,是
佇,咧
佈,局
佈,滿
佈,告欄
佈,景
佈,置
佈,田
佈,田管
佈,稻仔
佈,田花 
佈,田管仔
位,元
位,階
位,置
低,音
低,厝仔
低,級
低,路
低,路師
住,戶
住,宅
住,址
住,所
佔,有
佔,有率
佔,據
何,乜苦
何,必
何,況
何,苦
何,時
何,處
佗,一爿
佗,一个
佗,位
佗,位仔
佗,搭
佗,落
佗,落仔
佛,手瓜
佛,仔
佛,光山
佛,寺
佛,典
佛,法
佛,門
佛,陀
佛,珠
佛,祖
佛,堂
佛,教
佛,經
佛,像
佛,學
佛,龕
佛,手柑
佛,光緣臺北美術館
佛,光緣台北美術館
佛,桌
作,文
作,用
作,田
作,田人
作,曲家
作,弄
作,怪
作,法
作,物
作,者
作,品
作,為
作,風
作,家
作,息
作,祟
作,亂
作,業
作,弊
作,戰
作,穡
作,穡人
作,穡的
作,證
作,孽
佩,服
佬,仔
佮,喙
佮,意
佮,股
佯,毋知
佯,生
佯,痟
佯,顛佯戇
佯,戇
佯,顛佯痟
佯,悾佯痟
佯,悾佯戇
佳,人
佳,冬
佳,冬鄉
佳,作
佳,里鎮
佳,哉
佳,音
佳,期
佳,里區
佳,里
併,發症
使,用
使,用人
使,用者
使,目尾
使,目箭
使,弄
使,命
使,命感
使,性地
使,得
來,不及
來,世
來,去
來,回
來,自
來,來去去
來,函
來,到
來,往
來,社
來,咧洗
來,洗
來,訪
來,源
來,義鄉
來,路
來,電
來,賓
來,歷
來,臨
來,義
例,外
侍,候
侏,羅紀
侗,戇
供,奉
供,給
供,應
供,體
依,序
依,法
依,附
依,倚
依,照
依,靠
依,據
依,賴
依,舊
侮,辱
侯,硐
侵,入
侵,犯
侵,害
侵,略
侵,蝕
侵,襲
侵,門踏戶
侷,限
便,衣
便,利
便,宜
便,所
便,所蟲
便,服
便,便
便,是
便,看
便,衫
便,媒人
便,菜
便,菜飯
便,飯
便,當
便,當盒仔
便,當篋仔
便,藥仔
便,若
便,條紙
便,印仔
促,成
促,使
促,進
促,歲壽
促,銷
俗,名
俗,物
俗,貨
俗,話
俗,稱
俗,語
俗,語話
俗,價
俗,賣
俗,諺
俗,麭
俗,物仔
俗,仔貨
俘,虜
保,戶
保,正
保,生大帝
保,全
保,存
保,守
保,安
保,安宮
保,佑
保,庇
保,育
保,身符
保,固
保,持
保,重
保,家
保,留
保,送
保,健
保,密
保,單
保,証
保,費
保,暖
保,溫杯
保,管
保,障
保,衛
保,養
保,養場
保,險
保,額
保,證
保,證人
保,鏢
保,齡球
保,護
保,領
信,心
信,用
信,件
信,任
信,仰
信,奉
信,念
信,物
信,徒
信,息
信,託
信,眾
信,義
信,義區
信,義國小
信,義鄉
信,號
信,箱
信,篤
信,賴
信,義安和
信,教
信,魚
修,正
修,行
修,改
修,法
修,訂
修,面
修,剪
修,理
修,習
修,復
修,補
修,練
修,養
修,憲
修,整
修,辭
修,護
修,喙鬚
修,削
俱,樂部
俺,二仔
俺,公
俺,母
俺,姊
俺,爸
俺,娘仔
俺,爹
俺,祖
俺,媽
俺,娘喂
倉,庫
個,人
個,別
個,性
個,展
個,案
個,體
個,外月
倍,數
倒,反
倒,手
倒,手爿
倒,手仔拐
倒,手仔猴
倒,手仔𨂿
倒,手抉
倒,手拐
倒,手拐仔
倒,爿
倒,去
倒,吊
倒,向
倒,店
倒,拋泅
倒,面
倒,茶
倒,退
倒,貼
倒,會
倒,會仔
倒,落去
倒,摔向
倒,彈
倒,數
倒,踏
倒,擔
倒,頭
倒,頭行
倒,頭栽
倒,覆
倒,轉
倒,剾
倒,跤
倒,退攄
倒,吊子
倒,拗
倒,頭槌
倒,轉去
倒,勼
倒,手扞
倒,手雞仔
倒,運
倒,栽
倒,轉來
候,脈
候,補
候,選人
倚,年
倚,近
倚,重
倚,晝
倚,靠
倚,壁
倚,意
倚,蹛
倚,山食山
倚,股
倚,賴
借,人
借,用
借,問
借,款
借,過
借,錢
借,蹛
倥,的
倩,的
倩,个
倫,理
倫,常
值,班
值,得
值,錢
偃,倒
假,日
假,仙
假,仙假觸
假,包
假,好衰
假,死
假,死假活
假,使
假,定
假,鬼假怪
假,設
假,喙齒
假,期
假,無意
假,象
假,痟
假,想
假,銀票
假,影
假,釋
假,𠢕
假,包的
假,的
假,範
假,面具
假,錢
假,意
偉,大
偌,爾
偌,濟
偌,久
偌,濟工
偏,心
偏,名
偏,見
偏,拋
偏,重
偏,差
偏,偏
偏,偏仔
偏,遠
偏,僻
偏,頭
偏,號
偏,門
偏,私
做,一下
做,七
做,七日
做,人
做,人矣
做,人情
做,人囉
做,大水
做,工
做,工仔
做,工課
做,月內
做,木的
做,木个
做,歹
做,牙
做,出
做,功德
做,司公
做,生日
做,生理
做,田人
做,伙
做,成
做,旬
做,色
做,忌
做,事
做,官
做,店面
做,法
做,客
做,為
做,風颱
做,臭人
做,陣
做,鬼
做,莊
做,痢
做,園的
做,塗水
做,塗水的
做,瘦氣
做,親情
做,頭
做,戲
做,穡的
做,醮
做,議量
做,譴損
做,對
做,水
做,囮
做,竅
做,肉餅
做,伴
做,代誌
做,旱
做,買賣
做,肉砧
做,水災
做,針黹
做,正經
做,主
停,工
停,手
停,止
停,火
停,刊
停,車
停,車場
停,留
停,睏
停,損
停,跤
停,電
停,靠
偝,巾
偝,囡仔
健,丟
健,全
健,身
健,保
健,康
偵,查
偵,探
偵,測
偵,察
偵,辦
偶,然
偶,像
偷,工減料
偷,生的
偷,來暗去
偷,拈
偷,咬雞仔
偷,看
偷,食
偷,食步
偷,偷
偷,掠
偷,提
偷,揜
偷,聽
偷,偷仔
偷,生
偷,咬雞
偷,走學
偷,作手
偽,造
傀,儡
傀,儡戲
傀,儡關
傑,出
傑,作
備,用
備,份
備,受
備,查
備,註
備,辦
催,生
催,促
催,眠
催,油
催,陣
傱,錢
傳,出
傳,回
傳,言
傳,來
傳,奇
傳,承
傳,後嗣
傳,染
傳,染病
傳,香煙
傳,真
傳,神
傳,記
傳,送
傳,授
傳,教
傳,球
傳,票
傳,統
傳,單
傳,媒
傳,話
傳,道
傳,達
傳,種
傳,聞
傳,說
傳,遞
傳,播
傳,輸
傳,藝中心
債,主
債,券
債,挩
債,務
債,權
傷,亡
傷,口
傷,天害理
傷,心
傷,本
傷,者
傷,重
傷,風
傷,風敗俗
傷,害
傷,疼
傷,痕
傷,寒
傷,勢
傷,腦筋
傷,跡
傷,礙
傾,向
傾,銷
僑,生
僑,胞
僕,人
僥,心
僥,倖
僥,倖錢
僫,做
僫,講
僭,位
僭,話
僵,屍
價,值
價,值觀
價,差
價,數
價,錢
僻,靜
儀,式
儀,器
儉,腸凹肚
儉,儉仔用
儉,錢
儉,省
儉,用
儑,面
儑,頭儑面
儒,家
儘,量
償,還
優,先
優,秀
優,良
優,待
優,美
優,異
優,勝
優,惠
優,越
優,雅
優,勢
優,質
優,選
優,點
儲,蓄
儳,腰
儼,硬
允,人
允,准
允,頭路
元,旦
元,件
元,老
元,長鄉
元,首
元,宵
元,宵節
元,氣
元,神
元,素
元,掌
元,長
元,宵暝
兄,弟
兄,弟仔
兄,弟姊妹
兄,長
兄,哥
兄,嫂
充,公
充,分
充,血
充,沛
充,足
充,電
充,實
充,滿
兇,手
兇,狂
兇,惡
兇,兇狂狂
先,天
先,天性
先,民
先,生
先,生娘
先,生媽
先,行
先,知
先,後
先,發
先,進
先,輩
先,鋒
先,覺
先,的
先,嗇宮
光,芒
光,明
光,面
光,彩
光,復
光,復鄉
光,復溪
光,景
光,華
光,源
光,滑
光,榮
光,碟
光,影
光,線
光,頭
光,環
光,臨
光,榮碼頭
光,采
克,服
克,虧
兌,換
免,不了
免,疫
免,疫力
免,除
免,稅
免,費
免,數想
免,錢飯
免,驚
免,錢
免,想
兒,童
兔,仔
兔,仔尾
入,口
入,土
入,木
入,主
入,伍
入,耳
入,股
入,門
入,侵
入,厝
入,院
入,教
入,圍
入,場
入,場券
入,會
入,境
入,獄
入,學
入,選
入,殮
入,營
入,聲
入,心
入,去
入,來
入,港
入,戶口
入,家甲
入,門踏戶
內,山
內,才
內,公
內,分泌
內,心
內,外
內,奶
內,地
內,在
內,行
內,行的
內,底
內,門鄉
內,建
內,政
內,科
內,衫
內,面
內,埔
內,埔鄉
內,套
內,孫
內,容
內,情
內,涵
內,部
內,野
內,陸
內,場
內,湖
內,湖區
內,傷
內,勤
內,媽
內,獅
內,裡
內,幕
內,閣
內,銷
內,戰
內,褲
內,壢
內,灣
內,灣線
內,籬仔
內,䘥仔
內,山斗底
內,門區
內,門
內,惟
內,山倯
內,行人
內,痔
全,力
全,心全意
全,文
全,民
全,身
全,委會
全,面
全,家
全,能
全,國
全,球
全,部
全,然
全,程
全,新
全,盤
全,壘打
全,職
全,體
全,步數
兩,爿
兩,光
兩,百八
兩,百八十
兩,岸
兩,性
兩,側
兩,棲
兩,難
兩,步七仔
兩,拄償
八,仙
八,仙桌
八,仙綵
八,字
八,字跤
八,角
八,里坌
八,里鄉
八,卦
八,卦山
八,芝蘭
八,珍
八,家將
八,堵
八,掌溪
八,塊厝
八,腳
八,德市
八,通關大山
八,里區
八,里
八,德區
八,德
八,斗仔
八,月半
公,大
公,子
公,元
公,分
公,尺
公,文
公,斤
公,主
公,司
公,佈
公,平
公,正
公,母
公,民
公,用
公,立
公,共
公,安
公,式
公,有
公,有地
公,羊
公,克
公,告
公,投
公,私
公,車
公,里
公,事
公,所
公,的
公,信力
公,約
公,厘
公,埔
公,孫
公,家
公,案
公,益
公,務
公,務員
公,婆
公,眾
公,頃
公,報
公,寓
公,然
公,費
公,開
公,債
公,園
公,媽
公,會
公,署
公,路
公,道
公,墓
公,演
公,認
公,德心
公,賣局
公,噸
公,學校
公,親
公,館
公,館鄉
公,營
公,爵
公,職
公,轉
公,關
公,食公開
公,道人
六,月天
六,月冬
六,四
六,甲鄉
六,合
六,法全書
六,書
六,根莊
六,畜
六,張犁
六,塊厝
六,腳鄉
六,跤佃莊
六,輕
六,龜里社
六,龜鄉
六,跤鄉
六,跤
六,腳
六,甲區
六,甲
六,龜區
六,龜
六,家
共,犯
共,同
共,存
共,有
共,享
共,和
共,和國
共,產
共,通
共,鳴
共,謀
共,識
兵,力
兵,仔
兵,役
兵,糧
兵,馬
其,中
其,他
其,次
其,實
具,備
具,體
典,型
典,雅
典,範
典,禮
典,藏
兼,任
兼,職
兼,顧
冇,手
冇,石
冇,石仔
冇,炭
冇,數
冇,蟳
冇,硓𥑮
冇,粟
冇,談
冊,包
冊,店
冊,房
冊,架仔
冊,櫥
冊,桌仔
冊,局
冊,疊仔
冊,龜仔
再,三
再,生
再,次
再,見
再,來
再,版
再,者
再,度
再,現
再,造
再,會
冒,險
冗,早
冗,剩
冠,軍
冤,仇
冤,仇人
冤,屈
冤,枉
冤,家
冤,家量債
冤,魂
冤,家勞債
冤,枉錢
冥,婚
冥,想
冬,山
冬,山鄉
冬,天
冬,仔
冬,瓜
冬,瓜山
冬,瓜茶
冬,尾
冬,菜
冬,節
冬,節圓
冬,瓜糖
冬,粉
冬,筍
冬,瓜酥
冰,山
冰,冷
冰,角
冰,枝
冰,河
冰,涼
冰,淇淋
冰,雹
冰,箱
冰,糖
冰,礤
冰,的
冰,絞
冰,水
冷,水
冷,冷
冷,吱吱
冷,門
冷,卻
冷,風
冷,凍
冷,氣
冷,淡
冷,清
冷,著
冷,漠
冷,盤
冷,戰
冷,靜
冷,嗽
凊,心
凊,汗
凊,彩
凊,飯
凊,糜
凊,嗽
凌,治
凌,遲
凌,勒
凌,冶
凍,舌
凍,喙齒
凍,結
凍,霜
凍,露水
凝,心
凝,血
凡,事
凡,勢
凡,間
凡,若
凱,旋
凱,達格蘭文化館
凱,旋瑞田
凱,旋中華
凶,年
凶,煞
凶,惡
凶,徒
凹,子底
凹,浪
凹,落去
凹,鼻
出,丁
出,入
出,力
出,口
出,土
出,山
出,手
出,水
出,水珠
出,世
出,刊
出,去
出,外
出,生
出,任
出,名
出,帆
出,色
出,血
出,局
出,走
出,身
出,巡
出,來
出,版
出,版社
出,門
出,品
出,茅仔
出,面
出,風口
出,風頭
出,家
出,差
出,席
出,師
出,庭
出,氣
出,海
出,珠
出,皰仔
出,租
出,酒
出,院
出,馬
出,動
出,國
出,張
出,現
出,產
出,脫
出,貨
出,喙
出,場
出,港
出,發
出,勤
出,嫁
出,業
出,痲仔
出,葬
出,資
出,路
出,運
出,遊
出,道
出,團
出,境
出,獄
出,價
出,廠
出,賣
出,頭
出,頭天
出,擊
出,聲
出,膿
出,癖
出,癖仔
出,爐
出,虹
出,擢
出,在
出,箠
出,腳
出,破
出,人前
出,神
出,芽
函,數
刀,仔
刀,石
刀,肉
刀,具
刀,柄
刀,砧
刀,喙
刀,銎
刀,鋩
刁,工
刁,古董
刁,持
刁,故意
刁,意故
刁,難
刁,意
分,子
分,寸
分,工
分,化
分,心
分,手
分,支
分,佈
分,行
分,別
分,局
分,貝
分,身
分,伻
分,享
分,居
分,店
分,明
分,析
分,歧
分,泌
分,的
分,派
分,紅
分,娩
分,校
分,級
分,配
分,區
分,張
分,組
分,割
分,散
分,發
分,裂
分,開
分,隊
分,解
分,數
分,擔
分,機
分,辨
分,錢
分,離
分,類
分,鐘
分,攤
分,家伙
分,開食
分,錢的
分,食
分,食的
分,熟的
切,入
切,手
切,片
切,除
切,換
切,開
切,斷
刊,物
刊,登
刊,載
刑,事
刑,法
刑,案
刑,期
刑,罰
刑,警
划,船
列,出
列,印
列,車
列,席
列,舉
列,位
初,一
初,步
初,見面
初,初
初,級
初,期
初,試
初,稿
初,學者
初,選
初,戀
初,中
刣,死
刣,頭
刣,雞教猴
刣,人埔
判,刑
判,決
判,決書
判,定
判,官
判,罪
判,斷
別,人
別,日
別,日仔
別,位
別,莊
別,款
別,項
別,搭
別,个
別,工
別,種
利,用
利,尿
利,便
利,害
利,息
利,益
利,純
利,率
利,潤
利,器
利,市
刪,除
刮,刮咧
到,今
到,分
到,地
到,位
到,底
到,時
到,站
到,處
到,期
到,手芳
到,尾
制,式
制,定
制,服
制,度
制,裁
制,憲
制,煞
制,限
券,商
刺,毛仔蟲
刺,毛狗蟲
刺,毛蟲
刺,仔
刺,瓜
刺,瓜仔
刺,字
刺,竹
刺,竹筍
刺,角仔蟲
刺,波
刺,花
刺,查某
刺,疫
刺,耙耙
刺,探
刺,殺
刺,酸
刺,激
刺,膨紗
刺,繡
刺,羅仔蟲
刺,鑿
刺,䲅
刺,龍
刻,印仔
刻,板
刻,意
刻,薄
剃,頭
剃,頭刀
剃,頭店
剃,頭仔店
剉,柴
削,削叫
前,人
前,人囝
前,日
前,世
前,仔
前,任
前,因後果
前,年
前,言
前,身
前,來
前,往
前,者
前,金
前,金區
前,後
前,某
前,科
前,面
前,翁
前,途
前,景
前,程
前,進
前,溝尾
前,線
前,衛
前,輩
前,鋒
前,謝
前,擴
前,鎮高中
前,鎮區
前,驛
前,世人
前,鎮
前,鎮之星
前,埕
前,齒
前,工
前,幾工
前,門
前,一工
前,一日
前,站
剝,皮
剝,削
剪,布
剪,接
剪,裁
剪,綵
剪,綹
剪,綹仔
剪,輯
剪,仔龜 
剪,絨仔花
剪,蟲
剪,蟲仔
剪,鈕仔
剪,絨
剪,絨花
剪,蚻
副,手
副,刊
副,本
副,作用
副,教授
副,理
副,業
副,總
割,包
割,肉
割,金
割,香
割,耙
割,貨
割,喉
割,愛
割,溝菜瓜
割,價
割,稻仔
割,稻仔尾
割,草鍥仔
創,下
創,刊
創,立
創,作
創,始
創,治
創,空
創,造
創,造力
創,景
創,意
創,新
創,業
創,辦
創,辦人
創,舉
剷,草
剺,肚
剺,破
剺,花
剾,刀
剾,刀花
剾,仔
剾,皮
剾,削
剾,洗
剾,風
剾,痧
剾,剾咧
剾,刀蔫
剾,喙鬚
劃,撥
劇,本
劇,烈
劇,院
劇,情
劇,場
劇,團
劍,仔菜
劍,竹
劍,筍
劍,潭
劍,南路
劍,竹仔
劍,竹仔筍
劑,量
力,量
力,學
力,頭
力,草
功,力
功,夫
功,用
功,臣
功,利
功,效
功,能
功,率
功,勞
功,德
功,課
加,入
加,上
加,工
加,分
加,以
加,州
加,走灣
加,車
加,油
加,油站
加,持
加,重
加,倍
加,班
加,蚌
加,強
加,添
加,深
加,速
加,減
加,盟
加,祿
加,話
加,網魚
加,擔
加,講話
加,薦仔
加,轆仔
加,鵻
加,護
加,護病房
加,工區
加,法
加,冠禮較濟戲金銀
加,薦
加,轆
助,人
助,力
助,手
助,攻
助,益
助,陣
助,教
助,理
助,產士
助,選
努,力
劫,數
劫,機
勇,士
勇,者
勇,氣
勇,健
勇,敢
勇,將
勇,身命
勉,強
勉,勵
勍,仔
動,人
動,力
動,土
動,工
動,手
動,用
動,向
動,作
動,車
動,物
動,物園
動,員
動,脈
動,產
動,畫
動,詞
動,亂
動,搖
動,態
動,箸
動,輪車
動,機
動,靜
動,物園南站
動,物園南
動,跤動手
勘,驗
務,實
勝,地
勝,利
勝,訴
勝,算
勞,力
勞,工
勞,心
勞,改
勞,里散
勞,委會
勞,保
勞,苦
勞,動
勞,基法
勞,煩
勞,資
勞,
募,捐
募,款
募,集
勢,力
勢,面
勢,頭
勤,務
勤,儉
勥,跤
勸,和
勸,善
勸,解
勺,仔
勻,勻仔
勻,勻仔火
勻,仔是
勻,勻仔是
勻,仔
勼,手
勼,水
勼,跤
勼,跤勼手
勾,引
勾,結
包,仔
包,皮
包,含
包,果
包,括
包,容
包,商
包,涵
包,圍
包,袱
包,袱巾
包,袱仔
包,飯
包,裝
包,飼的
包,種茶
包,裹
包,領
包,辦
包,餡
包,穡頭
包,穩
包,贏
包,贌
包,工程
包,管
包,輸
包,心白仔
包,心菜
匆,匆
匏,仔
匏,桸
化,工
化,石
化,成
化,妝
化,身
化,解
化,緣
化,學
化,學品
化,驗
化,學肥
北,二高
北,屯區
北,斗鎮
北,方
北,爿
北,半球
北,合歡山
北,投
北,投區
北,京
北,門
北,門鄉
北,門嶼
北,竿鄉
北,美
北,美洲
北,美館
北,埔
北,埔鄉
北,海道
北,區
北,部
北,插天山
北,港溪
北,港鎮
北,勢溪
北,極
北,極殿
北,管
北,歐
北,緯
北,投溫泉博物館
北,斗
北,港
北,門區
北,屯
北,竿
北,新竹
北,湖
北,斗星
匪,類
匪,徒
匯,入
匯,出
匯,市
匯,率
匯,票
匯,款
匯,集
匼,桮
匾,額
區,公所
區,分
區,別
區,長
區,段
區,區
區,域
區,間
區,運
區,隔
區,間車
區,間快車
區,間快
十,一叔
十,一哥
十,二
十,二分
十,二生相
十,二指腸
十,八骰仔
十,八變
十,分
十,全
十,字架
十,字路
十,字路口
十,足
十,花五色
十,分寮
十,八王公廟
十,八仔
十,扳仔
十,胡仔牌
十,月冬
千,千萬萬
千,五
千,斤秤
千,古
千,辛萬苦
千,里眼
千,里鏡
千,金
千,金譜
千,萬
千,甲
千,足
升,官
升,級
升,等
升,旗
升,遷
升,學
升,學率
升,起
午,時
午,時水
半,子
半,小死
半,工
半,中站
半,天筍
半,日
半,月日
半,世人
半,仙
半,生熟
半,年
半,身
半,空中
半,信半疑
半,屏山
半,徑
半,桶屎
半,桶師仔
半,陰陽
半,陰陽仔
半,晡
半,節
半,路
半,路竹
半,路店
半,路師
半,遂
半,暝
半,精白
半,價
半,數
半,樓仔
半,線
半,導體
半,燒冷
半,䖙倒
半,中央
半,晝
半,丁
半,奸忠
半,老老
半,肥瘦
半,個月
半,精肥
半,舊落仔
半,橛
半,山腰
半,上路下
半,桶師
半,新舊
半,中途
卑,南
卑,南主山
卑,南鄉
卑,南溪
卑,鄙
卑,賤
卒,仔
卓,溪鄉
卓,蘭鎮
卓,蘭
卓,溪
協,力
協,同
協,助
協,定
協,約
協,商
協,理
協,會
協,調
協,辦
協,議
南,仁山
南,化鄉
南,屯區
南,方
南,爿
南,北
南,平
南,州
南,州鄉
南,庄鄉
南,投
南,投市
南,投縣
南,沙
南,亞
南,京東路
南,岡山
南,河
南,非
南,洋
南,竿鄉
南,胡大山
南,宮
南,海
南,迴鐵路
南,區
南,莊
南,部
南,港
南,港區
南,勢
南,勢角
南,極
南,路鷹
南,靖
南,瑤宮
南,管
南,澳
南,澳鄉
南,北二路
南,庄
南,化區
南,化
南,屯
南,竿
南,港軟體園區
南,港展覽館
南,科
南,樹林
南,京復興
南,京三民
南,洋鯽仔
博,士
博,物
博,物館
博,愛
博,覽會
博,士博
博,土
博,筊場
卜,卦
卜,籤詩
卜,聖卦
占,地
占,有率
占,領
占,用
占,贏
占,風頭
卡,片
卡,車
卡,通
卯,死矣
卯,喙
印,仔
印,尼
印,色
印,刷
印,花
印,度
印,堂
印,象
印,象派
印,證
印,鑑
危,急
危,害
危,機
危,險
即,日
即,使
即,刻
即,時
卵,仁
卵,包
卵,巢
卵,清
卵,殼
卵,白質
卷,宗
卸,世眾
卸,任
卸,面皮
卸,祖公
卸,責任
卸,貨
卸,貨底
卸,世卸眾
卸,面子
卸,世上
卻,是
厘,戥
厚,子
厚,工
厚,行
厚,尿
厚,沙屑
厚,性地
厚,厚
厚,屎
厚,屎尿
厚,度
厚,重
厚,面皮
厚,紙坯
厚,酒
厚,話
厚,話屎
厚,薄
厚,禮數
厚,薰
厚,譴損
厚,操煩 
厚,操煩
厚,脣
厚,脣仔
厚,茉菜
厚,紙枋
厝,內
厝,主
厝,瓦
厝,地
厝,宅
厝,角鳥
厝,角鳥仔
厝,角頭
厝,契
厝,頂
厝,鳥仔
厝,稅
厝,跤
厝,頭家
厝,邊
厝,邊隔壁
厝,邊頭尾
厝,邊兜
厝,尾頂
厝,場
厝,裡
厝,佃
原,子
原,子筆
原,子彈
原,文
原,木
原,本
原,先
原,因
原,在
原,早
原,有
原,位
原,住民
原,作
原,告
原,形
原,來
原,味
原,始
原,底
原,油
原,版
原,狀
原,則
原,型
原,訂
原,料
原,動力
原,理
原,野
原,創
原,著
原,意
原,裝
原,價
原,廠
原,諒
原,頭
原,點
原,性
原,全
原,由
原,仔
厭,氣
厭,惡
厭,𤺪
厲,害
去,了了
去,予人招
去,除
去,處
去,傷解鬱
去,囉
去,倒
去,矣
參,仔
參,加
參,考
參,考冊
參,見
參,展
參,茸
參,訪
參,照
參,詳
參,與
參,數
參,選
參,賽
參,觀
參,仔氣
參,考書
參,藥引
參,一跤
又,閣
及,時
及,格
友,人
友,邦
友,的
友,情
友,善
友,愛
友,誼
反,天
反,爿
反,加薦
反,正
反,白睚
反,目
反,死狗仔
反,抗
反,攻
反,肚
反,肚痧
反,車
反,來反去
反,制
反,映
反,省
反,背
反,倒
反,倒轉
反,射
反,悔
反,桌
反,症
反,問
反,常
反,船
反,感
反,腹
反,僥
反,對
反,對黨
反,駁
反,彈
反,輦狗仔
反,應
反,輾狗仔
反,輾轉
反,覆
反,轉
反,起反倒
反,口供
反,形
反,種
反,變
反,白目
反,白仁
反,供
反,色
反,相
叔,公
叔,伯
叔,伯兄弟
叔,伯姊妹
叔,伯的
叔,孫
叔,孫仔
叔,伯仔
取,代
取,材
取,消
取,得
取,景
取,締
受,刑人
受,困
受,制
受,苦
受,限
受,害
受,害者
受,氣
受,益
受,袂起
受,託人
受,訓
受,理
受,訪者
受,惠
受,債
受,傷
受,損
受,當袂起
受,罪
受,難
受,騙
受,教
叛,亂
叢,林
口,才
口,白
口,灶
口,供
口,味
口,服
口,面
口,音
口,座
口,氣
口,湖鄉
口,琴
口,感
口,號
口,試
口,語
口,蹄疫
口,頭
口,譯
口,湖
口,口聲聲
古,人
古,今
古,代
古,冊
古,早
古,老
古,吹
古,坑鄉
古,典
古,怪
古,板
古,物
古,物商
古,亭
古,厝
古,書
古,莊
古,都
古,堡
古,意
古,意人
古,董
古,錐
古,蹟
古,坑
古,井水雞
古,仔紙
句,點
句,讀
另,日
另,外
另,類
另,工
叩,首
叩,頭
叩,謝
只,好
只,有
只,是
只,要
叫,毋敢
叫,門
叫,客
叫,是
叫,苦
叫,做
叫,菜
叫,慘
叫,電話
叫,交替
叫,客的
叫,哭
叫,天叫地
召,喚
召,開
召,集
召,集人
召,鏡
叮,嚀
可,口
可,比
可,以
可,可仔
可,行
可,見
可,怕
可,是
可,能
可,惜
可,惡
可,惱
可,貴
可,愛
可,疑
可,憐
可,憐代
可,靠
可,觀
可,可亞
可,取
可,恨
台,大
台,斤
台,北
台,商
台,票
台,電
台,語
台,灣
台,灣人
台,北二二八紀念館
台,北市立天文科學教育館
台,北市兒童交通博物館
台,北故事館
台,北海洋館
台,北探索館
台,北當代藝術館
台,灣民俗北投文物館
台,灣林業陳列館
台,中
台,南
台,中港
台,東
台,北市
台,西鄉
台,西
台,東縣
台,東市
台,中市
台,南市
台,北車站
台,大病院
台,電大樓
台,北橋
台,南府
台,海
台,長
台,詞
台,胞
台,鐵
台,北一空一
台,北小巨蛋
史,料
史,學
司,公
司,公鈃
司,公壇
司,令
司,奶
司,法
司,長
司,馬
司,儀
司,機
司,公仔象桮
司,公象桮結相黏
各,人
各,地
各,自
各,行各業
各,位
各,界
各,國
各,種
各,馝
各,樣
各,路
各,心
合,力
合,口味
合,用
合,成
合,作
合,併
合,宜
合,法
合,股
合,奏
合,約
合,計
合,倚
合,家
合,格
合,唱
合,理
合,喙
合,掌
合,資
合,算
合,興
合,輯
合,辦
合,軀
合,該
合,身
合,同
合,做伙
吉,凶
吉,日
吉,他
吉,兆
吉,安
吉,安鄉
吉,祥
吉,野
吉,普
吉,普車
吊,大筒
吊,死
吊,車
吊,車尾
吊,鬼仔
吊,脰
吊,猴
吊,傷
吊,鼎
吊,膏
吊,槔
吊,橋
吊,頷
吊,籃
吊,癀
吊,大筒射
吊,角
同,仁
同,心
同,心協力
同,年
同,行
同,伴
同,志
同,事
同,姒
同,姒仔
同,居
同,性
同,門
同,門的
同,胞
同,時
同,情
同,情心
同,窗
同,意
同,感
同,業
同,僚
同,齊
同,樂
同,學
同,的
同,宗的
名,人
名,片
名,冊
名,字
名,次
名,利
名,望
名,條
名,產
名,勝
名,單
名,牌
名,詞
名,間鄉
名,義
名,號
名,稱
名,聲
名,醫
名,額
名,簿
名,譽
名,間
名,刺
名,姓
后,里
后,里鄉
后,里區
吐,大氣
吐,目
吐,吐
吐,肉箭
吐,舌
吐,血
吐,呃
吐,氣
吐,腸頭
吐,憐涎
吐,穗
吐,奶
向,天湖山
向,向
向,前
向,時
向,望
向,善
向,腰
向,後
向,陣仔
君,子
君,王
君,子步
吞,忍
吞,霄
吟,唱
吟,詩
否,決
否,定
否,認
吧,台
吧,哩嘓
吧,臺
吩,咐
吪,仔
吪,仔霸
吪,啊
含,冤
含,笑
含,梢
含,量
含,意
含,血霧天
含,血噴天
含,仔糖
吭,跤翹
吱,蟬
吳,郭魚
吳,真人
吵,家抐宅
吵,家抐計
吵,鬧
吵,抐
吵,家鬧宅
吸,引
吸,引力
吸,石
吸,石仔
吸,收
吸,鐵
吹,狗螺
吹,風
吹,風機
吹,螺
吼,叱叱
呂,洞賓
呃,赤酸
呈,現
呈,報
告,白
告,示
告,別
告,知
告,訴
告,辭
呔,會
周,刊
周,全
周,至
周,到
周,密
周,旋
周,圍
周,詳
周,轉
周,邊
呱,呱
呱,呱叫
味,素
味,素粉
味,覺
呵,咾
呵,茶
呸,血
呸,面
呸,痰
呸,瀾
呺,六
呼,叫
呼,呃仔
呼,屎呃
呼,音
呼,蛋
呼,喚
呼,噓仔
呼,噓噓
呼,噓噓仔
呼,噎仔
呼,觱仔
呼,應
呼,聲
呼,籲
呼,請
命,令
命,名
命,案
命,理
命,運
命,題
命,途
呿,呿嗽
咁,胿仔
咂,咂叫
咇,咇掣
咇,噗跳
咇,噗惝
和,仁
和,平
和,平鄉
和,平溪
和,好
和,尚
和,尚洲
和,美鎮
和,氣
和,順
和,睦
和,解
和,諧
和,齊
和,平區
和,美
咒,語
咒,誓
咒,罵
咒,讖
咒,詈
咕,咕公
咖,哩
咖,哩嗹囉
咖,啡
咖,啡色
咖,啡店
咖,啡廳
咖,哩嗹
咖,哩囉
咧,欲
咧,趁的
咪,咪
咬,喙
咬,喙齒根
咬,舌
咯,血
咯,咯家
咯,痰
咱,人
咳,嗽
咻,咻叫
咾,𥑮石
哀,求
哀,爸叫母
哀,怨
哀,傷
品,行
品,明
品,牌
品,種
品,管
品,質
品,並
品,寶
品,好
品,捧
哆,囉滿
哈,哈
哈,唏
哈,馬星
哈,啾
哈,螺
哈,瑪星
哎,呀
哎,喲
哎,喲喂
員,山鄉
員,工
員,外
員,林
員,林鎮
員,警
員,山
哥,哥
哦,口
哨,角
哩,哩
哩,哩囉囉
哪,毋
哪,未
哪,著
哪,會
哪,通
哪,愛
哪,使
哭,呻
哭,爸
哭,爸哭母
哭,枵
哭,路頭
哭,調仔
哭,賴
哭,齣
哭,苦
哭,冤枉
哮,喘
哱,水
哲,理
哲,學
哺,食
哼,哼叫
哼,哼呻
哽,著
哽,胿
唆,使
唌,人
唏,嚇叫
唐,山
唐,詩
唔,唔睏
唚,喙
唬,人
唬,秤頭
唭,哩岸
售,價
唯,一
唱,片
唱,出
唱,法
唱,歌
唱,盤
唱,聲
唸,謠
唸,歌
唸,歌仔
啄,蛀
啄,鼻仔
啄,龜
商,用
商,行
商,店
商,品
商,家
商,展
商,務
商,圈
商,船
商,場
商,量
商,隊
商,業
商,標
商,機
商,議
啉,水
啉,茶
啉,酒
啉,湯
啉,酒醉
問,尪姨
問,卷
問,政
問,答
問,話
問,題
啖,糝
啖,糝仔
啞,口
啟,示
啟,事
啟,明
啟,發
啤,酒
啥,人
啥,物
啥,物人
啥,貨
啥,款
啥,潲
啼,哭
啼,啼哭哭
喀,喀嗽
喀,痰
善,化
善,化鎮
善,心
善,男信女
善,良
善,惡
善,意
善,導寺
善,化區
善,報
善,人
善,信
善,終
喇,叭
喉,滇
喉,韻
喉,鐘
喉,管滇
喉,空
喊,
喋,詳
喌,喌
喑,噁
喔,喔
喘,大氣
喘,氣
喙,下斗
喙,口
喙,斗
喙,水
喙,爪
喙,白
喙,舌
喙,尾
喙,角
喙,空
喙,花
喙,臭
喙,脣
喙,脣皮
喙,殘
喙,焦
喙,焦喉渴
喙,罨
喙,箍
喙,齒
喙,齒根
喙,瀾
喙,鬚
喙,䫌
喙,笑目笑
喙,桮
喙,齒縫
喙,䫌肉
喙,瀾水
喙,琴
喙,甜舌滑
喚,起
喜,帖
喜,宴
喜,悅
喜,氣
喜,酒
喜,愛
喜,劇
喜,鵲
喜,歡
喜,齣
喜,事
喝,咻
喝,玲瑯
喝,拳
喝,魚仔
喝,價
喝,燒
喝,起喝倒
喝,暢
喝,爽
喨,仔
喪,失
喪,生
喪,事
單,一
單,人
單,元
單,打
單,字
單,曲
單,位
單,身
單,車
單,純
單,逝
單,跤手
單,調
單,獨
單,單
嗚,呼
嗤,舞嗤呲
嗺,
嗾,著
嘈,嘈滴
嘈,嘈唸
嘉,惠
嘉,義
嘉,義市
嘉,義縣
嘉,賓
嘉,獎
嘉,鱲
嘉,北
嘐,潲
嘐,潲話
嘓,子
嘓,仔
嘓,魚
嘔,心血
嘔,血
嘔,紅
嘔,酸水
嘔,紅吐血
嘛,是
嘛,欲
嘛,嘛吼
嘛,好
嘵,叱叱
嘹,拍
嘻,嘻嘩嘩
嘿,啦
噍,吧哖
噓,尿
噗,薰
噗,仔聲
噗,噗惝
噗,噗跳
噤,喙
器,材
器,具
器,官
器,重
噪,人耳
噪,血
噪,音
噪,耳
噭,噭叫
噯,仔
噴,水
噴,水池
噴,射
噴,射機
噴,漆
噴,墨
噴,點
噶,瑪蘭
噷,噷
噸,
嚇,驚
嚇,嚇叫
嚓,嚓趒
嚨,喉
嚨,喉空
嚨,喉蒂仔
嚨,喉鈴仔
嚨,喉鐘仔
嚴,冬
嚴,重
嚴,峻
嚴,格
嚴,密
嚴,肅
嚴,酷
嚴,厲
嚴,謹
嚶,哦
嚶,嚶睏
囂,俳
囉,嗦
囉,哩囉嗦
囚,犯
四,方
四,片仔
四,爿
四,句聯
四,正
四,色牌
四,序
四,秀仔
四,季
四,物仔
四,肢
四,界
四,界趖
四,重溪
四,面
四,面八方
四,海
四,破
四,神湯
四,配
四,常
四,淋垂
四,處
四,通八達
四,散
四,湖
四,湖鄉
四,腳亭
四,跤仔
四,跤仔泅
四,跤杜定
四,跤蛇
四,跤蛇仔
四,跤魚
四,箍圍仔
四,箍輾轉
四,輪
四,邊
四,角
四,跤亭
四,城
四,季豆
四,界揣
四,句聯仔
四,破魚
四,圍
四,伨
四,周圍
囝,兒
囝,孫
囝,婿
囝,婿伴
囝,婿牚
回,升
回,心轉意
回,去
回,合
回,收
回,批
回,來
回,信
回,流
回,家
回,國
回,教
回,報
回,復
回,程
回,答
回,郵
回,鄉
回,想
回,魂
回,憶
回,頭
回,應
回,歸
回,覆
回,饋
回,響
回,顧
回,話
回,南
因,此
因,果
因,為
因,素
因,端
因,緣
因,應
因,何
因,致
囡,仔
囡,仔人
囡,仔工
囡,仔兄
囡,仔囝
囡,仔疕
囡,仔性
囡,仔栽
囡,仔款
囡,仔歌
囡,仔嬰
囡,仔頭王
囡,仔鬼
囡,仔頭
囡,仔王
囡,仔姊
囤,貨
囥,步
囥,歲
囥,話
困,苦
困,境
困,擾
困,難
固,定
固,執
固,然
圈,仔
圈,套
國,人
國,土
國,小
國,中
國,內
國,內外
國,手
國,文
國,父
國,片
國,王
國,外
國,民
國,立
國,宅
國,安局
國,安會
國,有
國,防
國,防部
國,姓埔
國,姓鄉
國,姓蟯
國,府
國,法
國,度
國,界
國,科會
國,軍
國,家
國,家公園
國,庫
國,泰
國,情
國,產
國,產車
國,發會
國,稅局
國,會
國,舅
國,道
國,旗
國,歌
國,語
國,際
國,際化
國,際性
國,賠
國,營
國,寶
國,籍
國,校
國,父史蹟紀念館
國,立臺灣科學教育院
國,立台灣科學教育院
國,立臺灣博物館
國,立台灣博物館
國,立臺灣藝術教育館
國,立台灣藝術教育館
國,軍歷史文物館
國,姓
國,父紀念館
國,曆
國,一
圍,巾
圍,仔內
圍,捕
圍,堵
圍,棋
圍,裙仔
圍,標
圍,牆
圍,軀裙
圍,軀裙仔
圍,爐
圍,觀
圍,身裙
園,地
園,區
園,遊會
園,藝
圓,山仔
圓,仔
圓,仔花
圓,仔湯
圓,仔粞
圓,形
圓,栱門
圓,圓
圓,滿
圓,箍仔
圓,環
圓,栱橋
圓,房
圖,文
圖,片
圖,示
圖,形
圖,表
圖,書
圖,書館
圖,案
圖,畫
圖,像
圖,樣
圖,騰
團,長
團,員
團,結
團,費
團,隊
團,圓
團,體
土,人
土,公仔
土,公仔性
土,木
土,包仔
土,地
土,地公
土,耳其
土,性
土,直
土,城
土,城市
土,星
土,風舞
土,匪
土,師
土,庫鎮
土,菝仔
土,想
土,話
土,檨仔
土,雞仔
土,城區
土,庫
土,產
土,地公生
土,名
在,人
在,世
在,生
在,地
在,地人
在,在
在,來米
在,於
在,室女
在,室的
在,座
在,野
在,野黨
在,場
在,意
在,職
在,額
在,欉黃
在,膽
在,欉的
在,朝
在,欉紅的
在,欉黃的
在,室男
在,手
在,下
在,先
地,下
地,下水
地,下室
地,下道
地,下鐵
地,支
地,方
地,牛翻身
地,主
地,平線
地,皮
地,名
地,位
地,利
地,址
地,形
地,步
地,板
地,表
地,段
地,界
地,面
地,租
地,動
地,區
地,域
地,基
地,基主
地,帶
地,球
地,球村
地,理
地,理仙
地,理師
地,產
地,毯
地,號名
地,雷
地,圖
地,獄
地,價
地,層
地,標
地,盤
地,質
地,頭
地,檢署
地,點
地,陷
地,府
地,勢
地,鐵
地,頭蛇
圳,溝
坉,平
坉,塗
坉,錢
坎,仔
坎,坎坷坷
坎,站
坐,向
坐,位
坐,桌
坐,清
坐,監
坐,數
坐,禪
坐,毋著
坐,底
坐,不是
坐,墊
坑,崁
坑,溝
坑,口
坦,白
坦,直
坦,倒
坦,徛
坦,然
坦,敧
坦,敧身
坦,橫
坦,覆
坦,
坦,笑
坦,斜
坩,仔
坪,林尾
坪,林鄉
坪,數
坪,林區
坪,林
坱,埃
垂,直
垂,肩
垃,圾
垃,圾仔
垃,圾病
垃,圾鬼
垃,圾話
垃,儳
垃,儳仔
垃,儳風
型,式
型,態
型,錄
埋,伏
埋,怨
城,市
城,堡
城,隍
城,隍廟
埔,心
埔,心鄉
埔,里鎮
埔,姜
埔,姜崙
埔,姜頭
埔,鹽鄉
埔,鹽
埔,里
埕,斗
埠,頭
埤,頭鄉
埤,頭
執,行
執,法
執,政
執,政黨
執,筆
執,勤
執,意
執,業
執,照
培,育
培,訓
培,墓
培,養
基,本
基,因
基,地
基,金
基,金會
基,隆
基,隆山
基,隆市
基,隆河
基,隆港
基,準
基,督
基,督教
基,層
基,礎
基,模
堂,的
堂,堂
堅,巴
堅,守
堅,決
堅,疕
堅,固
堅,定
堅,信
堅,持
堅,凍
堅,乾
堅,強
堅,痡
堅,心
堆,肥
堆,積
堤,防
報,仇
報,水披
報,刊
報,名
報,考
報,告
報,告書
報,到
報,社
報,表
報,冤
報,恩
報,案
報,紙
報,馬仔
報,復
報,稅
報,答
報,業
報,路
報,酬
報,價
報,數
報,銷
報,導
報,頭
報,警
報,戶口
報,鳥鼠仔冤
報,春花
報,冤仇
場,合
場,地
場,所
場,面
場,面話
塌,本
塌,底
塌,空
塌,落
塌,跤
塌,錢
塌,仔底
塌,縫
塑,身
塑,造
塑,膠
塑,膠桶
塑,膠袋仔
塗,水
塗,水師
塗,牛翻身
塗,色
塗,沙
塗,豆
塗,豆仁
塗,豆油
塗,豆糖
塗,尪仔
塗,刺
塗,油
塗,虱
塗,挑
塗,炭
塗,炭丸
塗,師
塗,庫莊
塗,粉
塗,蚓
塗,墼
塗,墼厝
塗,捀
塗,溝糜
塗,溝糜仔
塗,跤
塗,魠
塗,龍
塗,糜
塗,糜漿
塗,礱
塗,州
塗,沙粉
塗,豆麩
塗,質
塗,石流
塗,肉
塗,城區
塗,城
塗,庫鎮
塗,庫
塗,粉仔
塗,糊糜
塗,沙粉仔
塚,山
塚,仔埔
塞,鼻
塞,錢予人
填,本
填,海
塭,仔
境,內
境,地
境,界
墈,跤
墓,仔埔
墓,地
墓,埕
墓,牌
墓,龜
墓,壙
墓,紙
墓,錢
墜,仔
墜,腸
墜,落
墜,跤氣
墜,繩
增,加
增,生
增,長
增,添
增,進
增,資
墨,斗
墨,水
墨,汁
墨,硯
墨,賊
墨,賊仔
墨,盤
墮,落
墮,胎
墳,墓
墾,丁
壁,空
壁,虎
壁,紙
壁,堵
壁,畫
壁,櫥
壅,田
壅,肥
壓,力
壓,制
壓,味
壓,迫
壓,縮
壓,霸
壓,霸的人
壟,斷
士,兵
士,官
士,林
士,林區
士,氣
壯,大
壯,圍鄉
壯,麗
壯,觀
壯,圍
壽,山
壽,衣
壽,命
壽,枋
壽,板
壽,金
壽,險
壽,龜
壽,豐
壽,豐鄉
壽,豐溪
壽,麵
夏,天
夏,日
夏,仔
夏,令營
夏,至
夏,季
夏,侯
夕,陽
外,人
外,力
外,口
外,公
外,文
外,出
外,包
外,外
外,用
外,交
外,向
外,地
外,在
外,行
外,位
外,形
外,來
外,表
外,型
外,流
外,界
外,省
外,科
外,衫
外,面
外,埔鄉
外,套
外,孫
外,家
外,島
外,海
外,商
外,國
外,國人
外,痔
外,移
外,部
外,野
外,勞
外,圍
外,場
外,殼
外,甥
外,甥仔
外,債
外,傷
外,匯
外,媽
外,資
外,路仔
外,貌
外,銷
外,澳
外,頭
外,籍
外,觀
外,甥女
外,才
外,埠頭
外,埔區
外,埔
外,家厝
外,務
外,行的
外,行人
外,庄頭
多,元
多,元化
多,少
多,良
多,角化
多,事
多,林
多,情
多,媒體
多,數
多,樣
多,餘
多,謝
多,變
夜,市
夜,色
夜,婆
夜,婆仔
夜,景
夜,間
夜,間部
夜,勤
夜,總會
夜,班
夜,工
夜,市仔
夠,工
夠,分
夠,水
夠,本
夠,用
夠,氣
夠,夠
夠,額
夠,月
夢,中
夢,幻
夢,見
夢,想
夢,境
夢,時代
夥,計
夥,計仔
大,人
大,力
大,下
大,丈夫
大,大細細
大,山
大,山剌
大,不了
大,內鄉
大,夫
大,屯山
大,心氣
大,戶
大,手筆
大,方
大,日
大,月
大,火
大,王
大,爿
大,主大意
大,代誌
大,仙寺
大,兄
大,四界
大,本
大,本營
大,甲
大,甲溪
大,甲蓆
大,甲鎮
大,目
大,目降
大,同
大,同仔
大,同區
大,同鄉
大,名
大,囝
大,地
大,多數
大,安
大,安區
大,安鄉
大,安溪
大,老
大,耳
大,自然
大,舌
大,舌口
大,衣
大,西洋
大,庄
大,位
大,作
大,伯
大,局
大,批
大,村鄉
大,灶
大,肚
大,肚山
大,肚仔魚
大,肚鄉
大,肚溪
大,肚胿
大,里
大,里市
大,里杙
大,里溪
大,妗
大,事
大,佳臘
大,使
大,使館
大,坪林
大,姑
大,姑仔
大,姆
大,姊
大,宗
大,官
大,官仔
大,官虎
大,房
大,拖
大,東
大,林
大,林鎮
大,武
大,武山
大,武鄉
大,直
大,社
大,社鄉
大,門
大,雨
大,坵園
大,便
大,前年
大,型
大,城鄉
大,姨
大,後日
大,後年
大,昨日
大,某
大,炮
大,約
大,面神
大,個
大,厝
大,哥
大,埔心
大,埔林
大,埔鄉
大,娘姑
大,孫
大,家
大,家口
大,家仔
大,家官
大,展
大,師
大,氣
大,氣喘
大,海
大,秤
大,陣
大,埕
大,捗拇
大,捗翁
大,國
大,埤鄉
大,專
大,將
大,理石
大,略
大,眾
大,眾化
大,笠
大,細
大,細丈
大,細心
大,細仙
大,細目
大,細腎
大,細輦
大,部份
大,陸
大,雪
大,雪山
大,麻
大,寒
大,富
大,富大貴
大,富翁
大,幅
大,摒掃
大,暑
大,港
大,湧
大,湖
大,湖口
大,湖鄉
大,牌
大,筆
大,筒
大,華
大,象
大,量
大,開眼界
大,雅鄉
大,嵙崁
大,嵙陷
大,蛚
大,園鄉
大,意
大,會
大,業
大,概
大,溪
大,溪鎮
大,窟草
大,腸
大,腹肚
大,舅
大,話
大,路
大,跤胴
大,道公
大,隘
大,鼓
大,壽
大,漢
大,漢溪
大,綱
大,腿
大,腿骨
大,銀
大,餅
大,箍
大,箍呆
大,墜腸
大,寮
大,寮鄉
大,寫
大,廣絃
大,廠
大,慶
大,樓
大,熱
大,獎
大,盤
大,範
大,蔥頭
大,賣
大,賣場
大,學
大,學生
大,戰
大,樹
大,樹鄉
大,樹跤
大,興宮
大,選
大,頷胿
大,頭拇
大,頭菜
大,頭鼠仔
大,餐
大,龍泵
大,嶼
大,戲
大,礁溪
大,聲
大,聲話
大,膽
大,鎈
大,龐
大,櫥
大,麵
大,霸尖山
大,欉
大,體
大,壩仔
大,廳
大,𡳞脬
大,㘛
大,紅花
大,伯仔
大,端
大,人大種
大,水柴
大,出
大,出手
大,目孔
大,百
大,身大命
大,注
大,肥
大,張的
大,漢囝
大,翻頭
大,嚨喉空
大,趁錢
大,水
大,的
大,安森林公園
大,稻埕偶戲館
大,溪區
大,園區
大,園
大,甲區
大,雅區
大,雅
大,肚區
大,里區
大,村
大,城
大,埤
大,埔
大,內區
大,內
大,寮區
大,樹區
大,社區
大,湖公園
大,橋頭
大,橋
大,百的
大,車拚
大,豆
大,肚胿仔
大,段
大,飯店
大,割
大,海漲
大,旱
大,跤筒
大,妗喙
大,粒番薑
大,賣價
大,母人大母種
大,母四公界
大,拇公
大,拇頭
大,拇翁
大,墓公
大,錢
大,嫂
大,鯊
大,身命
大,聲野喉
大,食
大,收
大,手面
大,俗賣
大,筒射
大,筒仔
大,頭蔥
大,頭狗母
大,武四界
大,細聲
大,張
大,注錢
天,九牌
天,下
天,才
天,井
天,公
天,公生
天,公金
天,公祖
天,反地亂
天,文
天,文台
天,文臺
天,文館
天,王
天,主教
天,平
天,母
天,生
天,份
天,光
天,后
天,后宮
天,地
天,色
天,災
天,良
天,使
天,命
天,性
天,狗食日
天,狗食月
天,狗熱
天,空色
天,花
天,花板
天,長地久
天,星
天,庭
天,時
天,氣
天,真
天,秤
天,堂
天,涯
天,理
天,頂
天,然
天,然痘
天,窗
天,意
天,經地義
天,際
天,價
天,線
天,賦
天,遮
天,橋
天,篷
天,鵝
天,邊
天,體
天,公爐
天,公地道
天,公伯仔
天,公仔囝
天,暗
天,跤下
天,欲光
太,子
太,太
太,平
太,平山
太,平市
太,平洋
太,白星
太,白粉
太,白酒
太,妹
太,的
太,空
太,空船
太,保
太,保市
太,麻里
太,麻里鄉
太,陽
太,極
太,極拳
太,監
太,武山
太,魯閣大山
太,平區
太,魯閣號
太,魯閣
太,原
太,公
太,子爺
夫,人
夫,君
夫,妻
夫,婦
夫,婿
夭,折
夭,壽
夭,壽仔
夭,壽短命
夭,壽骨
央,三託四
央,倩
央,教
央,叫
夯,枷
失,人禮
失,手
失,主
失,去
失,收
失,志
失,言
失,事
失,味
失,明
失,信
失,約
失,重
失,效
失,真
失,眠
失,神
失,常
失,敗
失,望
失,陪
失,傳
失,意
失,敬
失,業
失,落
失,電
失,算
失,誤
失,德
失,調
失,聲
失,禮
失,蹤
失,覺察
失,戀
失,體面
失,策
失,頓枵飢
失,面子
失,勢
失,約定
夾,仔
夾,菜
夾,鼎
夾,鍋
奇,幻
奇,巧
奇,妙
奇,岩
奇,怪
奇,武卒
奇,美
奇,異
奇,數
奇,蹟
奇,觀
奇,萊主山北峰
奈,何
奉,天宮
奉,茶
奉,送
奉,勸
奉,獻
奉,待
奉,侍
奏,樂
契,兄
契,母
契,囝
契,爸
契,約
奔,走
奔,波
套,房
套,裝
套,話
套,頭話
套,口供
奢,華
奢,颺
奧,妙
奧,祕
奧,運
奮,起湖
奮,鬥
奮,戰
女,人
女,士
女,子
女,方
女,王
女,主角
女,兒
女,性
女,朋友
女,郎
女,神
女,鬼
女,將
女,裝
奴,才
奴,婢
奴,隸
奶,水
奶,仔
奶,仔肉
奶,仔帕
奶,母
奶,母車
奶,肉
奶,帕
奶,帕仔
奶,茶
奶,喙仔
奶,罩
奶,頭
奶,癌
奶,䘥仔
奸,巧
奸,臣
奸,細
奸,雄
奸,詭
奸,險
奸,計
奸,詐
好,人
好,友
好,天
好,心
好,歹
好,比
好,兄弟
好,用
好,囝
好,好
好,好人
好,年冬
好,死
好,色
好,育飼
好,事
好,佳哉
好,奇
好,奇心
好,性地
好,朋友
好,空
好,客
好,看
好,食
好,笑
好,笑神
好,酒
好,康
好,彩頭
好,處
好,喙
好,喙斗
好,款
好,量
好,勢
好,意
好,感
好,話
好,運
好,像
好,漢
好,鼻獅
好,價
好,膽
好,禮
好,額
好,額人
好,聽
好,跤好手
好,得
好,日
好,代
好,玄
好,份
好,死毋死
好,看頭
好,唯是
好,食睏
好,好仔
好,命
好,報
好,報應
好,代誌
好,冬
好,吉兆
好,講
好,空的
好,睏
好,扭搦
好,收
好,收成
好,頭彩
好,物件
好,消息
好,字運
如,今
如,夫人
如,同
如,此
如,此如此
如,何
如,來
如,來佛祖
如,果
如,意
妓,女
妓,女戶
妓,女院
妖,怪
妖,術
妖,道
妖,精
妖,嬌
妖,孽
妗,仔
妗,婆
妙,方
妝,娗
妝,點
妥,協
妥,當
妨,害
妨,礙
妯,娌
妹,婿
妻,舅
姆,仔
姆,婆
姊,夫
姊,仔
姊,妹
姊,妹仔
姊,妹仔伴
姊,妹淘
始,終
姐,母
姐,母仔
姑,丈
姑,丈公
姑,不而將
姑,表
姑,姨
姑,娘
姑,婆
姑,情
姑,換嫂
姑,爺
姑,不二三將
姑,不將
姓,名
委,任
委,屈
委,員
委,員會
委,託
姦,恁娘
姦,情
姦,撟
姦,夫
姨,丈
姨,丈公
姨,仔
姨,表
姨,婆
姪,仔
姻,緣
姼,仔
姼,仔詼
姿,色
姿,娘
姿,勢
姿,態
威,力
威,風
威,脅
威,嚇
威,嚴
威,權
娘,仔
娘,仔絲
娘,仔葉
娘,仔樹
娘,仔樹子
娘,仔觳
娘,仔觳仔
娘,仔繭
娘,囝
娘,娘
娘,嬭
娘,𡢃
娘,仔豆
娘,繭
娛,樂
娶,某
娶,新娘
娶,新婦
娼,寮
娼,頭
婆,仔
婆,姐
婊,囝
婊,間
婊,頭
婚,姻
婚,約
婚,禮
婦,人
婦,人人
婦,女
婦,產科
媌,仔
媌,母
媌,頭
媒,人
媒,人公
媒,人婆
媒,人婆仔
媒,人喙
媒,人禮
媒,介
媒,體
媒,人錢
媒,人錢較貴聘金禮
媠,色
媠,氣
媠,噹噹
媠,媠
媠,面
媠,䆀
媳,婦
媽,宮
媽,祖
媽,祖田
媽,祖宮
媽,祖廟
媽,媽
媽,祖婆
媽,姨
媽,祖娘
嫁,查某囝
嫁,翁
嫁,娶
嫁,粧
嫂,仔
嫉,妒
嫌,犯
嫌,疑
嫖,客
嫦,娥
嬈,花
嬰,仔
嬰,母仔
嬸,婆
子,女
子,仔
子,民
子,弟
子,弟戲
子,孫
子,孫桶
子,宮
子,宮頸
子,時
子,弟班
子,弟團
孔,子
孔,子公
孔,子廟
孔,明車
孔,雀
孕,育
字,爿
字,母
字,典
字,型
字,紙
字,紙籠
字,眼
字,號
字,運
字,劃
字,幕
字,樣
字,據
字,體
字,姓
字,勻
字,畫
字,目
存,心
存,戶
存,在
存,死
存,取
存,後步
存,活
存,貨
存,款
存,範
存,檔
存,意
孝,女
孝,子
孝,心
孝,呆
孝,杖
孝,男
孝,孤
孝,衫
孝,順
孝,敬
孝,尾囝
孝,男面
孝,呆的
孝,尾
孝,尾仔
孝,尾仔囝
季,刊
季,軍
季,節
孤,毛絕種
孤,立
孤,囝
孤,身
孤,兒
孤,兒院
孤,寂
孤,單
孤,獨
孤,霜
孤,𣮈
孤,𣮈的
孤,𣮈絕種
孤,查某囝
孤,佬
孤,鳥
孤,跤手
孤,雞仔
孤,爿
孤,孀
孩,童
孫,仔
孫,婿
孫,新婦
孵,卵
孵,岫
孵,膿
學,人
學,力
學,士
學,工夫
學,分
學,仔
學,仔仙
學,生
學,甲鎮
學,名
學,年
學,年度
學,位
學,府
學,者
學,長
學,界
學,科
學,員
學,徒
學,校
學,院
學,區
學,問
學,堂
學,理
學,習
學,術
學,術界
學,期
學,童
學,費
學,會
學,業
學,話
學,說
學,寮
學,歷
學,甲區
學,甲
學,校長
孽,子
孽,潲
孽,譎仔話
孽,畜仔話
孽,仔話
宅,仔
宇,宙
守,法
守,空房
守,則
守,宮
守,備
守,節
守,寡
守,暝
守,衛
守,舊
守,護
守,信
守,約
安,土
安,心
安,平區
安,平鎮
安,打
安,份
安,全
安,全感
安,宅
安,床
安,身
安,定
安,定鄉
安,南區
安,胎
安,家
安,眠
安,康
安,排
安,通
安,插
安,然
安,搭
安,置
安,葬
安,裝
安,詳
安,頓
安,寧
安,慰
安,撫
安,樂區
安,養
安,靜
安,穩
安,靈
安,太歲
安,定區
安,樂
安,南
安,平
宋,江陣
宋,米仔
宋,盼的
宋,盼
完,工
完,全
完,成
完,完全全
完,美
完,婚
完,畢
完,備
完,結
完,結篇
完,善
完,整
完,稅
完,租
宏,觀
宕,
宗,旨
宗,祠
宗,教
宗,親
官,方
官,司
官,田鄉
官,田溪
官,佃
官,兵
官,員
官,場
官,話
官,僚
官,職
官,廳
官,田區
官,田
官,府
官,吏
定,去
定,光佛廟
定,存
定,位
定,定
定,居
定,性
定,金
定,律
定,時
定,案
定,做
定,速
定,期
定,著
定,罪
定,義
定,銀
定,價
定,論
定,點
定,額
定,親
定,貨
宛,如
宛,然
宜,蘭
宜,蘭市
宜,蘭河
宜,蘭縣
客,人
客,戶
客,串
客,房
客,家
客,家人
客,家話
客,氣
客,鳥
客,棧
客,源
客,話
客,運
客,語
客,機
客,廳
客,觀
客,滿
客,店
宣,布
宣,示
宣,佈
宣,判
宣,告
宣,言
宣,揚
宣,傳
宣,稱
宣,誓
宣,導
宣,戰
宣,讀
室,內
室,外
室,溫
宮,女
宮,公
宮,廷
宮,殿
宮,廟
害,了了
害,去
害,蟲
宴,客
宴,會
宴,請
宵,夜
宵,禁
家,己
家,己人
家,內
家,用
家,甲
家,伙
家,扶
家,扶中心
家,私
家,私頭
家,私頭仔
家,事
家,具
家,長
家,門
家,後
家,家戶戶
家,庭
家,庭主婦
家,務
家,婆
家,教
家,族
家,產
家,鄉
家,園
家,禽
家,電
家,境
家,譜
家,屬
家,廟
家,內事
容,允
容,忍
容,易
容,納
容,貌
容,器
容,積
容,積率
容,顏
宿,命
宿,舍
宿,怨
宿,題
寂,寞
寂,靜
寄,付
寄,仔生
寄,生
寄,生仔
寄,生蟲
寄,批
寄,金簿仔
寄,託
寄,望
寄,話
寄,藥包
寄,罪
寄,跤
寄,蹛
寄,喙
寄,徛
寄,金
寄,居
密,切
密,告
密,室
密,度
密,婆
密,密
密,集
密,喌喌
密,實
密,碼
密,密是
富,士山
富,戶
富,里
富,里鄉
富,岡
富,強
富,貴
富,貴角
富,源
富,源溪
富,裕
富,豪
富,貴花
寒,人
寒,天
寒,天人
寒,冬
寒,冷
寒,流
寒,衫
寒,風
寒,假
寒,著
寒,熱
寒,熱仔
寒,露
寒,酸
寒,天衫
寡,婦
寢,室
寢,頭
寢,開始
寢,頭仔
實,力
實,用
實,地
實,在
實,行
實,作
實,例
實,況
實,施
實,務
實,情
實,現
實,習
實,腹
實,話
實,際
實,鼻
實,價
實,質
實,踐
實,戰
實,櫼
實,驗
實,驗室
實,體
實,䈄
實,頭
實,鼻聲
實,頭實腦
實,在話
寧,可
寧,靜
寧,願
審,判
審,定
審,查
審,核
審,問
審,理
審,視
審,議
寫,生
寫,字
寫,作
寫,批
寫,真
寫,真集
寫,照
寫,實
寬,大
寬,限
寬,容
寬,恕
寬,寬仔
寬,寬仔是
寬,廣
寬,頻
寬,闊
寬,行
寮,仔
寵,物
寵,倖
寵,愛
寶,山鄉
寶,斗
寶,石
寶,貝
寶,典
寶,島
寶,座
寶,桑莊
寶,惜
寶,貴
寶,劍
寶,藏
寶,山
寸,尺
寸,棗
寺,院
寺,廟
封,王
封,肉
封,建
封,面
封,釘
封,條
封,殺
封,閉
封,喙
封,鎖
封,頭壁
射,門
射,程
射,箭
將,士
將,才
將,來
將,近
將,軍
將,軍莊
將,軍鄉
將,軍區
專,人
專,工
專,才
專,心
專,用
專,任
專,利
專,攻
專,制
專,注
專,長
專,門
專,政
專,科
專,員
專,家
專,書
專,案
專,訪
專,業
專,精
專,線
專,機
專,輯
專,櫃
專,職
專,題
專,欄
專,權
尉,遲
尊,長
尊,重
尊,貴
尊,敬
尊,稱
尊,嚴
尊,存
對,不住
對,不起
對,分
對,反
對,手
對,方
對,比
對,付
對,半
對,外
對,白
對,立
對,年
對,抗
對,沖
對,岸
對,拄
對,拗
對,待
對,指
對,看
對,面
對,面襟仔
對,時
對,喙
對,換
對,焦
對,等
對,策
對,答
對,象
對,準
對,照
對,話
對,數
對,談
對,調
對,頭
對,應
對,襟仔
對,襟仔衫
對,同
對,相
對,頭親
對,重
對,頭風
對,頭誤
對,角
對,聯
對,面風
對,問
對,訊
對,質
導,向
導,師
導,航
導,遊
導,演
導,覽
小,人
小,口
小,子
小,小
小,山
小,工
小,丑
小,丑仔
小,心
小,月
小,木
小,可仔
小,旦
小,玉仔
小,生
小,白菜
小,名
小,囝
小,米
小,弟
小,肚
小,事
小,使
小,兒
小,兒科
小,兒麻痺
小,叔
小,叔仔
小,妹
小,姑
小,姑仔
小,姐
小,朋友
小,法
小,便
小,南門
小,型
小,島
小,時
小,鬼
小,鬼仔殼
小,票
小,組
小,販
小,雪
小,鳥
小,寒
小,提琴
小,暑
小,港
小,港區
小,等
小,腸
小,路
小,滿
小,碧潭
小,管仔
小,腿
小,說
小,銀
小,數
小,賣
小,學
小,學生
小,礁溪
小,嬸
小,鎮
小,觀音山
小,食
小,碧潭支線
小,產
小,吹
小,定
小,路仔
小,略仔
小,聘
小,使仔
少,女
少,年
少,年家
少,校
少,缺
少,將
少,爺
少,數
少,年人
少,歲
少,年的
少,少
尖,刀
尖,山
尖,石鄉
尖,挑
尖,掘
尖,喙夾仔
尖,喙掘仔
尖,跤幼手
尖,鑽
尖,石
尖,掘仔
尖,仔米
尚,未
尤,其
尪,公仔
尪,仔
尪,仔冊
尪,仔物
尪,仔面
尪,仔書
尪,仔標
尪,仔頭
尪,姨
尪,架桌
就,任
就,近
就,按呢
就,是
就,業
就,職
就,醫
就,學
尻,川
尻,川口
尻,川斗
尻,川後
尻,川骨
尻,川溝
尻,川頭
尻,川䫌
尻,脊
尻,脊扒仔
尻,脊後
尻,脊骿
尻,川孔
尼,姑
尼,姑庵
尾,二指
尾,手
尾,牙
尾,仔
尾,仔囝
尾,囝
尾,後
尾,指
尾,指仔
尾,指指
尾,指指仔
尾,指頭仔
尾,胴骨
尾,脽
尾,暗仔
尾,溜
尾,蝶
尾,蝶仔
尾,幫車
尾,聲
尾,抅仔
尾,來
尾,局
尾,帖藥
尿,斗
尿,斗仔
尿,帕仔
尿,盂仔
尿,苴仔
尿,苴仔𩛩
尿,桶
尿,桸
尿,壺
尿,道
尿,管
尿,滓
尿,袋
尿,裙仔
局,長
局,限
局,面
局,部
局,勢
屁,窒仔
居,民
居,住
屈,服
屈,辱
屍,體
屎,尿
屎,尾
屎,桶
屎,桶觳仔
屎,桮
屎,桮齒
屎,桮篾
屎,桮篾仔
屎,龜
屎,礐
屎,礐仔
屎,礐仔間
屎,礐仔蟲
屎,礐蟲
屎,𣁳仔
屎,面
屎,尿布
屎,桶仔
屏,東
屏,東市
屏,東線
屏,東縣
屏,遮那
屏,風
展,出
展,示
展,威
展,風神
展,望
展,現
展,開
展,翼
展,寶
展,覽
展,覽會
展,勥
展,𠢕
屘,仔
屘,仔囝
屘,囝
屜,仔
屠,殺
層,次
層,面
層,級
履,行
履,歷
履,歷表
屧,手縫
屧,貼
屬,性
屬,於
屬,下
山,上鄉
山,水
山,仔頂
山,仔跤
山,石
山,地
山,地門
山,尖
山,羊
山,伯英台
山,尾溜
山,谷
山,里
山,佳
山,坪
山,坡
山,坡地
山,東白仔
山,剌
山,後鳥
山,洞
山,珍海味
山,苳蒿
山,峰
山,崁
山,脈
山,區
山,崩
山,崙
山,莊
山,野
山,頂
山,勢
山,溝
山,盟海誓
山,腰
山,貉
山,賊
山,路
山,跤
山,雺
山,歌
山,線
山,豬
山,貓
山,頭
山,嶺
山,巔
山,空
山,球
山,腹
山,崎
山,內
山,上區
山,上
山,鼻
山,坑
山,空仔
山,狸仔
山,裡
山,馬仔
山,牛犅
山,泉水
山,尾仔
山,鹽酸
山,藥
山,葉薯
山,珍
岡,山
岡,山鎮
岡,山區
岩,石
岳,父
岸,邊
峇,微
峇,文
峨,眉鄉
峨,眉
島,嶼
峽,谷
崁,仔跤
崁,頂
崁,頂鄉
崁,跤
崁,蓋
崁,頭崁面
崁,仔頂
崇,拜
崇,德
崎,仔
崎,頂
崙,仔
崙,仔頂
崙,背鄉
崙,背
崩,山
崩,盤
嵌,頭屋
嶺,腳
川,七
川,貝
川,芎
巡,查
巡,航
巡,迴
巡,視
巡,禮
巡,邏
巢,窟
工,人
工,友
工,夫
工,仔
工,地
工,作
工,作狂
工,作室
工,作站
工,事
工,具
工,研院
工,商
工,商界
工,商業
工,場
工,期
工,程
工,程師
工,會
工,業
工,業化
工,業界
工,業區
工,資
工,寮
工,廠
工,課
工,錢
工,頭
工,藝
工,讀生
左,右
左,派
左,營
左,營區
左,鎮鄉
左,鎮區
左,鎮
巧,合
巧,克力
巧,妙
巧,神
巧,骨
巧,氣
巨,蛋
差,不多
差,別
差,教
差,異
差,距
差,錯
差,額
差,押
已,然
已,經
巴,士
巴,郎
巴,脊
巴,陵
巴,結
巴,壟衛
巴,壟
巷,仔
巷,仔口
巷,仔內的
巷,仔頭
巾,仔
市,中心
市,內
市,民
市,立
市,長
市,政
市,政府
市,面
市,容
市,草
市,區
市,場
市,集
市,價
市,議會
市,郊
市,內倯
市,外
市,鎮
布,市仔
布,目
布,身
布,料
布,條
布,袋
布,袋喙
布,袋戲
布,袋鎮
布,景
布,置
布,鞋
布,機
布,頭
布,頭布尾
布,篷
布,攄仔
布,棚
布,幼仔
布,施
布,市
布,拖仔
布,尾
帆,布
帆,船
希,罕
希,望
帕,仔
帖,仔
帝,王
帝,國
帝,爺公
師,公
師,公仔
師,父
師,仔
師,兄
師,母
師,生
師,姑
師,長
師,孫仔
師,傅
師,資
師,範的
師,仔工
師,傅工
席,次
帶,手
帶,手物
帶,回
帶,孝
帶,身命
帶,來
帶,念
帶,狀
帶,桃花
帶,病
帶,衰
帶,動
帶,領
帶,膭
帶,身人
常,用
常,在
常,務
常,常
常,識
帽,仔
幅,度
幌,中秋
幌,公秋
幌,公鞦
幌,笱
幌,頭仔
幌,韆鞦
幌,籮仔
幌,頭
幔,咧
幔,被仔
幕,後
幕,僚
幡,仔
幢,幡
幫,忙
幫,助
幫,派
幫,浦
幫,浦仔
幫,贊
干,干仔
干,休
干,貝
干,涉
干,焦
干,經
干,樂
干,擾
干,豆
干,豆宮
干,豆媽
干,仔
平,凡
平,仄
平,分
平,反
平,手
平,方
平,日
平,台
平,平
平,正
平,民
平,交道
平,地
平,地人
平,安
平,行
平,均
平,和
平,坦
平,直
平,面
平,原
平,埔
平,埔番
平,時
平,常
平,常時
平,湖
平,等
平,順
平,溪
平,溪鄉
平,溪線
平,衡
平,靜
平,鎮市
平,穩
平,階
平,洋
平,溪區
平,鎮區
平,鎮
平,棒
平,階的
平,信
年,久月深
年,少
年,代
年,冬
年,份
年,年
年,老
年,尾
年,尾囡仔
年,底
年,初
年,金
年,度
年,紀
年,限
年,級
年,荒
年,兜
年,終
年,華
年,費
年,會
年,歲
年,節
年,資
年,頭
年,薪
年,關
年,齡
年,鑑
年,柑
年,尾兜
幸,運
幸,福
幹,事
幹,部
幻,想
幻,滅
幼,囝
幼,秀
幼,兒
幼,骨
幼,教
幼,貨
幼,稚
幼,稚園
幼,路
幼,齒
幼,聲
幼,麵麵
幼,糠
幼,米粉
幼,母仔
幼,膩
幽,幽仔疼
幽,雅
幾,工
幾,何
幾,若
幾,若工
庄,跤
庄,頭
庄,跤人
庄,跤倯
庇,佑
床,巾
床,母
床,帳
床,鋪
床,舖
床,頭
序,大
序,大人
序,細
序,幕
底,片
底,代
底,系
底,時
底,細
底,部
底,當時
底,蒂
底,價
底,盤
底,線
底,薪
店,主
店,仔
店,仔口
店,長
店,亭仔
店,面
店,員
店,號
店,頭
店,頭家
店,口
店,頭厝
府,中
府,城
度,小月
度,針
度,假
度,量
度,晬
度,過
度,數
度,會過
座,談
座,談會
庫,存
庫,房
庫,銀
庫,錢
庵,古坑
康,健
康,樂
廉,價
廚,子
廚,房
廟,公
廟,仔
廟,宇
廟,寺
廟,祝
廟,埕
廟,會
廟,口
廠,房
廠,長
廠,商
廠,牌
廢,止
廢,水
廢,物
廢,氣
廢,除
廢,棄
廢,棄物
廢,話
廢,標
廣,大
廣,告
廣,泛
廣,場
廣,義
廣,電
廣,福宮
廣,播
廣,播劇
廬,山
廳,堂
廳,頭
延,平鄉
延,伸
延,延
延,長
延,後
延,期
延,誤
延,燒
延,遲
延,續
延,平
建,立
建,材
建,材行
建,言
建,治家後
建,物
建,商
建,設
建,造
建,照
建,置
建,構
建,築
建,築物
建,築師
建,議
建,古
廿,一
弄,狗相咬
弄,風
弄,喙花
弄,新娘
弄,獅
弄,龍
弄,鐃
弄,家散宅
弊,案
弊,端
弓,仔
弓,開
弓,蕉
弓,蕉油
引,入
引,用
引,言
引,來
引,述
引,起
引,渡
引,發
引,進
引,誘
引,領
引,魂
引,擎
引,𤆬
引,薦
弘,法
弟,子
弟,婦仔
弦,樂
弱,者
弱,勢
弱,點
張,老
張,李
張,身勢
張,持
張,許
張,鳥鼠
張,掇
張,等
張,廖
張,簡
張,大千紀念館
強,力
強,大
強,化
強,行
強,壯
強,求
強,制
強,押
強,姦
強,度
強,迫
強,弱
強,烈
強,強
強,欲
強,盜
強,硬
強,勢
強,搶
強,摃
強,暴
強,調
強,辯
強,權
強,劫
彈,性
彈,奏
彈,琴
彈,繩
彌,陀港
彌,陀鄉
彌,補
彌,濃
彌,陀區
彌,陀
彎,曲
彎,來斡去
彎,彎斡斡
彎,彎曲曲
形,式
形,成
形,狀
形,容
形,象
形,勢
形,態
形,影
形,款
彩,色
彩,妝
彩,券
彩,頭
彩,繪
彰,化
彰,化市
彰,化縣
彰,顯
影,片
影,本
影,目
影,印
影,星
影,音
影,展
影,迷
影,帶
影,視
影,集
影,像
影,壇
影,戲
影,響
影,響力
影,跡
影,印本
彷,彿
役,男
彼,一日
彼,爿
彼,此
彼,時
彼,站
彼,陣
彼,款
彼,搭
彼,號
彼,跡
彼,頭
彼,擺
彼,个
彼,當陣
彼,當陣仔
彼,工
彼,日
彼,位
往,日
往,生
往,回的
往,年
往,事
往,來
往,往
往,後
往,時
往,常
往,復
往,過
往,擺
往,診
往,回
征,服
征,露丸
待,命
待,遇
律,師
後,山
後,山埤
後,天
後,手
後,斗
後,日
後,日仔
後,月日
後,世
後,世人
後,仔
後,代
後,出世
後,母
後,母面
後,生
後,年
後,庄
後,坐
後,尾
後,尾仔
後,尾門
後,步
後,來
後,叔
後,岫
後,果
後,爸
後,的
後,者
後,勁
後,某
後,面
後,個月
後,座
後,悔
後,柴耙
後,娶
後,現代
後,堀溪
後,場
後,期
後,鈕
後,勤
後,嗣
後,裔
後,跤
後,臺
後,衛
後,輩
後,壁
後,壁厝
後,壁鄉
後,壁寮
後,遺症
後,頭
後,頭厝
後,龍
後,龍溪
後,龍鎮
後,擴
後,擺
後,壟
後,續
後,驛
後,齻
後,過
後,壁山
後,謝
後,壠
後,壠鎮
後,壁區
後,硬
後,壠溪
後,台
後,壁埕
後,層齒
後,埕
後,改
後,回
後,門
後,尾埕
後,尾門仔
後,站
後,坐肉
後,座肉
徐,匯中學
徒,弟
得,人疼
得,人惜
得,主
得,失
得,票
得,票率
得,勢
得,意
得,罪
得,利
徙,位
徙,栽
徙,跤
徙,鋪
徙,岫
徙,厝
徛,名
徛,泅
徛,屏
徛,眉
徛,家
徛,桌頭
徛,起
徛,票
徛,黃
徛,壽
徛,算
徛,算講
徛,衛兵
徛,燈篙
徛,頭
徛,鵝
徛,靈
徛,台
徛,秋
徛,家厝
從,此
從,事
從,來
從,到今
復,工
復,仇
復,古
復,原
復,健
復,習
復,甦
復,發
復,興
復,興崗
復,興鄉
復,職
復,興區
復,興號
循,環
微,妙
微,波
微,波爐
微,風
微,弱
微,笑
微,微
微,微仔
微,微仔笑
徵,文
徵,召
徵,收
徵,求
徵,詢
徵,選
德,化堂
德,州
德,國
徼,兆
心,力
心,中
心,火
心,甘情願
心,目
心,目中
心,血
心,行
心,狂火著
心,肝
心,肝仔囝
心,肝窟仔
心,肝頭
心,事
心,性
心,思
心,疼
心,神
心,胸
心,動
心,得
心,情
心,爽
心,理
心,理學
心,悶
心,智
心,意
心,愛
心,碎
心,腸
心,腹
心,跳
心,境
心,態
心,緒
心,酸
心,適
心,機
心,頭
心,聲
心,願
心,臟
心,臟病
心,驚膽嚇
心,靈
心,內話
心,狂火熱
心,花開
心,慒慒
心,內
心,槽
心,肝蒂
心,肝內
心,狂燥熱
心,軟
必,叉
必,定
必,要
必,修
必,痕
必,然
必,開
必,須
必,需
必,巡
忌,日
忌,床
忌,喙
忍,不住
忍,心
忍,受
忍,者
忍,耐
忍,氣
忍,疼
忍,尿
志,工
志,氣
志,學
志,願
忘,恩背義
忝,頭
忠,孝復興
忠,孝敦化
忠,孝新生
忠,直
忠,厚
忠,義
忠,誠
忠,實
忤,逆
快,車
快,門
快,活
快,速
快,感
快,樂
快,班車
念,咒
念,珠
念,經
念,頭
忽,略
忽,然
忽,視
怎,樣
怎,仔樣
怐,怐
思,考
思,念
思,想
思,維
思,慕
思,潮
急,水溪
急,性
急,症
急,救
急,診
急,診室
急,難
急,燒仔
急,病
怦,怦喘
性,地
性,別
性,命
性,格
性,能
性,情
性,感
性,愛
性,質
性,癖
怨,妒
怨,言
怨,恨
怨,嘆
怨,慼
怨,天怨地
怪,人
怪,手
怪,事
怪,怪
怪,物
怪,異
怪,罪
怪,癖
怪,奇
怯,屎
怯,命
恁,爸
恁,娘
恆,春
恆,春鎮
恐,怖
恐,怕
恐,龍
恐,嚇
恐,驚
恐,喝
恢,復
恥,笑
恩,主公廟
恩,怨
恩,情
恩,愛
恩,情人
恩,人
恩,主公
恬,去
恬,恬
恬,靜
恭,喜
悠,久
悠,哉
患,者
悲,哀
悲,情
悲,傷
悲,慘
悲,劇
悲,觀
悶,悶
悶,悶仔
悽,慘
悽,慘落魄
悾,的
悾,悾
悾,歁
悾,闇
悾,顛
情,人
情,人節
情,份
情,形
情,事
情,況
情,治
情,侶
情,面
情,理
情,報
情,景
情,結
情,勢
情,意
情,感
情,愛
情,節
情,義
情,境
情,歌
情,網
情,緒
情,緣
情,誼
情,調
情,懷
情,願
惋,惜
惜,皮
惜,囝
惜,別
惜,命命
惜,面皮
惜,福
惜,花連盆
惜,寶
惜,面底皮
惠,濟宮
惡,人
惡,化
惡,性
惡,毒
惡,馬
惡,報
惡,意
惡,夢
惡,確確
惡,霸
惡,魔
惡,人無膽
惡,質
惱,氣
想,東想西
想,法
想,空想縫
想,起
想,著
想,想
想,像
想,欲
想,講
想,袂到
惹,代誌
惹,事
惹,厄
惹,禍
惹,是非
意,外
意,向
意,志
意,志力
意,見
意,味
意,念
意,思
意,料
意,氣
意,涵
意,象
意,愛
意,義
意,圖
意,境
意,識
意,願
意,麵
愛,人
愛,人仔
愛,心
愛,哭
愛,國
愛,情
愛,惜
愛,睏
愛,睏草
愛,睏藥仔
愛,嬌
愛,護
愛,媠
愛,吼
愛,展
愛,諍
感,化
感,心
感,受
感,官
感,念
感,性
感,冒
感,染
感,恩
感,動
感,情
感,慨
感,著
感,傷
感,想
感,嘆
感,激
感,應
感,謝
感,覺
感,觸
感,服
慄,慄掣
慈,天宮
慈,悲
慈,善
慈,愛
慈,濟宮
態,度
慎,重
慒,心
慕,容
慘,重
慘,烈
慘,齣
慚,愧
慢,火
慢,且
慢,且是
慢,冬
慢,行
慢,車
慢,性
慢,慢
慢,慢仔
慢,慢仔是
慢,分
慢,氣
慢,性病
慣,例
慣,勢
慧,眼
慰,問
慰,問金
慰,勞
慶,功宴
慶,安宮
慶,典
慶,祝
慶,賀
慷,慨
慼,心
慾,望
憂,悶
憂,結結
憂,傷
憂,愁
憂,頭苦面
憂,頭結面
憂,鬱
憐,憫
憑,良心
憑,準
憑,據
憑,證
憢,疑
憤,怒
憤,慨
憲,兵
憲,法
憲,政
懂,嚇
懇,求
應,公仔
應,付
應,用
應,急
應,效
應,喙
應,喙應舌
應,當
應,該
應,該然
應,話
應,酬
應,對
應,徵
應,聲
應,邀
應,變
應,驗
懊,惱
懊,嘟嘟
懍,場
懵,仙
懵,懂
懵,膽
懶,屍
懶,懶
懶,性
懶,屍骨
懶,相
懷,忠祠
懷,念
懷,抱
懷,胎
懷,疑
懸,山
懸,低
懸,度
懸,價
懸,頂
懸,大
懸,低爿
懸,階
戀,人
戀,情
戀,愛
戇,人
戇,大呆
戇,呆
戇,的
戇,直
戇,神
戇,猴
戇,想
戇,話
戇,錢
戇,頭戇面
戇,膽
戇,戇
戇,工
戇,目
戇,仔
成,人
成,大
成,月日
成,功
成,功鎮
成,本
成,立
成,交
成,份
成,全
成,名
成,因
成,年
成,年人
成,果
成,物
成,長
成,品
成,為
成,員
成,家
成,效
成,做
成,敗
成,就
成,就感
成,群
成,熟
成,親
成,績
成,績單
成,格
戒,心
戒,備
戒,嚴
或,者
或,是
戛,火
戛,仔頭
戥,仔
截,止
截,稿
戮,空
戮,鑽
戰,力
戰,士
戰,火
戰,役
戰,車
戰,事
戰,況
戰,爭
戰,後
戰,神
戰,鬥
戰,區
戰,國
戰,略
戰,術
戰,備
戰,勝
戰,場
戰,亂
戰,機
戰,績
戰,艦
戰,甲蟲
戲,文
戲,曲
戲,弄
戲,班
戲,院
戲,棚
戲,園
戲,劇
戲,齣
戲,台
戲,籠
戲,法
戲,金銀
戴,帽仔
戴,小鬼仔殼
戶,口
戶,口名
戶,口抄本
戶,外
戶,名
戶,政
戶,數
戶,頭
戶,籍
戶,橂
戶,口簿仔
戽,斗
戽,斗的
戽,水
戽,杓
房,市
房,地產
房,門
房,屋
房,間
房,頭
房,租
所,以
所,在
所,在地
所,有
所,有權
所,長
所,致
所,得
所,得稅
所,費
所,謂
扁,豆
扁,食
扁,魚
扁,擔
扁,扁
扇,面
手,下
手,上
手,工
手,巾
手,巾仔
手,中
手,心
手,爪
手,冊
手,目
手,印
手,曲
手,扞仔
手,尾
手,尾力
手,尾錢
手,肚
手,足
手,底
手,法
手,股
手,指
手,指頭仔
手,段
手,面
手,風琴
手,套
手,素料
手,耙
手,骨
手,捗
手,動
手,排
手,液
手,痕
手,術
手,掌
手,筆
手,腕
手,腕骨
手,勢
手,路
手,路菜
手,電
手,電火
手,電仔
手,銃
手,摺簿仔
手,槍
手,語
手,數料
手,模
手,盤
手,稿
手,銬
手,擋
手,機
手,機仔
手,錶
手,錶仔
手,頭
手,橐仔
手,環
手,臂
手,藝
手,續
手,囊
手,囊仔
手,攑仔火
手,䘼
手,形
手,梳攑懸
手,爪賤
手,股頭
手,後曲
手,面趁食
手,賤
手,蹄仔
手,縫櫳
手,擋仔
手,縫疏
手,後蹬
手,後彎
手,蹄賤
手,尾字
手,續費
才,女
才,子
才,是
才,能
才,情
才,華
才,會
才,調
才,藝
扒,仔
扒,飯
扒,龍船
扒,癢
扒,癢的
打,扎
打,字
打,扮
打,狗
打,馬武窟
打,馬膠
打,馬膠路
打,動
打,探
打,桶
打,造
打,揲
打,算
打,貓
打,壓
打,擊
打,點
打,擾
打,斷
打,聽
托,兒所
托,福
扛,轎
扞,家
扞,脈
扞,鼎灶
扞,數
扞,盤
扞,頭
扣,押
扣,抵
扣,留
扣,除
扣,掉
扣,東扣西
扦,仔
扭,尻川
扭,曲
扭,掠
扭,搦
扮,公伙仔
扮,公貨仔
扮,仙
扮,咕咧仔
扮,姑伙仔
扮,笑面
扮,演
扮,公家伙仔
扮,家伙仔
扲,手
扳,過來
扳,仔
扴,味
扴,話
扶,尻川
扶,助
扶,持
扶,挺
扶,插
扶,養
扶,𡳞脬
扶,後跤
扶,𡳞
批,瓦批
批,瓦杮
批,判
批,信
批,准
批,紙
批,桶
批,殼
批,發
批,筒
批,評
批,囊
批,橐仔
找,錢
承,天府
承,水
承,包
承,受
承,接
承,蒙
承,認
承,擔
承,諾
承,辦
承,攬
技,工
技,巧
技,師
技,能
技,術
技,擊館
技,藝
抄,寫
抄,襲
抄,本
抄,錄
把,握
把,戲
抑,是
抑,無
抑,若無
抓,扒仔
抓,耙仔
投,入
投,手
投,身
投,注
投,保
投,胎
投,降
投,射
投,案
投,球
投,票
投,資
投,影
投,標
投,稿
投,靠
投,機
投,籃
抗,生素
抗,拒
抗,爭
抗,衡
抗,藥性
抗,議
抗,體
折,扣
折,磨
折,舊
披,水漂仔
披,仔
披,咧
披,衫
披,露
抰,苦雞
抱,的
抱,負
抱,歉
抵,抗
抵,制
抵,押
抵,額
抹,刀
抹,面
抹,粉
抹,壁
抹,鹽
抹,烏
押,後
押,送
押,韻
抽,出
抽,東仔
抽,長
抽,疼
抽,脂
抽,退
抽,換
抽,稅
抽,象
抽,獎
抽,豬母稅
抽,頭
抽,籤
抽,驗
抽,鬮
抽,鬮仔
抽,躼
抽,懸
抾,水
抾,囝母
抾,字紙的
抾,囡仔
抾,客
抾,恨
抾,拾
抾,紅點
抾,紅點仔
抾,捐錢
抾,柴
抾,骨
抾,捔
抾,眾錢
抾,稅
抾,著
抾,錢
抾,藥
抾,襇
抾,丁錢
抾,肉幼仔
抾,便的
抾,菜
抾,肥肉
抾,囝
抾,金
抿,仔
拄,才
拄,仔好
拄,好
拄,欲
拄,著
拄,搪
拄,數
拄,䢢
拄,咧
拄,拄
拄,開始
拄,遷
拄,拄好
拄,拄仔
拄,拄仔好
拄,仔
拆,日仔
拆,字
拆,扦
拆,股
拆,食落腹
拆,破
拆,除
拆,票
拆,單
拆,散
拆,開
拆,腿
拆,藥
拆,藥仔
拆,白講
拆,火灶
拆,伙鼎
拆,字數
拈,田嬰
拈,香
拈,鬮
拉,丁
拉,拉山
拉,圇仔
拉,圇仔燒
拉,圇燒
拊,仔
拋,捙輪
拋,拋走
拋,近路
拋,荒
拋,魚
拋,碇
拋,網
拋,輦斗
拋,輾斗
拋,輾狗
拋,麒麟
拋,船
拌,蠓仔
拍,匹噗仔
拍,手
拍,手銃
拍,歹
拍,毋見
拍,水擗仔
拍,片
拍,生驚
拍,石
拍,石師
拍,尻川
拍,交落
拍,字機
拍,呃
拍,呃仔
拍,折
拍,定
拍,官司
拍,抐涼
拍,拍
拍,拚
拍,金仔
拍,咳啾
拍,咯家
拍,咯雞
拍,某菜
拍,派
拍,拳
拍,拳頭
拍,破
拍,針
拍,球
拍,通關
拍,鳥弓仔
拍,麻雀
拍,喙鼓
拍,無去
拍,結
拍,結毬
拍,殕仔光
拍,損
拍,滂泅
拍,種
拍,算
拍,算盤
拍,噎仔
拍,噗
拍,噗仔
拍,賣
拍,醒
拍,戲
拍,斷
拍,獵
拍,翸
拍,觸衰
拍,鐵
拍,鐵仔
拍,鐵仔師
拍,鐵仔褲
拍,鐵的
拍,鐵師
拍,鐵師父
拍,鱗
拍,火車
拍,火
拍,速
拍,鳥帽
拍,袚鍊
拍,錯桱
拍,鼓
拍,火石
拍,開
拍,鳥帽仔
拍,拚藥
拍,散
拍,手環
拍,手蹄
拍,手指
拍,速車
拐,弄
拐,騙
拑,牢牢
拑,家
拒,絕
拓,仔
拓,展
拓,寬
拔,大索
拔,林
拔,索
拔,桶
拔,桶仔
拔,骨
拔,虎鬚
拖,仔
拖,吊
拖,吊車
拖,沙
拖,身拖命
拖,命
拖,延
拖,屎連
拖,累
拖,棚
拖,磨
拖,布
拖,身命
拖,尾星
拗,紙
拗,裒
拗,彎
拗,蠻
拗,鬱
拗,屈
拗,彎曲
拗,直
拘,束
拘,留
拚,生死
拚,生理
拚,血
拚,命
拚,性命
拚,俗
拚,勢
拚,暝工
拚,輸贏
拚,價數
招,手
招,生
招,囝婿
招,考
招,呼
招,待
招,翁
招,牌
招,募
招,會仔
招,認
招,魂
招,標
拜,一
拜,公媽
拜,年
拜,佛
拜,拜
拜,候
拜,託
拜,堂
拜,票
拜,訪
拜,會
拜,墓
拜,門口
拜,六
拜,請
拜,正
拭,仔
拭,尻川
拭,餅
拭,餅𩛩
拯,救
拳,頭
拳,頭母
拳,頭拇
拳,頭師
拷,水星
拹,水
拼,音
持,有
持,股
挂,紙
挂,墓紙
挂,紙錢
指,引
指,令
指,出
指,甲
指,甲扦
指,甲花
指,示
指,定
指,南
指,南宮
指,指
指,指揬揬
指,派
指,紋
指,控
指,教
指,責
指,揮
指,腹為婚
指,認
指,數
指,標
指,導
指,頭仔
指,頭拇
指,頭拇公
指,點
指,甲眉
指,模
指,頭仔痕
挈,批的
按,下
按,呢
按,怎
按,怎樣
按,時
按,脈
按,照
按,算
按,額
按,呢生
挐,氅氅
挐,絞絞
挑,手爿
挑,俍
挑,戰
挑,選
挑,花刺繡
挓,火
挕,掉
挕,捒
挕,㧒捔
挖,心肝
挖,空
挖,塗
挖,土機
挨,米
挨,推
挨,絃仔
挨,筊
挨,粿
挨,磨
挨,挨陣陣
挨,挨𤲍𤲍
挩,枋
挩,枋仔
挩,門
挩,窗
挩,鍊
挩,鍊仔
振,動
振,興
挲,草
挲,圓
挲,圓仔湯
挲,鹽
挵,門
挵,破
挵,球
挵,鼓
挵,鐘
挹,墓粿
挹,肥
挽,回
挽,花
挽,面
挽,脈
挽,草
挽,茶
挽,救
挽,喙齒
挽,筋
挽,瓜揫藤
挽,搣
捀,斗
捀,水
捀,茶
捀,場
捅,頭
捆,縛
捋,仔
捋,頭毛
捋,頭鬃
捋,鹽
捌,代誌
捌,字
捌,貨
捌,想
捎,錢
捎,無摠
捎,無頭摠
捎,無摠頭
捏,尾仔囝
捏,麵尪仔
捐,助
捐,款
捒,走
捒,做堆
捒,倒
捕,手
捙,拋輪
捙,拚
捙,畚斗
捙,跋反
捙,盤
捙,輾斗
捙,倒
捙,屎蟲
捨,施
捲,心白
捲,螺仔
捲,螺仔水
捲,螺仔風
捲,螺仔旋
捲,薰
捲,心白菜
捲,枝仔
捶,心肝
捷,捷
捷,運
捷,捷落
捻,頭
捽,土地
捽,仔
捽,目尾
捽,齒
捽,繩
捽,後炮
捾,水
捾,桶
捾,桶仔
捾,定
掃,地
掃,帚
掃,帚星
掃,厝
掃,梳
掃,梳笒仔
掃,除
掃,祛
掃,描
掃,黃
掃,塗跤
掃,跤兜
掃,墓
授,課
授,權
掌,握
掌,管
掌,聲
掌,權
排,水
排,水溝
排,出
排,斥
排,列
排,名
排,行
排,卵
排,放
排,版
排,氣
排,班
排,除
排,骨酥
排,球
排,隊
排,解
排,演
排,練
排,灣族
排,仙
排,仔骨
掖,秧仔
掖,種
掖,粟種
掘,仔
掙,扎
掙,脫
掛,心
掛,名
掛,牌
掛,軸
掛,意
掛,號
掛,慮
掛,礙
掛,膭
掛,念
掠,包
掠,交替
掠,沙筋
掠,狂
掠,兔仔
掠,坦橫
掠,直
掠,長補短
掠,脈
掠,做
掠,無頭摠
掠,猴
掠,筋
掠,痧
掠,痧筋
掠,準
掠,漏
掠,篙泅
掠,龍
掠,龍的
掠,龜走鱉
掠,姦
採,用
採,光
採,行
採,取
採,納
採,訪
採,集
採,購
探,戈
探,究
探,索
探,討
探,望
探,訪
探,測
探,墓厝
探,親
探,險
探,頭
探,聽
掣,流
掣,一趒
接,力
接,手
接,任
接,收
接,見
接,受
接,枝
接,近
接,待
接,班
接,納
接,送
接,骨
接,接
接,單
接,喙
接,掌
接,替
接,著
接,跤
接,載
接,管
接,觸
接,續
接,神
接,縫
接,尪
控,告
控,制
控,訴
控,管
推,出
推,行
推,展
推,案
推,荐
推,動
推,測
推,進
推,算
推,廣
推,論
推,銷
推,銷員
推,舉
推,翻
推,薦
推,辭
推,撨
推,捒
推,斷
掩,咯家
掩,咯雞
掩,苦雞
掩,崁
掩,掩揜揜
掩,護
措,施
掰,手面
掰,開
揀,食
揀,茶
揀,菜
揆,水
描,述
描,寫
描,繪
提,升
提,出
提,示
提,名
提,早
提,防
提,供
提,拔
提,昇
提,倡
提,案
提,起
提,高
提,報
提,款
提,煉
提,撥
提,親
提,醒
提,錢
提,頭
提,議
提,囡仔
提,紅包
插,一跤
插,手
插,代誌
插,枝
插,花
插,花仔
插,座
插,班
插,秧
插,秧仔
插,胳
插,喙
插,喙插舌
插,牌
插,畫
插,話
插,潲
插,頭
插,雜
插,濫
插,事
插,條
換,手
換,帖的
換,紅
換,做
換,準
換,鋪
換,喙齒
換,頭路
揜,尾狗
揜,貼
握,手
揣,三姑
揣,頭路
揣,醫生
揤,一桶水
揤,水
揤,電鈴
揫,墓
援,助
援,巢右
揹,冊包
揹,書包
搉,爍爁
損,失
損,害
損,益
損,神
損,傷
損,蕩
損,壞
損,斷
搖,手
搖,尾
搖,床
搖,笱
搖,鼓
搖,鼓瑯
搖,頭
搖,櫓仔
搖,籃
搖,尻川花
搖,櫓
搜,身軀
搜,救
搜,揣
搝,大索
搝,索仔
搝,搝搦搦
搝,票
搝,後跤
搢,風
搢,做前
搣,藥仔
搤,空
搦,屎搦尿
搦,權
搧,大耳
搧,水沬
搧,風
搧,喙䫌
搧,緣投
搪,著
搬,車
搬,厝
搬,徙
搬,話
搬,運
搬,請
搬,戲
搭,里霧
搭,油
搭,架
搭,椅搭桌
搭,鉤仔
搭,嚇
搭,胸坎
搵,水
搵,豆油
搵,料
搶,劫
搶,孤
搶,案
搶,救
搶,奪
搶,頭香
搶,頭標
搶,市
摁,
摃,槌仔
摃,龜
摃,鐘
摃,球
摃,鼓
摃,電話
摃,手
摃,手蹄
摒,本
摒,掃
摒,貨底
摒,挕捒
摔,倒
摔,桶
摔,粟
摔,大眠
摔,椅摔桌
摖,仔
摘,要
摠,頭
摩,托車
摩,西
摵,仔
摵,仔麵
摸,飛
摸,脈
摸,無路
摺,衫
摺,紙
摻,濫
撆,手䘼
撆,紮
撆,褲跤
撇,步
撈,仔
撈,舌
撈,喙舌
撈,話頭
撐,船
撐,篙
撐,渡
撒,豆油
撒,胡椒
撒,鹽
撓,沙筋
撙,節
撚,匼笑
撚,骰仔
撚,寶
撚,鑽
撚,十八仔
撞,突
撞,破
撞,球
撞,著
撠,刺
撤,退
撤,銷
撤,離
撥,工
撥,付
撥,款
撥,開
撥,駕
撨,時鐘
撨,摵
撨,徙
撩,油
撫,慰
撫,養
播,出
播,田
播,田管
播,放
播,音
播,送
播,種
播,稻
播,稻仔
撰,寫
擁,護
擂,缽
擂,鼓
擂,槌
擅,自
擇,
擉,仔
擉,算盤
擊,退
擋,咧
擋,索仔
擋,頭
操,心
操,仔
操,守
操,作
操,控
操,勞
操,煩
操,盤
操,練
擔,工
擔,心
擔,水
擔,仔麵
擔,任
擔,肥
擔,保
擔,屎
擔,當
擔,憂
擔,輸贏
擔,頭
擔,仔
擔,罪
擗,仔
擗,擗仔
擘,金
擘,哈
擘,開
據,在
據,點
擛,手
擛,風
擠,𤶃仔
擢,舌根
擤,鼻
擦,仔
擬,定
擬,訂
擲,㧒捔
擲,掉
擲,挕捒
擲,捒
擴,大
擴,充
擴,建
擴,展
擴,張
擴,散
擴,頭
擴,擴
擺,脫
擺,設
擺,撥
擽,呧
擾,亂
攀,岩
攄,仔
攄,塗機
攄,頭毛
攏,是
攏,褲
攏,總
攏,權
攏,無
攑,手
攑,箸
攑,頭
攑,懸
攑,頭香
攑,香綴拜
攑,旗軍仔
攔,截
攕,仔
攕,擔
攘,金
攘,金桮
攘,拳
攝,屎
攝,影
攝,襇
攤,販
攪,吵
攪,絞
攪,擾
支,付
支,出
支,持
支,持者
支,流
支,配
支,票
支,援
支,撐
支,應
收,入
收,山
收,工
收,心
收,支
收,水
收,冬
收,件
收,回
收,成
收,尾
收,束
收,押
收,泔
收,拾
收,看
收,音機
收,容
收,留
收,益
收,租
收,納
收,割
收,喙
收,場
收,發
收,視
收,費
收,集
收,跤洗手
收,數
收,盤
收,據
收,擔
收,錄
收,縮
收,購
收,藏
收,瀾
收,聽
收,驚
收,煞
收,單
收,棺
收,稅金
改,正
改,用
改,良
改,制
改,孤裼
改,建
改,為
改,革
改,酒
改,組
改,造
改,途
改,換
改,善
改,進
改,裝
改,運
改,寫
改,編
改,選
改,頭換面
改,薰
改,變
攻,打
攻,勢
攻,擊
攻,讀
放,刁
放,下
放,大
放,工
放,冗
放,心
放,手
放,水燈
放,火
放,任
放,血
放,卵
放,屁
放,屁豆
放,尿褲仔
放,帖仔
放,放
放,牧
放,空
放,屎
放,毒
放,流
放,重利
放,風聲
放,射
放,粉鳥
放,臭屁
放,送
放,假
放,棄
放,眼
放,符仔
放,款
放,開
放,債
放,煙火
放,肆
放,裒
放,榜
放,盡磅
放,寬
放,數
放,學
放,蕩
放,聲
放,鬆
放,捒
放,尿
放,空營
放,目
放,伴
放,紙虎
放,送頭
放,銃
放,冬
放,筋絡
放,空車
放,空載
放,人
放,捒人
放,燄火
政,大
政,局
政,見
政,府
政,治
政,治性
政,治家
政,客
政,界
政,務
政,策
政,壇
政,戰
政,績
政,黨
政,權
故,事
故,宮
故,鄉
故,意
故,障
故,宮博物院
敆,作
敆,痕
敆,逝
敆,縫
敆,藥
敆,藥仔
敆,釉
效,力
效,忠
效,果
效,法
效,益
效,能
效,率
效,應
敏,豆
敏,捷
敏,感
敏,感性
敏,感度
敏,豆仔
救,人
救,十八
救,火
救,世主
救,兵
救,助
救,災
救,命
救,治
救,星
救,援
救,濟
救,濟金
救,護
救,護車
救,贖
救,主
敗,市
敗,血症
敗,害
敗,家
敗,腎
敗,價
敗,壞
敗,露
敗,馬
敗,洩
敘,事
敘,述
教,冊
教,示
教,廷
教,改
教,材
教,育
教,育部
教,具
教,宗
教,官
教,法
教,室
教,科文
教,科書
教,員
教,師
教,書
教,訓
教,務
教,堂
教,授
教,條
教,會
教,練
教,養
教,學
教,導
教,職
教,職員
教,乖
教,囝
敢,毋是
敢,有
敢,死
敢,若
敢,通
敢,講
敢,是
散,工
散,凶
散,凶人
散,戶
散,文
散,仙
散,佈
散,形
散,步
散,赤
散,赤人
散,食人
散,陣
散,鬼
散,票
散,發
散,會
散,賣
散,學
散,場
散,食
散,戲
敦,煌
敨,中氣
敨,氣
敨,開
敨,放
敬,佩
敬,重
敬,酒
敬,意
敲,油
敲,虎𡳞
敲,門
敲,電話
整,合
整,治
整,型
整,建
整,個
整,修
整,理
整,頓
整,齊
整,數
整,整
整,體
敵,人
敵,手
敵,意
敵,對
數,目
數,字
數,位
數,念
數,房
數,值
數,單
數,量
數,想
數,學
數,據
數,櫃
數,額
數,簿
數,戶
數,珠
文,人
文,山
文,山區
文,化
文,化大學
文,化中心
文,化界
文,文仔笑
文,市
文,旦
文,件
文,字
文,言
文,身
文,具
文,官
文,明
文,武廟
文,法
文,物
文,宣
文,建會
文,革
文,書
文,案
文,教
文,章
文,筆
文,雅
文,豪
文,壇
文,學
文,學家
文,憑
文,藝
文,獻
文,光尺
文,德
文,湖線
文,才
文,車
文,定
文,武場
斑,馬
斑,馬線
斑,節蝦
斑,鴿
斑,芝
斑,芝棉
斑,芝樹
斗,六
斗,六市
斗,六門
斗,仔
斗,南
斗,南鎮
斗,概
斗,籠
料,理
料,想
料,想袂到
料,算
料,小
料,身
斜,目
斜,角
斜,視
斜,眼
斟,茶
斟,酒
斟,酌
斡,角
斧,頭
斧,頭櫼仔
斬,稻仔尾
斯,文
新,人
新,公園
新,化鎮
新,手
新,加坡
新,北投
新,台票
新,市
新,市鄉
新,正
新,生
新,任
新,年
新,式
新,竹
新,竹市
新,竹縣
新,秀
新,奇
新,店
新,店市
新,店溪
新,知
新,社鄉
新,型
新,城
新,城鄉
新,屋鄉
新,春
新,郎
新,厝
新,厝仔
新,厝莊
新,埔
新,埔鎮
新,娘
新,娘房
新,娘牚
新,馬
新,埤鄉
新,埤頭
新,婦
新,婦仔
新,婦仔育
新,婚
新,莊
新,莊市
新,陳代謝
新,款
新,港
新,港鄉
新,進
新,園鄉
新,新
新,聞
新,增
新,潮
新,曆
新,興
新,興區
新,營
新,營市
新,鮮
新,點點
新,舊
新,豐
新,豐鄉
新,疆
新,正年頭
新,北市
新,北
新,莊區
新,店區
新,屋區
新,屋
新,社區
新,社
新,營區
新,化區
新,化
新,市區
新,埤
新,園
新,店區公所
新,烏日
新,左營
新,富
新,北投支線
新,北產業園區
新,莊副都心
新,市一路
新,年頭
斷,奶
斷,交
斷,定
斷,根
斷,氣
斷,訊
斷,崖
斷,掌
斷,絕
斷,腦筋
斷,路
斷,電
斷,種
斷,頭
斷,頭腦筋
方,才
方,向
方,式
方,位
方,言
方,法
方,便
方,面
方,案
方,針
施,工
施,行
施,政
施,展
施,捨
施,壓
旁,人
旁,邊
旁,聽
旁,觀
旁,觀者
旅,行
旅,社
旅,客
旅,途
旅,程
旅,費
旅,遊
旅,館
旅,運中心
旋,律
旋,藤
族,人
族,群
族,親
族,譜
旗,下
旗,山溪
旗,山鎮
旗,尾山
旗,後
旗,津區
旗,袍
旗,魚
旗,津
旗,山區
旗,山
既,定
既,然
日,子
日,文
日,月蚶
日,月潭
日,月蟶
日,出
日,本
日,本豆醬
日,光
日,光燈
日,式
日,夜
日,拆
日,前
日,南
日,後
日,時
日,時仔
日,書
日,記
日,商
日,婆
日,常
日,欲暗
日,產
日,期
日,程
日,間
日,落
日,較晚
日,蝕
日,誌
日,語
日,劇
日,頭
日,頭公
日,頭花
日,暝
日,日
日,欲晝
日,仔
早,日
早,冬
早,年
早,前
早,時
早,時仔
早,晏
早,起
早,起時
早,起時仔
早,起晡
早,起頓
早,產
早,產兒
早,晡
早,期
早,睏
早,暗
早,頓
早,慢
早,頭
早,齋
旱,溪
旺,盛
昆,陽
昆,蟲
昇,華
明,天
明,日
明,月
明,仔日
明,仔早起
明,仔暗
明,仔載
明,白
明,年
明,呼
明,明
明,知
明,星
明,朗
明,理
明,細
明,智
明,落後日
明,德
明,確
明,瞭
明,講
明,證
明,顯
明,品
明,呼明唱
明,仔後日
昏,去
昏,倒
昏,迷
昏,暗
易,經
昔,日
星,光
星,座
星,宿
春,分
春,天
春,日鄉
春,牛圖
春,仔花
春,風
春,夏
春,假
春,捲
春,飯
春,暉
春,節
春,餅
春,聯
春,𣛮
春,日
昨,日
昨,昏
昨,暗
昨,暝
昭,應宮
是,非
是,按怎
是,啦
是,講
時,下
時,日
時,代
時,光
時,行
時,辰
時,事
時,刻
時,空
時,段
時,候
時,差
時,時
時,時刻刻
時,陣
時,常
時,速
時,報
時,期
時,間
時,勢
時,裝
時,運
時,價
時,數
時,機
時,鐘
時,到日到
時,計果
時,到
時,鐘瓜
晏,起來
晏,起
晚,冬
晚,囝
晚,安
晚,年
晚,輩
晝,矣
晟,養
晟,囝
普,及
普,通
普,普仔
普,渡
普,遍
普,快車
普,快
普,悠瑪號
普,悠瑪
普,通批
景,山溪
景,安
景,色
景,況
景,物
景,美
景,美溪
景,致
景,氣
景,象
景,福宮
景,緻
景,點
景,觀
晴,朗
晶,片
智,力
智,能
智,商
智,慧
智,識
智,覺
暑,假
暑,期
暖,暖
暖,暖區
暗,中
暗,示
暗,光鳥
暗,自
暗,色
暗,行
暗,步
暗,房
暗,崁
暗,時
暗,時仔
暗,班
暗,眠摸
暗,殺
暗,淡
暗,袋仔
暗,訪
暗,間仔
暗,飯
暗,暗
暗,號
暗,路
暗,頓
暗,暝
暗,漠漠
暗,趖趖
暗,毿
暗,毿病
暗,學仔
暗,頭仔
暗,安
暗,唸
暗,會
暗,車
暗,計
暗,記
暗,靜
暗,墨墨
暗,挲挲
暗,穡
暝,工
暝,日
暝,尾
暝,車
暝,時
暝,時仔
暫,且
暫,度
暫,時
暫,停
暴,力
暴,牙
暴,民
暴,君
暴,動
暴,亂
暴,穎
暴,露
曆,日
曉,得
曖,昧
曝,日
曝,日頭
曝,乾
曝,粟
曝,鹽
曠,床
曠,闊
曲,去
曲,曲
曲,折
曲,痀
曲,跤
曲,盤
曲,線
曲,調
更,加
更,正
更,生
更,年期
更,改
更,新
曷,使
曷,著
書,刊
書,包
書,本
書,目
書,局
書,店
書,房
書,法
書,架仔
書,面
書,展
書,評
書,寫
書,櫥
書,籍
書,架
曾,文溪
曾,經
替,手
替,代
替,身
替,換
最,好
最,初
最,近
最,後
會,仔
會,用得
會,同
會,合
會,見
會,使
會,使得
會,社
會,長
會,計
會,計師
會,面
會,員
會,做得
會,務
會,勘
會,商
會,得
會,得通
會,堪得
會,場
會,報
會,期
會,當
會,談
會,曉
會,頭
會,館
會,議
會,失禮
會,記得
會,毋著
會,得過
會,跤
會,不是
會,當過
會,赴
會,赴市
會,和
會,和盤
會,齊
會,通
會,仔跤
月,下老人
月,中
月,內
月,內房
月,內風
月,日
月,刊
月,半
月,台
月,外日
月,份
月,光
月,光暝
月,色
月,尾
月,來香
月,底
月,初
月,亮
月,津港
月,眉
月,美
月,俸
月,娘
月,桃
月,租費
月,婆
月,琴
月,給
月,暗暝
月,經
月,經帶
月,臺
月,蝕
月,餅
月,頭
月,內人
月,圍箍
月,大
月,戴笠
月,小
月,薪
月,圓門
月,仔錢
有,一日
有,一無兩
有,人緣
有,力
有,心
有,心人
有,史以來
有,用
有,名
有,耳無喙
有,利
有,孝
有,形
有,志
有,身
有,底
有,的
有,的無的
有,空
有,空無榫
有,要緊
有,限
有,害
有,效
有,時
有,時仔
有,時有陣
有,時陣
有,益
有,神
有,夠
有,情
有,通
有,款
有,無
有,量
有,閒
有,雄
有,意
有,歲
有,當時仔
有,聖
有,路用
有,影
有,緣
有,線
有,擋頭
有,擔頭矣
有,機
有,錢
有,錢人
有,頭有尾
有,應公
有,應公仔
有,聲有色
有,額
有,關
有,膭
有,路無厝
有,賰
有,打緊
有,膽
有,膽量
有,敢若無
有,夠重
有,機肥
有,較縒
有,局
有,塊
有,禮貌
有,禮數
有,靈聖
有,囡仔
有,品
有,所謂
有,頭尾
有,毋著
有,銷
有,一工
有,矣
有,重
朋,友
服,用
服,役
服,侍
服,務
服,務台
服,務生
服,務員
服,務業
服,從
服,裝
服,飾
服,藥
望,古
望,安鄉
望,眼鏡
望,蓋仔蔥
望,遠鏡
望,安
望,江南
朝,天宮
朝,代
朝,野
朝,陽
期,刊
期,待
期,限
期,望
期,貨
期,間
木,工
木,心枋
木,瓜
木,瓜山
木,瓜村
木,瓜溪
木,匠
木,匠師
木,耳
木,材
木,星
木,柵
木,屐
木,屐寮
木,師
木,料
木,魚
木,麻黃
木,棉
木,蝨
木,雕
木,柵動物園
木,麻
木,麻樹仔
未,亡人
未,必
未,免
未,來
未,知
未,婚
未,曾
未,曾未
未,嘗
未,必然
未,到
未,免得
末,末
末,期
本,人
本,土
本,土化
本,文
本,份
本,地
本,成
本,色
本,身
本,事
本,來
本,命錢
本,底
本,性
本,金
本,能
本,票
本,等
本,意
本,業
本,領
本,質
本,錢
本,壘
本,體
本,居地
本,埠
本,地人
本,國
本,籍
本,居
本,名
本,年
朱,紅
朴,子市
朴,子溪
朴,仔跤
朴,子
杉,仔
杉,仔柴
杉,林鄉
杉,林區
杉,林
杉,行
李,仔
李,仔鹹
李,仔攕
李,石樵美術館
李,哪吒
李,仔糖
杏,仁
杏,仁茶
材,料
材,質
村,民
村,長
杓,仔
杙,仔
杙,鳥仔
杜,伯仔
杜,定
杜,蚓
杜,蚓仔
杜,猴
杜,蛙
杜,蝛仔
杜,鵑
杜,胿仔
束,結
束,腰
束,縛
杯,仔
東,山鄉
東,引鄉
東,方
東,爿
東,包
東,北
東,石鄉
東,竹
東,西南北
東,沙
東,里
東,亞
東,京
東,岸
東,河鄉
東,南方
東,南亞
東,洋
東,風
東,倒西歪
東,埔蚋溪
東,海
東,區
東,部
東,部幹線
東,港溪
東,港鎮
東,筊
東,勢
東,勢角
東,勢厝
東,勢鄉
東,勢鎮
東,歐
東,澳
東,勢區
東,石
東,山區
東,山
東,港
東,河
東,引
東,湖
東,門
東,粉
杴,仔
松,山
松,山區
松,茸
松,梧
松,膠
松,山機場
松,江南京
松,竹
松,山新店線
板,仔
板,膋
板,嘹
板,橋
板,橋市
板,橋區
板,南線
枇,杷
枉,死
枉,屈
枉,費
枋,山
枋,山鄉
枋,仔
枋,堵
枋,寮
枋,寮鄉
枋,模
枋,橋頭
枋,橋
枋,橋區
枋,南線
枕,頭
枕,頭囊
枕,頭袋
枕,頭套
林,口鄉
林,內
林,內鄉
林,木
林,仔菝
林,仔邊
林,投
林,投姊仔
林,杞埔
林,務局
林,菝仔
林,園鄉
林,業
林,鳳營
林,邊
林,邊鄉
林,安泰古厝民俗文物館
林,語堂紀念館
林,口區
林,口
林,園區
林,園
林,榮新光
林,菝
果,子
果,子園
果,子猫
果,子猫仔
果,汁
果,真
果,然
果,園
果,實
果,子栽
果,子栽仔
枝,仔冰
枴,仔
枵,鬼
枵,飽吵
枵,饞
枵,飢失頓
枵,過飢
枵,燥
枵,了過飢
架,仔
架,設
架,勢
架,跤
架,構
枷,車藤
枸,杞
某,人
某,乜人
某,大姊
某,囝
某,某
柑,仔
柑,仔色
柑,仔得
柑,仔蜜
染,布
染,色
染,色體
染,料
染,顏
染,病
柔,美
柔,情
柔,軟
柔,道
柚,仔
柝,仔頭
查,出
查,扣
查,明
查,封
查,某
查,某人
查,某囝
查,某囡仔
查,某雨
查,某孫
查,某祖
查,某間
查,某體
查,某𡢃
查,某𡢃仔
查,看
查,埔
查,埔人
查,埔囝
查,埔囡仔
查,埔祖
查,埔𡢃仔
查,畝營
查,詢
查,數
查,證
查,某囝日
查,驗
柱,仔
柱,仔跤
柳,丁
柳,丁汁
柳,營
柳,營鄉
柳,營區
柴,刀
柴,山
柴,扒
柴,佛
柴,杙
柴,油
柴,門
柴,城
柴,屐
柴,梳
柴,柴
柴,砧
柴,耙
柴,草
柴,桶
柴,魚
柴,跤桶
柴,蜞
柴,寮
柴,頭
柴,頭尪仔
柴,鍥
柴,㷮
柴,目
柴,箍
柴,城鄉
柴,肝
柴,鍥仔
柴,人
柺,仔
柿,仔
柿,餅
柿,粿
柿,霜
柿,霜粉
栓,仔
栗,子
栗,林
校,工
校,友
校,方
校,正
校,舍
校,長
校,區
校,園
校,對
校,慶
核,子
核,心
核,定
核,武
核,准
核,能
核,發
根,本
根,底
根,基
根,源
根,節
根,據
格,仔
格,式
格,調
栽,培
桂,竹
桂,竹筍
桂,花
桂,花魚
桃,仔
桃,仔園
桃,花
桃,園
桃,園市
桃,園縣
桃,源鄉
桃,園區
桃,源區
桃,源
桃,園體育園區
案,件
案,例
案,底
案,情
桌,巾
桌,仔
桌,布
桌,面
桌,崁
桌,屜
桌,帷
桌,球
桌,頂
桌,罩
桌,裙
桌,跤
桌,蓋
桌,頭
桌,櫃
桌,𥴊
桐,油
桑,材
桑,材仔
桑,材樹
桑,椹
桑,椹樹
桑,仔樹
桑,仔葉
桔,仔
桔,仔汁
桔,仔餅
桱,仔
桶,仔
桶,柑
桶,筍
桶,蓋
桶,箍
桶,盤
桶,捾
桷,仔
桷,仔皮
桸,仔
梁,柱
梅,山鄉
梅,仔
梅,仔坑
梅,仔餅
梅,花
梅,毒
梅,仔茶
梅,山
梅,仔干
梓,官鄉
梓,官區
梓,官
梘,尾
梘,尾溪
條,文
條,件
條,例
條,直
條,約
條,款
梟,雄
梢,梢
梢,聲
梧,桐
梧,棲鎮
梧,棲區
梧,棲
梨,仔
梨,園寮
梯,次
梳,頭
梳,頭鬃
梳,妝打扮
梵,文
棄,世
棄,嫌
棄,嬰
棄,權
棉,仔
棉,花
棉,紗
棉,被
棉,裘
棉,襀
棉,襀被
棉,仔枝
棋,子
棋,盤
棍,仔
棑,仔頭
棑,仔
棒,球
棕,筅仔
棕,蓑
棕,鑢仔
棗,仔
棧,間
棧,房
森,林
棺,木
棺,柴
椅,仔
椅,苴
椅,桌
椅,條
椅,墊仔
椅,頭仔
椅,轎
椅,轎仔
植,物
椪,柑
椰,子
椰,子樹
楊,桃
楊,桃汁
楊,桃湯
楊,梅
楊,梅鎮
楊,梅壢
楊,英風美術館
楊,梅區
楓,仔
楓,仔樹
楓,樹
楔,手縫
楔,空
楔,後手
楔,縫
楗,空
楗,錢
楗,个
楠,仔
楠,仔坑
楠,西鄉
楠,梓
楠,梓區
楠,西區
楠,西
楠,梓加工區
楠,仔坑加工區
楠,仔溪
楬,仔
業,主
業,者
業,界
業,務
業,務員
業,債
業,餘
業,績
極,力
極,度
極,限
極,端
極,加
楷,模
楹,仔
概,尺
概,念
概,況
概,論
榕,仔
榕,仔樹
榕,樹
榨,菜
榫,空
榫,頭
榮,民
榮,幸
榮,耀
榮,譽
榮,華
榴,槤
構,成
構,思
構,造
構,想
構,圖
槌,仔
槌,槌
槌,摃鐵
槐,豆
槓,仔
槓,仔寮
槳,仔
槺,榔
槽,頭
槽,頭肉
樂,手
樂,曲
樂,界
樂,音
樂,捐
樂,迷
樂,章
樂,隊
樂,園
樂,意
樂,團
樂,暢
樂,樂溪
樂,器
樂,壇
樂,觀
樂,跎
樓,仔
樓,仔厝
樓,尾頂
樓,梯
樓,頂
樓,跤
樓,層
樓,栱
標,本
標,示
標,明
標,致
標,記
標,會仔
標,準
標,榜
標,誌
標,頭
標,點
標,題
樟,仔
樟,仔樹
樟,腦
樟,腦寮
樟,腦丸
模,仿
模,式
模,型
模,組
模,樣
模,範
模,擬
樣,式
樸,實
樹,子
樹,木
樹,仔
樹,奶
樹,奶弓仔
樹,奶糖
樹,奶擗仔
樹,尾
樹,杞林
樹,豆
樹,身
樹,枝
樹,林
樹,林口
樹,林市
樹,根
樹,栽
樹,絡
樹,椏
樹,葉
樹,影
樹,蔭
樹,貓
樹,頭
樹,薯
樹,叢
樹,奶箍仔
樹,奶束仔
樹,梅
樹,火紀念紙博物館
樹,林仔
樹,林區
樹,欉
樹,錦
樹,奶拭仔
樹,奶索仔
橄,欖
橄,欖油
橋,仔頭
橋,頂
橋,跤
橋,墩
橋,樑
橋,頭
橋,頭鄉
橋,頭糖廠
橋,頭區
橋,仔頭糖廠
橋,頭火車站
橋,仔頭火車站
橐,仔
橐,袋仔
機,身
機,車
機,制
機,房
機,油
機,長
機,型
機,師
機,能
機,動
機,密
機,械
機,率
機,票
機,場
機,會
機,電
機,構
機,種
機,緣
機,器
機,器桶
機,關
機,關銃
機,場第一航廈
機,場第二航廈
機,場旅館
機,關車
橫,山
橫,山鄉
橫,向
橫,扴
橫,直
橫,財
橫,逆
橫,霸霸
橫,痃
檔,名
檔,案
檔,期
檢,方
檢,定
檢,采
檢,查
檢,疫
檢,索
檢,討
檢,測
檢,視
檢,察官
檢,調
檢,舉
檢,點
檢,警
檢,驗
檨,仔
檨,仔青
檫,仔
檯,面
檯,燈
檳,榔
檸,檬
櫃,臺
櫃,檯
櫃,台
櫥,仔
櫥,屜
櫥,窗
櫳,仔
櫳,仔內
櫳,仔飯
櫻,花
櫻,桃
欄,位
欄,杆
權,力
權,利
權,威
權,限
權,益
權,勢
權,算
欠,用
欠,安
欠,血
欠,缺
欠,債
欠,數
欠,點
次,子
次,序
次,長
次,要
欣,羨
欣,賞
欣,慕
欲,死欲活
欲,呢
欲,知
欲,望
欲,暗仔
欲,暗矣
欲,晝仔
欲,倚
欶,水
欶,奶
欶,管
欹,空
欺,負
欺,瞞
欺,騙
欺,貧重富
欽,佩
款,式
款,待
款,勸
歁,的
歁,話
歁,歁
歁,頭歁面
歁,大呆
歁,呆
歇,工
歇,冬
歇,晝
歇,喘
歇,寒
歇,睏
歇,暗
歇,暝
歇,熱
歇,涼
歇,睏日
歇,睏時仔
歌,手
歌,仔
歌,仔戲
歌,曲
歌,星
歌,迷
歌,詞
歌,舞
歌,舞團
歌,劇
歌,壇
歌,聲
歌,謠
歌,詩
歌,仔冊
歌,仔先
歌,仔簿
歌,仔仙
歐,巴桑
歐,式
歐,洲
歐,美
歐,陽
歐,盟
歕,火
歕,咑觱仔
歕,風
歕,喙觱
歕,觱仔
歕,觱觱仔
歕,雞胿
歕,雞胿仔
歡,呼
歡,迎
歡,送
歡,喜
歡,樂
歡,頭喜面
歡,歡喜喜
止,血
止,枵
止,疼
止,喙焦
止,嗽
止,渴
正,手
正,手爿
正,月
正,月正時
正,爿
正,本
正,式
正,身
正,宗
正,門
正,是
正,派
正,面
正,音
正,常
正,統
正,途
正,港
正,番公
正,著時
正,視
正,當
正,當時
正,經
正,義
正,路
正,頓
正,確
正,範
正,拗
正,房
正,剾
正,名
正,實
正,月時
正,月時仔
正,月正頭
正,種
此,中晝
此,外
此,地
此,早起
此,刻
此,後
此,時
此,暝昏
步,入
步,行
步,數
步,調
步,輦
步,頻
武,力
武,士
武,士林
武,功
武,市
武,生
武,林
武,俠
武,洛溪
武,將
武,術
武,塔
武,溜灣
武,聖廟
武,裝
武,器
武,藝
武,車
歧,視
歪,哥
歪,斜
歪,喙
歪,膏揤斜
歪,路
歲,月
歲,壽
歲,頭
歷,代
歷,史
歷,年
歷,來
歷,程
歷,經
歷,練
歷,史博物館
歸,仁鄉
歸,尾
歸,來
歸,納
歸,類
歸,屬
歸,仁區
歸,仁
歸,氣
歹,人
歹,天
歹,心
歹,手爪
歹,代
歹,囝
歹,囝症
歹,年冬
歹,死
歹,扭搦
歹,育飼
歹,命
歹,命人
歹,性地
歹,物
歹,空
歹,剃頭
歹,看
歹,看相
歹,食
歹,徒
歹,症頭
歹,喙
歹,喙斗
歹,款
歹,睏
歹,勢
歹,意
歹,腹肚
歹,話
歹,路
歹,運
歹,銅舊錫
歹,積德
歹,聲嗽
歹,講
歹,癖
歹,聽
歹,𤆬頭
歹,睏癖
歹,日
歹,吉兆
歹,物仔
歹,看面
歹,面
歹,面相看
歹,紡
歹,價
歹,彩頭
歹,蟲
歹,代誌
歹,冬
歹,份
歹,鬼𤆬頭
歹,過
歹,看頭
歹,面腔
歹,氣
歹,去
歹,事
歹,手癖
歹,天年
歹,聽話
歹,頭彩
歹,物件
歹,戲拖棚
歹,消息
歹,做
死,人
死,人面
死,人款
死,亡
死,心
死,去
死,目
死,刑
死,因
死,死
死,肉
死,囡仔
死,囡仔脯
死,囡仔䖙
死,坐活食
死,角
死,忠
死,性
死,板
死,者
死,泉
死,活
死,海
死,症
死,結
死,絕
死,殗殗
死,傷
死,會
死,窟仔水
死,罪
死,路
死,路旁
死,趖
死,諍
死,豬仔價
死,賴人
死,錢
死,體
死,鹹
死,扳仔
死,囡仔胎
死,囡仔災
死,翹翹
死,痠
殕,色
殕,的
殕,殕
殖,民
殖,民地
殖,民者
殘,忍
殘,留
殘,酷
殘,障
殘,骸
殘,殘
殘,殘脆脆
殭,屍
殯,儀館
段,落
殺,人
殺,手
殺,生
殺,死
殺,害
殺,氣
殼,仔絃
殿,堂
毀,滅
毋,才
毋,甘
毋,甘嫌
毋,甘願
毋,好
毋,好勢
毋,成
毋,成人
毋,成囝
毋,成物
毋,成猴
毋,成樣
毋,但
毋,免
毋,拄好
毋,知
毋,知人
毋,知死
毋,知影
毋,信
毋,是
毋,是勢
毋,挃
毋,值
毋,准
毋,捌
毋,情願
毋,通
毋,敢
毋,著
毋,過
毋,管
毋,願
毋,驚
毋,是款
毋,成囡仔
毋,就
毋,敢當
毋,知見笑
毋,知輕重
毋,知死活
毋,值著
母,女
母,仔囝
母,囝椅
母,身
母,妗
母,的
母,金
母,校
母,舅
母,舅公
母,語
母,親
母,親節
母,錢
母,體
母,姨
每,日
每,年
每,次
每,每
毒,手
毒,死
毒,性
毒,品
毒,計
毒,害
毒,素
毒,藥
毒,心
比,比
比,如
比,並
比,例
比,武
比,重
比,率
比,喻
比,照
比,較
比,對
比,數
比,論
比,賽
毛,利
毛,利率
毛,尾仔
毛,呼
毛,病
毛,毯
毛,筆
毛,跤
毛,管
毛,蟹
毛,管空
毛,毛仔雨
毫,米
毫,克
毯,仔
毽,子
民,心
民,主
民,主化
民,代
民,生
民,壯圍
民,事
民,法
民,俗
民,怨
民,政局
民,航
民,航局
民,國
民,情
民,族
民,族性
民,眾
民,間
民,雄
民,雄鄉
民,意
民,歌
民,調
民,選
民,營
民,營化
民,謠
民,權
民,權西路
民,望
氣,力
氣,口
氣,功
氣,色
氣,身惱命
氣,味
氣,怫怫
氣,氛
氣,流
氣,派
氣,候
氣,象
氣,象局
氣,勢
氣,概
氣,溫
氣,運
氣,數
氣,質
氣,魄
氣,壓
氣,體
氣,掣掣
氣,暢忍
氧,化
氧,氣
水,上
水,上鄉
水,土
水,土保持
水,井
水,手
水,牛
水,仙
水,仙宮
水,平
水,母
水,田
水,份
水,圳
水,池
水,位
水,利
水,尾
水,床
水,沖
水,災
水,芋仔
水,車
水,里
水,里鄉
水,底
水,果
水,林鄉
水,泥
水,油
水,社寮
水,返腳
水,門
水,柿
水,泉
水,流
水,紅仔色
水,缸
水,面
水,拹仔
水,庫
水,氣
水,珠
水,域
水,彩
水,桶
水,梨仔
水,產
水,貨
水,鳥
水,堀頭
水,晶
水,筆仔
水,費
水,量
水,源
水,源頭
水,溝
水,溫
水,準
水,裡坑
水,道
水,道水
水,道頭
水,閘
水,電
水,管
水,蜜桃
水,銀
水,餃
水,槽
水,磅仔
水,稻
水,質
水,墨
水,墨畫
水,燈
水,頭
水,鴨
水,鴛鴦
水,龍
水,龍車
水,龜
水,壓
水,燦林
水,薑
水,薑仔
水,螺
水,蕹菜
水,觳仔
水,櫃
水,薰吹
水,雙叉
水,雞
水,雞仔泅
水,雞泅
水,薸
水,獺
水,壩
水,疱
水,鬼
水,崩山
水,跤
水,尺
水,泱
水,租
水,脈
水,碓
水,窟仔
水,鉎
水,濺仔
水,浸粿
水,轉跤
水,林
水,槽仔
水,秤
水,抽仔
水,滇
水,溝仔
水,垢
水,管路
水,濺
水,洘
水,窟
水,龍頭
水,平尺
水,塔
水,退
水,仙花
水,源地
水,閘門
水,閘仔
永,久
永,久性
永,安市場
永,安鄉
永,和
永,和市
永,春
永,康
永,康市
永,靖
永,靖鄉
永,寧
永,遠
永,樂
永,續
永,和區
永,康區
永,安區
永,安
求,神問佛
求,婚
求,情
求,學
求,職
汐,止
汐,止市
汐,止區
汐,科
汗,水
汗,流汁滴
汙,染
江,子翠
江,山
江,南
江,湖
池,上
池,上鄉
污,染
汪,洋
汫,水
汫,水魚
汰,衫
汰,喙
決,心
決,定
決,策
決,標
決,戰
決,賽
決,議
決,明
決,志
汽,水
汽,車
汽,油
沂,泔
沃,水
沃,肥
沃,花
沃,雨
沃,澹
沉,底
沉,重
沉,靜
沐,手
沐,水
沐,沐泅
沐,浴
沐,喙
沒,收
沓,沓仔
沓,沓滴滴
沓,滴
沖,水
沖,犯
沖,沖滾
沖,銷
沙,沙
沙,拉油
沙,東宮
沙,挑
沙,洲
沙,埔
沙,屑
沙,茶
沙,崙
沙,鹿
沙,鹿鎮
沙,畫
沙,微
沙,漠
沙,線
沙,龍巴斯
沙,轆
沙,耙
沙,轆區
沙,鹿區
沙,耙仔
沙,崙仔
沙,篩
沬,水
河,口
河,川
河,水
河,床
河,岸
河,流
河,溪
河,邊
油,水
油,車
油,車間
油,性
油,抽
油,門
油,肭肭
油,垢
油,洗洗
油,炸粿
油,桐花
油,紙
油,脂
油,胰
油,寄
油,寄仔
油,寄仔火
油,條
油,魚
油,渣
油,畫
油,筒仔
油,菜
油,菜花
油,飯
油,滓
油,煙
油,漏仔
油,漆
油,價
油,廠國小
油,蔥
油,蔥粿
油,燈
油,燈仔
油,臊
油,羅溪
油,罐車
油,攑仔
治,安
治,枵
治,病
治,罪
治,療
治,權
沼,平
沿,岸
沿,海
沿,途
沿,路
沿,線
泄,尿
泅,水
泉,水
泉,源
泔,糜仔
法,人
法,力
法,文
法,令
法,定
法,官
法,治
法,門
法,則
法,度
法,律
法,師
法,庭
法,案
法,院
法,務
法,國
法,術
法,規
法,場
法,會
法,網
法,辦
法,醫
法,寶
法,警
泛,豬頭皮
泡,茶
泡,麵
泡,茶米
泡,茶心
波,長
波,浪
波,動
注,入
注,文
注,目
注,定
注,重
注,音
注,射
注,意
注,意力
泰,山
泰,山鄉
泰,安
泰,安鄉
泰,武鄉
泰,國
泰,國菝仔
泰,山區
泰,武
泰,山貴和
洄,瀾
洋,服
洋,裝
洋,樓
洋,蔥
洗,手間
洗,石仔
洗,汰
洗,身軀
洗,身軀桶
洗,身軀間
洗,門風
洗,衫
洗,衫店
洗,衫枋
洗,面
洗,浴
洗,淨
洗,喙
洗,牌
洗,腎
洗,髮精
洗,盪
洗,禮
洗,衫機
洗,面槽
洗,口
洘,旱
洘,流
洘,秫秫
洘,頭糜
洞,房
洞,窟
洞,葛
洞,簫
津,津有味
津,貼
洩,水
洪,水
活,力
活,水
活,性
活,動
活,欲
活,結
活,會
活,路
活,跳跳
活,潑
活,錢
活,魚栽
活,賣
活,扳仔
活,期
活,人
活,跳
派,出所
派,系
派,遣
派,駐
派,頭
流,入
流,水
流,失
流,目屎
流,向
流,汗
流,血
流,行
流,利
流,星
流,浪
流,凊汗
流,動
流,動性
流,動率
流,域
流,淚
流,產
流,通
流,速
流,湯
流,程
流,量
流,傳
流,感
流,會
流,鼻
流,鼻水
流,標
流,線
流,豬哥瀾
流,竄
流,轉
流,瀾
流,瀾垂
流,露
流,糍
流,籠
流,汗流洘
流,汗糝滴
浪,子
浪,費
浪,漫
浪,蕩
浪,蕩囝
浮,冇
浮,石
浮,沉
浮,動
浮,崙
浮,現
浮,游
浮,雲
浮,雕
浮,浪貢
浮,洲
浮,浪貢的
浮,水蓮花
浮,嶼
浴,桶
浴,場
浴,間仔
浴,池
浴,間
海,上
海,口
海,口腔
海,山
海,內外
海,水
海,水浴場
海,外
海,瓜子
海,沙埔
海,協會
海,味
海,和尚
海,岸
海,岸線
海,底
海,拔
海,狗
海,洋
海,軍
海,面
海,風
海,虼蚻
海,埔
海,峽
海,島
海,海
海,浮石
海,翁
海,豹
海,馬
海,參
海,域
海,基會
海,帶
海,產
海,產糜
海,蛇
海,豚
海,報
海,棠
海,湧
海,菜
海,量
海,賊
海,運
海,鼠
海,漲
海,端
海,端鄉
海,綿
海,墘
海,墘仔
海,墘營
海,線
海,豬
海,豬仔
海,龍王
海,龜
海,獺
海,邊
海,邊仔
海,關
海,鰻
海,灣
海,鱺仔
海,坪
海,洋生物館
海,生館
海,關博物館
海,科館
海,波浪
海,草魚
海,塭
浸,柿
浸,水
消,化
消,水
消,失
消,災解厄
消,防
消,防隊
消,定
消,毒
消,風
消,息
消,除
消,基會
消,逝
消,費
消,費者
消,極
消,滅
消,解
消,遣
消,瘦落肉
消,敨
消,防車
消,防組車
涉,及
涉,案
涉,嫌
液,體
涵,空
涵,溝
涵,蓋
涵,空龜
涼,水
涼,水珠仔
涼,亭
涼,亭仔跤
涼,風
涼,傘
涼,勢
涼,的
涼,腔
涼,腔仔話
涼,亭仔
淋,水
淋,雨
淋,病
淋,漓
淋,碭
淑,女
淒,涼
淘,汰
淘,井
淡,化
淡,水
淡,水河
淡,水鎮
淡,薄
淡,薄仔
淡,水區
淡,水信義線
淡,金鄧公
淡,江大學
淡,金北新
淡,水行政中心
淡,海新市鎮
淨,化
淨,利
淨,香
淪,陷
淫,亂
淮,山
深,入
深,井
深,交
深,色
深,坑
深,坑鄉
深,沉
深,刻
深,夜
深,信
深,厚
深,度
深,思
深,情
深,淺
深,深
深,造
深,遠
深,層
深,山林內
深,目
深,緣
深,坑區
深,眠
深,想
淵,源
混,合
混,亂
淹,大水
淹,水
淹,死
淺,色
淺,見
淺,拖
淺,拖仔
淺,眠
淺,想
淺,緣
添,丁
添,油香
添,飯
添,粧
添,話
添,福壽
清,大
清,心
清,水
清,水溪
清,水鎮
清,水巖
清,火
清,代
清,白
清,早
清,秀
清,明
清,芳
清,幽
清,查
清,洗
清,氣
清,氣相
清,真寺
清,茶
清,酒
清,除
清,掃
清,涼
清,淡
清,淨
清,爽
清,理
清,單
清,寒
清,晰
清,朝
清,閒
清,廉
清,新
清,楚
清,運
清,算
清,數
清,潔
清,醒
清,糜
清,彩
清,飯
清,水區
清,井
減,少
減,免
減,法
減,肥
減,省
減,弱
減,產
減,稅
減,輕
渡,口
渡,海
渡,假
渡,船
渡,船頭
渡,過
渡,頭
渡,鳥
測,量
測,驗
港,口
港,仔喙
港,區
港,都
港,路
港,墘
港,灣
游,泳
游,泳池
游,牧
游,擊隊
湖,口
湖,口鄉
湖,內鄉
湖,西鄉
湖,面
湖,內區
湖,內
湖,西
湠,開
湠,種
湠,根
湢,
湯,匙
湯,匙仔
湯,匙仔菜
湯,頭
湯,飯
湳,仔
湳,田
湳,塗
湳,仔地
湳,地
源,自
源,泉
源,頭
準,拄好
準,則
準,時
準,做
準,備
準,算
準,確
準,講
準,拄煞
準,若
準,煞
準,準準
溜,冰
溜,旋
溜,閃
溝,仔
溝,通
溢,奶
溢,刺酸
溪,口
溪,口鄉
溪,水
溪,仔
溪,仔墘
溪,州
溪,州鄉
溪,流
溪,哥仔
溪,埔
溪,湖鎮
溪,溝
溪,頭
溪,鮊仔
溪,湖
溪,墘
溫,和
溫,度
溫,度計
溫,柔
溫,泉
溫,習
溫,暖
溫,馴
溫,罐
溼,溼
溼,疹
溼,地
溼,度
溼,一下
滄,桑
滅,亡
滇,流
滋,味
滋,潤
滋,養
滑,倒
滑,溜溜
滑,落
滑,鼠
滬,尾
滯,滯
滲,尿
滲,屎
滲,屎尿
滷,肉
滷,肉飯
滷,卵
滷,味
滷,麵
滷,熟肉
滸,苔
滾,水
滾,水瓶
滾,水罐
滾,笑
滾,絞
滾,絞疼
滾,滾
滾,耍笑
滾,蛟躘
滿,月
滿,四界
滿,州鄉
滿,足
滿,面
滿,意
滿,腹
滿,漢全席
滿,滿
滿,滿是
滿,壘
滿,州
滿,山紅
滿,員
漁,夫
漁,民
漁,村
漁,船
漁,場
漁,港
漁,會
漁,業
漁,網
漂,水漂
漂,白
漂,白粉
漂,磚仔杮
漉,喙
漉,溝仔糜
漉,溝糜仔
漉,糊仔糜
漉,糊糜
漉,糊糜仔
漏,洩
漏,稅
演,化
演,出
演,技
演,奏
演,奏會
演,員
演,唱
演,唱會
演,習
演,進
演,義
演,說
演,練
演,戲
演,講
演,講會
演,藝
演,變
漚,色
漚,客
漚,屎面
漚,貨
漚,鹹菜
漚,鬱熱
漚,肥
漚,屎
漚,古
漚,步
漚,屎步
漚,戲拖棚
漚,熱
漚,翕
漚,翕熱
漠,視
漢,人
漢,文
漢,本
漢,字
漢,草
漢,堡
漢,聲
漢,醫
漢,藥
漢,藥店
漢,學仔先
漢,草好
漩,尿
漩,桶
漫,步
漫,遊
漫,談
漱,口
漲,大水
漲,懸價
漲,價
漳,和
漳,泉濫
漸,漸
漿,泔
漿,洗
漿,衫
漿,寄生
潑,雨
潘,水
潘,泔
潘,桶
潛,力
潛,水艇
潛,在
潛,能
潤,餅
潤,餅𩛩
潤,澤
潦,草
潭,子
潭,子鄉
潭,仔
潭,仔墘
潭,子區
潮,州鎮
潮,洲
潮,流
潮,州
潰,瘍
澄,清
澈,底
澎,湖
澎,湖菜瓜
澎,湖縣
澗,仔壢
澩,澩
澳,門
澳,洲
澹,漉漉
澹,糊糊
澹,水地
澹,溼
激,力
激,五仁
激,心
激,外外
激,空
激,怐怐
激,屎
激,派頭
激,面腔
激,氣
激,烈
激,酒
激,骨
激,動
激,情
激,發
激,腦
激,勵
激,頭殼
激,骨話
激,悾激戇
激,屎龜
激,水
激,笑面
濁,口溪
濁,水
濁,水溪
濁,濁
濃,度
濃,縮
濕,地
濕,度
濕,疹
濕,濕
濟,少
濟,歲
濟,話
濟,濟
濫,用
濫,使
濫,糝
濱,海義山
濱,海沙崙
濺,水
瀉,藥
瀉,藥仔
瀉,腹
瀑,布
瀟,灑
瀧,溪
瀾,垂
瀾,踅
瀾,垂仔
灇,水
灌,水
灌,注
灌,風
灌,溉
灌,腸
灣,里街
火,力
火,大
火,山
火,山巖
火,加落
火,石仔
火,光
火,舌
火,夾
火,災
火,車
火,車站
火,車路
火,炎山
火,金星
火,金蛄
火,屎
火,挑
火,星
火,炭
火,氣
火,速
火,鉗
火,鼠
火,劃仔
火,種
火,管
火,箸
火,腿
火,撓
火,箭
火,熥
火,燒
火,燒山
火,燒厝
火,燒埔
火,燒島
火,擦仔
火,鍋
火,鍤
火,薰
火,薰管仔
火,雞
火,雞母
火,藥
火,爐
火,警
火,烌
火,烌耙仔
火,油
火,引
火,母
火,車母
火,車頭
火,烌性
火,珠仔
火,擦
火,拭仔
灰,匙仔
灰,窯
灰,埕
灰,匙
灶,跤
灶,頭
災,厄
災,民
災,害
災,區
災,情
災,禍
災,難
炊,斗
炊,床
炊,粿
炊,卵
炊,粉
炎,熱
炒,作
炒,米粉
炕,肉
炕,肉飯
炕,菜頭
炕,窯
炕,塗窯
炭,丸
炭,空
炭,屎
炭,球
炭,窯
炭,礦
炮,仔
炮,台
炮,彈
炸,油
炸,彈
炸,豬油
炸,藥
為,人
為,止
為,主
為,何
為,啥物
為,難
為,非糝做
為,非作歹
烈,嶼鄉
烈,嶼
烏,人
烏,仁
烏,仁目鏡
烏,天暗地
烏,心石
烏,心肝
烏,手
烏,日
烏,日鄉
烏,毛
烏,司蠓
烏,司蠓仔
烏,市
烏,白
烏,白來
烏,白講
烏,名單
烏,有
烏,耳鰻
烏,色
烏,西
烏,豆
烏,來鄉
烏,枋
烏,枋拭仔
烏,板擦
烏,油
烏,狗
烏,狗兄
烏,金
烏,青
烏,青凝血
烏,坵鄉
烏,面抐桮
烏,格仔
烏,真珠
烏,骨雞
烏,梅仔酒
烏,甜仔菜
烏,笛仔
烏,陰
烏,陰天
烏,魚
烏,魚子
烏,魚鰾
烏,麻油
烏,喙筆仔
烏,斑
烏,棗
烏,焦瘦
烏,牌
烏,痣
烏,間
烏,雲
烏,塗
烏,暗
烏,暗眩
烏,滓血
烏,溪
烏,煙
烏,煙黗
烏,跤香
烏,道
烏,漉肚
烏,漚
烏,趖趖
烏,影
烏,醋
烏,魯木齊
烏,鴉
烏,鴉喙
烏,墨
烏,璇石
烏,蝛
烏,蝛仔
烏,蝛仔蠓
烏,燕仔
烏,糖
烏,糖粿
烏,貓
烏,貓姊仔
烏,辨白
烏,頭仔車
烏,龍
烏,龍仔
烏,龍茶
烏,龜
烏,龜仔
烏,龜頭
烏,甕串
烏,蟦
烏,鯧
烏,鶖
烏,𩸙仔
烏,𪐞紅
烏,㽎㽎
烏,點
烏,子仔菜
烏,白切
烏,尾冬
烏,面賊
烏,鉎
烏,來區
烏,來
烏,日區
烏,坵
烏,白想
烏,格
烏,鬼仔菜
烏,仔魚
烘,火
烘,肉
烘,爐
烘,爐扇
烘,燒
焙,茶
焚,化爐
無,一定
無,了時
無,人緣
無,力
無,下落
無,大無細
無,天理
無,心
無,心肝
無,心情
無,毋著
無,比
無,代無誌
無,半步
無,半絲
無,半項
無,半撇
無,去
無,可奈何
無,打緊
無,仝
無,名
無,佇咧
無,妨
無,尾巷
無,尾熊
無,形
無,步
無,良心
無,事使
無,依無倚
無,到一半
無,味
無,奈
無,奈何
無,定著
無,底代
無,所謂
無,拄好
無,法
無,法伊
無,法度
無,法無天
無,的確
無,知
無,空
無,非
無,故
無,某無猴
無,相干
無,要無緊
無,要緊
無,限
無,差
無,效
無,氣
無,眠
無,神
無,能
無,偌久
無,夠
無,夠月
無,夠重
無,常
無,張持
無,彩
無,彩工
無,情
無,望
無,細膩
無,聊
無,聊無賴
無,通
無,啥物
無,啥貨
無,桮
無,辜
無,量
無,閒
無,傳
無,嗣
無,意
無,意中
無,意無思
無,愛
無,路
無,路用
無,路來
無,較縒
無,暝無日
無,疑
無,疑悟
無,精差
無,影
無,影無跡
無,數
無,窮
無,緣
無,線
無,線電
無,論
無,銷
無,錯
無,頭神
無,聲
無,聲無說
無,膽
無,講無呾
無,禮
無,礙著
無,邊
無,關係
無,議量
無,鹹無纖
無,攬無拈
無,天良
無,捨施
無,盤
無,才
無,塊
無,品
無,局
無,按怎
無,變步
無,底深坑
無,額
無,夠額
無,夠力
無,話講茭荖
無,記持
無,塊通
無,老實
無,理
無,禮貌
無,禮數
無,面
無,面子
無,錢飯
無,情緒
無,啥
無,捨無施
無,俗
無,閒人
無,鹹無汫
無,小心
無,心腸
無,信用
無,藝
無,站節
無,張無持
無,注意
焦,洗
焦,料
焦,涸涸
焦,燥
焦,點
焦,鬆
焦,瘦
然,後
煎,茶
煎,匙
煎,餅
煎,藥
煎,藥仔
煎,粿
煏,油
煏,空
煏,桌
煙,火
煙,仔魚
煙,筒
煙,腸
煙,霧
煙,黗
煙,暈
煙,筒管
煞,心
煞,去
煞,尾
煞,尾仔囝
煞,尾囝
煞,尾指
煞,神
煞,著
煞,鼓
煞,戲
煞,煞去
煞,喙焦
煞,了代
煞,氣
煞,尾的
照,步來
照,呼照行
照,明
照,射
照,料
照,起工
照,常
照,實
照,樣
照,辦
照,講
照,鏡
照,護
照,顧
照,電光
照,品照行
照,品照引
照,起工來
煩,心
煩,惱
煮,食
煮,食的
煮,食裙仔
煮,飯的
煮,麵
煮,食師傅
煽,動
熁,燒
熇,熱
熊,膽
熟,手
熟,似
熟,似人
熟,練
熟,鐵
熟,藥
熨,斗
熨,金
熱,人
熱,切
熱,天
熱,天人
熱,心
熱,水罐
熱,火
熱,門
熱,度
熱,毒
熱,烈
熱,帶
熱,情
熱,著
熱,量
熱,愛
熱,誠
熱,嗽
熱,舞
熱,潮
熱,線
熱,戀
熱,衫
熱,天衫
燃,火
燃,料
燃,柴
燃,水
燃,茶
燈,心
燈,火
燈,仔火
燈,光
燈,具
燈,座
燈,猜
燈,塔
燈,罩
燈,仔花
燈,虎
燈,籃仔花
燈,謎
燈,油
燒,水
燒,肉
燒,金
燒,香
燒,烙
燒,酒
燒,酒螺
燒,酒雞
燒,著
燒,滾滾
燒,熱
燒,罐
燒,烘烘
燒,唿唿
燒,的
燒,酒仙
燒,肉粽
燒,水罐
燒,燙燙
燒,銀紙
燒,紙錢
燕,仔
燕,仔鳥
燕,巢鄉
燕,窩
燕,巢區
燕,巢
燖,鍋
燖,補
燙,著
燜,飯
營,收
營,利
營,建
營,造
營,隊
營,業
營,業稅
營,運
營,養
營,業車
燥,水
燦,爛
燭,台
燭,光
燻,肉
爁,日
爆,炸
爆,破
爆,發
爆,笑劇
爍,爁
爐,丹
爐,主
爛,塗
爛,塗糜
爛,溝仔糜
爛,溝糜仔
爛,蜞
爛,糊糊
爛,癬
爛,𤶃仔
爛,田
爪,仔
爪,耙仔
爭,取
爭,執
爭,奪
爭,論
爭,議
父,子
父,兄
父,母
父,老
父,親
父,權
爸,母
爸,老囝幼
爸,爸
爸,仔囝
爺,舍囝
爽,快
爽,歪歪
爾,爾
牆,仔
牆,圍
牆,圍仔
片,段
片,面
片,商
片,廠
片,鴻
版,本
版,面
版,畫
版,圖
版,權
牌,子
牌,仔
牌,照
牌,位
牙,槽
牙,槽骨
牚,腿
牚,頭
牚,懸
牛,公
牛,仔
牛,仔囝
牛,仔褲
牛,奶
牛,奶色
牛,奶喙仔
牛,奶糖
牛,母
牛,肉
牛,舌餅
牛,牢
牛,肚
牛,肚螕
牛,角
牛,角花
牛,角鼓
牛,車
牛,杙仔
牛,油
牛,屎色
牛,屎鳥仔
牛,屎龜
牛,郎
牛,哥
牛,索
牛,排
牛,貫
牛,陵
牛,捽仔
牛,喙罨
牛,犅
牛,犅仔
牛,頓草
牛,腩
牛,種
牛,種仔
牛,鼻圈
牛,罵頭
牛,蝨
牛,擔
牛,頭
牛,蟊
牛,螕
牛,𡳞脬檨
牛,奶粉
牛,角𨂿仔
牛,聲馬喉
牛,蒡
牛,鼻環
牛,鼻圈仔
牛,犅𨂿
牛,喙箍
牛,角𨂿
牛,繚索
牛,聲馬吼
牛,聲馬叫
牛,屎鶺仔
牛,繏棕
牡,丹
牡,丹坑
牡,丹社
牡,丹鄉
牢,鼎
牢,腹
牧,羊犬
牧,師
牧,場
牧,童
物,仔
物,代
物,件
物,品
物,食
物,配
物,理
物,資
物,種
物,價
物,質
物,體
牲,醴
特,有
特,色
特,別
特,技
特,使
特,例
特,定
特,性
特,派員
特,約
特,首
特,效
特,效藥
特,殊
特,務
特,區
特,產
特,意
特,種
特,價
特,徵
特,質
特,點
特,權
牽,亡
牽,公
牽,引
牽,手
牽,牛
牽,成
牽,車
牽,尪姨
牽,制
牽,拖
牽,的
牽,抾
牽,紅姨
牽,師仔
牽,挽
牽,核仔
牽,涉
牽,粉
牽,罟
牽,連
牽,猴仔
牽,絲
牽,線
牽,豬哥
牽,羅經
牽,羹
牽,藤
牽,教 
牽,龜落湳
牽,水󸾯
牽,猴
犀,牛
犁,田
犁,園
犁,頭店
犒,軍
犧,牲
犯,人
犯,人欹
犯,法
犯,案
犯,規
犯,著
犯,罪
犯,錯
狀,元
狀,況
狀,師
狀,態
狀,元粿
狐,狸
狐,狸精
狗,公
狗,公腰
狗,毛仔蟲
狗,牙
狗,仔
狗,母
狗,母蛇
狗,母魚
狗,母鍋
狗,岫
狗,空
狗,蝨
狗,蟻
狗,蟻碟仔
狗,𩸶仔
狗,鯊
狗,肉數
狗,母鮻
狗,蟻碗
狡,怪
狸,猫
狹,義
狹,櫼櫼
狼,毒
狼,狽
猛,火
猛,烈
猛,將
猛,禽
猛,醒
猛,獸
猛,掠
猜,想
猜,疑
猜,測
猩,猩
猫,仔
猫,羅溪
猫,公
猫,港
猫,狸
猫,空
猴,山
猴,山仔
猴,仔
猴,囡仔
猴,齊天
猴,樹港
猴,戲
猴,洞
猴,硐
猴,洞仔
猴,死囡仔
猶,太
猶,毋過
猶,未
猶,有
猶,是
猶,原
猶,閣
猶,閣咧
猶,豫
獅,子鄉
獅,仔鼻
獅,甲
獅,潭鄉
獅,頭山
獅,潭
獅,仔鄉
獅,子
獅,仔
獎,助
獎,助金
獎,券
獎,狀
獎,金
獎,品
獎,牌
獎,項
獎,學金
獎,勵
獨,一無二
獨,立
獨,立山
獨,自
獨,身
獨,身仔
獨,家
獨,裁
獨,獨
獨,唱
獨,角龜仔
獨,角金龜
獨,力
獨,占
獨,奏
獸,醫
獻,身
獻,計
獻,敬
獻,紙
玄,天上帝
玉,山
玉,井鄉
玉,仔
玉,米
玉,里
玉,里鎮
玉,皇大帝
玉,蘭花
玉,井區
玉,井
王,子
王,后
王,妃
王,哥柳哥
王,國
王,梨
王,朝
王,牌
王,爺
王,爺債
王,祿仔
王,爺廟
王,見王
王,梨酥
王,祿仔仙
玩,石家博石館
玫,瑰
玫,瑰花
玲,珞社
玲,瑯鼓
玲,瑯仔
玲,瓏
玻,璃
玻,璃窗
玻,璃菜
珊,瑚
珍,惜
珍,貴
珍,藏
珍,寶
珍,重
珠,仔
珠,淚
珠,蔥
珠,螺
珠,螺膎
珠,寶
珠,仔龜
班,上
班,長
班,級
現,今
現,世
現,代
現,代人
現,代化
現,任
現,在
現,成
現,有
現,此時
現,身
現,拄現
現,況
現,狀
現,金
現,流仔
現,胸
現,現
現,場
現,象
現,階段
現,實
現,挽的
現,主時
球,友
球,技
球,季
球,員
球,迷
球,桮
球,場
球,間
球,隊
球,團
球,箠
球,鞋
球,賽
球,類
球,埕
理,工
理,化
理,由
理,事
理,事長
理,事會
理,念
理,性
理,所當然
理,財
理,智
理,想
理,解
理,監事
理,論
理,髮
琉,球
琉,球鄉
琉,園水晶博物館
琴,子
琴,鐘仔
琵,琶
瑞,士
瑞,北
瑞,和
瑞,芳
瑞,芳鎮
瑞,源
瑞,穗
瑞,穗鄉
瑞,芳區
瑪,家鄉
瑪,瑙
瑪,鋉
瑪,家
瑯,嶠
璇,石
璇,筆
璞,石閣
環,保
環,保署
環,島
環,球
環,節
環,境
環,北
瓊,花
瓜,子
瓜,仔
瓜,仔哖
瓜,果
瓜,剾仔
瓜,笠仔
瓜,魚
瓠,佬觳仔
瓠,桸帽
瓠,桸觳
瓠,桸觳仔
瓦,厝
瓦,斯
瓦,斯爐
瓦,缾
瓦,解
瓦,窯
瓦,杮仔
瓦,杮
瓷,仔
瓷,仔店
甄,試
甄,選
甌,仔
甕,仔
甕,肚
甘,心
甘,草
甘,甜
甘,蔗
甘,蔗粕
甘,願
甘,樹子
甘,言蜜語
甚,至
甜,瓜
甜,言蜜語
甜,豆
甜,茶
甜,粅粅
甜,湯
甜,路
甜,蜜
甜,粿
生,力軍
生,化
生,日
生,仔
生,平
生,瓜
生,目尖
生,目屎尖
生,份
生,份人
生,囝
生,存
生,成
生,死
生,囡仔
生,冷
生,卵
生,狂
生,育
生,性
生,物
生,長
生,前
生,活
生,疥
生,相
生,計
生,效
生,時日月
生,根
生,做
生,動
生,張
生,涯
生,理
生,理人
生,理場
生,產
生,疏
生,粒
生,粒仔
生,番
生,菜
生,湠
生,菇
生,腸
生,話
生,路
生,鉎
生,態
生,態園區
生,瘡
生,機
生,鍋
生,檨仔
生,鐵
生,癬
生,驚
生,癰
生,癰仔
生,本
生,真
生,頭凊面
生,猴
生,後生
生,津止渴
生,藥
產,生
產,地
產,房
產,物
產,品
產,能
產,婦
產,婆
產,量
產,業
產,銷
用,心
用,戶
用,水
用,功
用,地
用,來
用,具
用,法
用,品
用,處
用,途
用,意
用,電
用,語
田,中
田,中央
田,中鎮
田,地
田,庄
田,佃
田,尾鄉
田,岸
田,岸路
田,契
田,租
田,野
田,桮
田,蛤仔
田,蛤仔泅
田,園
田,僑
田,僑仔
田,寮鄉
田,嬰
田,螺
田,尾
田,寮區
田,寮
田,雞
由,在
由,來
甲,子
甲,仙鄉
甲,板
甲,馬
甲,箬笠
甲,仙區
甲,仙
甲,尾
申,冤
申,報
申,訴
申,請
申,辦
男,人
男,士
男,女
男,子
男,子漢
男,方
男,主角
男,性
男,裝
男,兒
界,外球
界,定
界,限
界,線
畏,寒
畏,熱
畏,擽草
留,下
留,心
留,言板
留,念
留,意
留,學
留,學生
留,戀
留,級
畚,斗
畚,箕
畚,箕仔
畚,箕港
畚,港
畚,埽堆
畜,生
畜,牧
畢,竟
畢,業
畢,業生
略,仔
略,略仔
番,仔
番,仔火
番,仔田
番,仔油
番,仔挖
番,仔莊
番,仔路
番,仔幔
番,仔樓
番,仔薑
番,仔薑醬
番,仔蘆黍
番,社
番,茄
番,婆
番,麥
番,黍
番,號
番,路鄉
番,鴨
番,鴨母
番,鴨鵤
番,薑
番,薑仔
番,薑仔醬
番,薑醬
番,薯
番,薯粉
番,薯箍
番,薯簽
番,顛
番,薯稜
番,薯仔囝
番,路
番,刺仔
番,仔蕃薯
畫,巡
畫,尪仔
畫,法
畫,虎𡳞
畫,面
畫,家
畫,展
畫,符仔
畫,廊
畫,筆
畫,像
畫,圖
畫,質
畫,糖尪仔
畫,痕
畫,逝
異,性
異,物
異,動
異,國
異,常
異,鄉
異,議
當,中
當,今
當,天
當,日
當,代
當,地
當,年
當,作
當,局
當,事人
當,店
當,初
當,前
當,咧
當,紅
當,面
當,值
當,時
當,做
當,票
當,場
當,然
當,選
當,頭白日
當,頭對面
當,歸
當,做講
畸,形
疊,貨
疏,忽
疏,散
疏,開
疏,遠
疏,櫳
疑,心
疑,悟
疑,神疑鬼
疑,問
疑,惑
疑,點
疑,難
疔,仔
疥,癬
疫,苗
疫,情
疲,勞
疳,瘡
疳,積
疶,屎
疶,屎星
疼,某菜
疼,惜
疼,痛
疼,愛
疼,心
疼,命命
疼,囝
病,人
病,史
病,囝
病,床
病,例
病,房
病,毒
病,相思
病,疼
病,院
病,患
病,情
病,理
病,菌
病,態
病,歷
病,變
病,體
病,母
病,底
病,猴
病,況
症,狀
症,頭
痔,瘡
痕,跡
痚,呴
痚,呴嗽
痚,呴病
痚,呴注
痛,心
痛,快
痛,恨
痛,苦
痛,疼
痟,人
痟,狗
痟,狗症
痟,狗湧
痟,的
痟,貪
痟,痟
痟,話
痟,狗病
痟,貓
痠,抽疼
痠,疼
痠,軟
痡,心
痰,壺
痰,瀾
痰,罐
痱,仔
痱,仔粉
痲,瘋
痲,瘋症
痲,仔
痴,哥
痴,哥神
痴,迷
痴,情
痻,愛
痻,曖
瘋,顛
瘟,疫
瘦,田
瘦,肉
瘦,疕疕
瘦,卑巴
瘦,抽
瘦,猴
瘰,癧
瘸,手
瘸,跤
療,法
療,程
療,養
癌,症
癖,性
癡,情
癡,思夢想
癩,󿗧
癩,󿗧病
癩,󿗧鬼
癩,󿗧爛癆
癩,󿗧蛾仔
癮,仙哥
癮,頭
癮,酒
癮,先生
癮,兄哥
癰,仔
登,山
登,革熱
登,記
登,陸
登,場
登,機
登,錄
發,出
發,包
發,佈
發,生
發,光
發,行
發,行人
發,作
發,狂
發,育
發,角
發,言
發,言人
發,車
發,函
發,性地
發,放
發,明
發,炎
發,芽
發,表
發,音
發,射
發,展
發,病
發,粉
發,財
發,起
發,送
發,動
發,售
發,現
發,票
發,喙齒
發,揮
發,揚
發,源地
發,落
發,達
發,電
發,酵
發,粿
發,燒
發,穎
發,聲
發,願
發,覺
發,癀
發,財仔車 
發,財仔車
發,輦
發,爐
發,財樹
發,財仔
發,齒
發,火
發,毛
發,牙
白,人
白,仁
白,內障
白,木耳
白,包
白,白
白,米
白,肉
白,色
白,沙屯
白,沙鄉
白,汫無味
白,帖仔
白,河鎮
白,金
白,柚
白,韭菜
白,食
白,宮
白,茶
白,帶
白,帶魚
白,翎鷥
白,麻
白,麻油
白,喉
白,斑
白,菜
白,費
白,雲
白,飯
白,痴
白,腹仔
白,話
白,賊
白,賊七仔
白,賊話
白,跤蹄
白,煠
白,滾水
白,鼻猫
白,蔥蔥
白,醋
白,糖
白,糖蔥
白,頭嘓仔
白,頭鴶
白,頭鵠
白,頭鵠仔
白,講
白,點
白,癜
白,癡
白,蟻
白,鯧
白,鐵仔
白,露
白,鶴
白,鶶鷥
白,癬
白,鑠鑠
白,鷺鷥
白,菜滷
白,墨
白,目
白,虎湯
白,話字
白,沙墩
白,河區
白,河
白,沙
白,布條
白,枋
白,腹
白,骨鱙
白,跤擛仔
白,節仔
白,聯
白,米飯
白,扇仔
白,魚
百,二
百,分之百
百,分比
百,日
百,日紅
百,日嗽
百,年
百,百空
百,步蛇
百,姓
百,姓公仔
百,科
百,般
百,貨
百,貨公司
百,萬
百,樣
百,襇裙
百,百款
百,面
百,福
百,百種
百,姓公
的,確
皇,上
皇,后
皇,甫
皇,室
皇,帝
皇,帝豆
皇,家
皇,宮
皮,包
皮,包仔
皮,皮
皮,件
皮,肉
皮,帶
皮,蛋
皮,椅
皮,猴戲
皮,影戲
皮,箱
皮,膚
皮,鞋
皮,戲
皺,紋
皺,痕
皺,襞襞
盆,栽
盆,跤骨
盈,餘
盈,虧
益,處
盍,會
盒,仔
盒,仔餅
盛,大
盛,況
盛,開
盛,會
盜,版
盟,友
盡,力
盡,心
盡,忠
盡,情
盡,量
盡,磅
盡,頭
監,工
監,囚
監,牢
監,控
監,理
監,視
監,督
監,禁
監,獄
監,聽
盤,仔
盤,古
盤,車
盤,喙錦
盤,話
盤,數
盤,撋
盤,捙
盦,缸
目,加溜
目,光
目,地
目,尖
目,色
目,油
目,狗尖
目,狗針
目,的
目,的地
目,空
目,前
目,屎
目,屎尖
目,屎膏
目,眉
目,針
目,蚶
目,睫毛
目,睭
目,睭仁
目,睭毛
目,睭皮
目,睭花
目,睭雺霧
目,睭濁
目,箍
目,標
目,錄
目,頭
目,鏡
目,鏡仁
目,鏡蛇
目,𥍉仔
目,降鬚聳
目,孔
目,空赤
目,睭遮
目,尾
目,赤
目,紅
目,花
目,箭
目,墘
目,識
目,睭掩
目,𥍉仔久
盲,目
盲,腸
盲,腸炎
盲,點
直,升機
直,加弄
直,系
直,直
直,徑
直,接
直,透
直,溜溜
直,腸直肚
直,播
直,線
直,銷
直,選
直,覺
直,目
直,理直路
相,干
相,公
相,反
相,欠債
相,比
相,片
相,出路
相,仝
相,交插
相,同
相,好
相,伴
相,似
相,告
相,見
相,卸代
相,命
相,命仙
相,拄
相,招
相,拍
相,拍電
相,拍雞仔
相,爭
相,近
相,佮
相,信
相,剋
相,姦
相,思
相,思仔
相,思樹
相,思欉
相,約
相,借問
相,倚
相,容
相,差
相,挨相𤲍
相,捌
相,送
相,配
相,閃身
相,閃車
相,唚
相,迵
相,偃
相,符
相,舂
相,處
相,通
相,連
相,連紲
相,逢
相,尋
相,換
相,傳
相,愛
相,會
相,當
相,隔
相,楗
相,楗仔
相,楗的
相,對
相,貌
相,罵
相,褒歌
相,請
相,諍
相,機
相,激
相,瞞
相,親
相,輸
相,隨
相,簿
相,識
相,辭
相,關
相,嚷
相,觸
相,攬
相,讓
相,刣
相,𫝛
相,𤆬
相,罵本
相,伨
相,揣
相,𤆬走
相,趁相喊
相,揣坐
相,耽誤
相,抵
相,對頭
相,交換
相,命的
相,棄嫌
相,欠數
相,親像
相,紲
相,撞
相,坐
盹,瞌睡
盹,龜
盼,仔
盼,望
省,力
省,工
省,立
省,事
省,略
省,錢
省,籍
眉,溪
看,人無
看,日
看,出
看,出出
看,有
看,有起
看,見
看,來
看,命仙
看,板
看,法
看,待
看,看
看,重
看,風水
看,病
看,破
看,衰
看,袂起
看,起來
看,現現
看,覓
看,款
看,無
看,無起
看,著
看,診
看,會起
看,輕
看,樣
看,頭
看,醫生
看,護婦
看,顧
看,頭看尾
看,口
看,命
看,破跤手
看,袂上目
看,開
看,親情
看,人無點
看,上目
看,無目地
真,心
真,心話
真,正
真,皮
真,拄好
真,空
真,相
真,珠
真,珠仔
真,情
真,理
真,愛
真,誠
真,實
真,愛碼頭
真,的
眠,一下
眠,床
眠,床枋
眠,夢
眨,眨𥍉
眩,車
眩,船
眩,車丹
眩,車藥仔
眵,目
眵,眵
眷,村
眷,屬
眼,力
眼,光
眼,前
眼,科
眼,神
眼,壓
眾,人
眾,生
眾,多
眾,神
睏,床
睏,坦敧
睏,房
睏,衫
睏,眠
睏,晝
睏,褲
睏,醒
睏,癖
睏,一醒
睏,中晝
睏,尾
睏,大豬
督,學
瞄,準
瞞,天過海
瞞,騙
瞞,崁
瞠,目
瞪,力
瞪,屎
瞬,間
矛,盾
知,己
知,本
知,名
知,名度
知,死
知,位
知,足
知,性
知,苦
知,音
知,輕重
知,影
知,識
矩,陣
短,打
短,命
短,期
短,短
短,歲壽
短,路
短,銃
短,線
短,褲
短,䘼
短,站
短,褲節仔
短,工
短,途
矮,人
矮,肥
矮,仔冬瓜
矮,鼓
矮,頓
矮,古
矮,鼓丁
矮,仔
矮,仔鼓
矮,仔猴
矯,正
石,工
石,化
石,仔
石,灰
石,兵仔
石,坎
石,岡鄉
石,枋
石,板
石,油
石,門鄉
石,城
石,柱
石,洞
石,舂臼
石,敢當
石,牌
石,獅
石,碑
石,硿仔
石,碇鄉
石,碖
石,榴
石,膏
石,駁
石,碾
石,磨
石,雕
石,頭
石,頭仔
石,龜
石,鏨
石,觀音
石,花
石,降
石,磨仔心
石,碇區
石,碇
石,門區
石,門
石,岡區
石,岡
石,牌仔
石,匠
石,磨仔
石,女
石,埤
石,拭仔
石,頭倚
矸,仔
砂,石
砂,石仔車
砂,馬仔
砄,砄硞硞
砒,霜
研,台
研,判
研,究
研,究生
研,究所
研,究者
研,討
研,討會
研,缽
研,習
研,發
研,槌
研,槽
研,讀
砛,仔
砛,簷
砧,皮鞋
破,少年
破,布子
破,豆
破,空
破,相
破,柴
破,格
破,格鳥
破,格喙
破,病
破,除
破,產
破,裂
破,費
破,開
破,傷風
破,滅
破,碎
破,腹
破,解
破,膽
破,雞筅
破,壞
破,爿
破,功
破,鼎
破,病丁
破,家
破,土
硃,砂痣
硓,𥑮石
硞,仔
硞,著
硩,定
硩,定了矣
硩,枝
硩,扁
硩,落
硩,落去
硩,嗽
硩,墓紙
硩,撚寶
硩,驚
硩,年錢
硩,注
硩,番薯
硩,印仔
硩,紙
硫,磺
硬,化
硬,拄硬
硬,押
硬,氣
硬,迸迸
硬,骨
硬,掙
硬,碟
硬,篤
硬,體
硬,拗
硬,插
硬,尾仔
硼,砂
碌,硞馬
碌,硞馬仔
碎,片
碎,糊糊
碎,鹽鹽
碎,溶溶
碑,文
碗,公
碗,斗
碗,仔粿
碗,箸
碗,粿
碗,盤
碗,糕
碗,糕粿
碗,頭仔
碗,礓
碟,仔
碣,仔
碧,霞宮
碩,士
碰,釘
碰,壁
確,立
確,定
確,信
確,保
確,實
確,認
碼,頭
磅,子
磅,仔
磅,皮
磅,米芳
磅,抽
磅,空
磅,重
磅,浦
磅,浦仔
磅,針
磅,錶
磕,未著
磕,袂著
磕,著
磕,頭
磚,仔
磚,仔角
磚,仔窯
磟,碡
磨,坩
磨,滅
磨,粿
磨,練
磨,坩仔
磨,仔
磺,水
磺,火
礁,溪
礁,溪鄉
礐,仔
礐,仔蟲
礙,目
礙,虐
礙,著
礤,仔
礤,冰
礤,簽
礦,石
礦,物
礦,物質
礦,泉水
礦,產
礦,業
示,威
示,意
示,範
社,交
社,長
社,員
社,區
社,教
社,教館
社,會
社,會學
社,團
社,論
社,頭
社,頭鄉
祀,典武廟
祈,求
祈,福
祈,禱
祕,方
祕,書
祕,笈
祕,密
祕,訣
祕,結
祖,公
祖,先
祖,宗
祖,厝
祖,師廟
祖,祖
祖,國
祖,產
祖,傳祕方
祖,媽
祖,廟
祖,公仔產
祖,公產
祖,公屎
祖,公仔屎
祝,山
祝,賀
祝,壽
祝,福
神,木
神,父
神,主牌仔
神,去
神,位
神,奇
神,岡鄉
神,明
神,桌
神,祕
神,神
神,通
神,經
神,聖
神,話
神,像
神,態
神,魂
神,廣
神,豬
神,壇
神,轎
神,廣區
神,岡區
神,岡
神,明桌
神,主牌
祥,和
祧,仔內
票,券
票,房
票,價
票,據
票,選
祭,文
祭,典
祭,孤
祭,祀
祭,品
祭,拜
祭,祖
祭,獻
祭,孤魯
祭,墓
禁,止
禁,令
禁,用
禁,忌
禁,氣
禁,區
禁,屠
禁,喙
禁,薰
禁,尿
福,佑宮
福,利
福,利社
福,杉
福,建
福,相
福,音
福,氣
福,眼
福,隆
福,壽螺
福,德正神
福,興鄉
福,興
禪,師
禮,服
禮,物
禮,品
禮,拜
禮,拜日
禮,拜堂
禮,堂
禮,盒
禮,遇
禮,貌
禮,儀
禮,數
禮,𣛮
禮,拜六
禮,拜一
禮,金
禱,告
禽,獸
禿,頭
禿,額
禿,頂
秀,水鄉
秀,姑巒山
秀,姑巒溪
秀,林鄉
秀,梳仔
秀,氣
秀,麗
秀,水
秀,林
秀,箠仔
私,人
私,下
私,心
私,立
私,交
私,利
私,事
私,奇
私,奇錢
私,底下
私,校
私,密
私,情
私,通
私,偏
私,生子
秋,分
秋,天
秋,仔
秋,冬
秋,季
秋,凊
科,目
科,技
科,技大樓
科,系
科,長
科,員
科,學
科,學家
科,學博物館
科,工館
秒,鐘
秘,書
秘,書長
租,車
租,金
租,約
租,厝
租,稅
秤,仔
秤,仔花
秤,砣
秤,頭
秤,錘
秤,錘仔
秤,花
秤,重
秧,仔
秧,船
秩,序
秫,米
秫,米飯
秮,仔
秮,仔米
移,民
移,交
移,居
移,師
移,送
移,動
移,轉
移,徙
稀,有
稀,奇
稀,微
稀,罕
稅,收
稅,制
稅,金
稅,厝
稅,務
稅,率
稅,源
稅,賦
稅,額
程,式
程,序
程,度
稗,仔
稗,仔草
稟,告
種,子
種,田
種,作
種,珠
種,族
種,種
種,類
稱,呼
稱,為
稱,讚
稱,意
稻,米
稻,草
稻,草人
稻,埕
稻,穗
稻,仔
稽,考
稿,件
稿,費
穀,雨
穀,倉
積,分
積,水
積,極
積,蓄
積,德
積,怨
穡,頭
穡,路
穢,人
穢,涗
穩,心仔
穩,固
穩,定
穩,重
穩,健
穩,當
穩,觸觸
穩,的
穩,冬
穩,輸
穩,贏
穩,仔冬
究,竟
究,勘
究,真
空,大
空,中
空,手
空,白
空,地
空,位
空,姐
空,房
空,服
空,空
空,前
空,軍
空,厝間
空,氣
空,喙
空,喙哺舌
空,殼
空,殼支票
空,虛
空,間
空,腹
空,運
空,榫
空,隙
空,調
空,戰
空,頭
空,縫
空,難
空,襲
空,思夢想
空,殼厝
空,厝
空,心
穿,插
穿,過
穿,裙的
穿,榫
突,出
突,破
突,然
突,發
突,變
突,顯
突,然間
窒,仔
窒,倒街
窒,喙空
窒,車
窗,仔
窗,仔門
窗,仔框
窗,外
窗,仔簾
窗,簾仔
窗,仔門簾
窞,肚
窟,仔
窮,分
窮,貨底
窮,究
窮,實
窮,真
窸,倏
窸,窣叫
窸,窸窣窣
竄,水沬
竊,盜
立,冬
立,志
立,刻
立,委
立,法
立,法院
立,春
立,秋
立,夏
立,案
立,院
立,場
立,體
立,意
站,長
站,節
竟,然
章,程
章,節
章,牌
童,乩
童,年
童,軍
童,話
童,謠
童,乩桌頭
竭,仔哥
竭,仔頭
端,午節
端,木
端,正
端,莊
競,技
競,爭
競,爭力
競,標
競,選
競,賽
竹,山鎮
竹,中
竹,仔
竹,仔山
竹,仔枝
竹,仔扇
竹,仔掃帚
竹,北
竹,北市
竹,田
竹,田鄉
竹,目
竹,扦
竹,披仔
竹,東
竹,東鎮
竹,虎
竹,南
竹,南鎮
竹,耙
竹,崎
竹,崎鄉
竹,掃
竹,掃帚
竹,桮
竹,圍
竹,筒
竹,筍
竹,棑
竹,筅
竹,塘鄉
竹,葉
竹,跤
竹,塹
竹,管
竹,蓆
竹,箍
竹,膜
竹,箬
竹,篙
竹,篙叉
竹,頭崎
竹,篾仔
竹,雞仔
竹,蟶
竹,䈄
竹,管仔飯
竹,田嬰
竹,模
竹,篙厝
竹,雞仔車
竹,塘
竹,山
竹,部
竹,棑仔
竹,筒粿
竿,蓁林
笊,篱
笊,籬
笑,咍咍
笑,面虎
笑,容
笑,笑
笑,桮
笑,詼
笑,話
笑,談
笑,頭笑面
笑,聲
笑,微微
笑,詼齣
笑,面
笑,吻吻
笛,仔
笠,仔
符,仔
符,合
符,咒
符,號
符,碼
符,籙
符,仔籙
笨,港
笨,跤笨手
笨,傖
第,一
第,一分道
第,二春
第,三者
第,四台
第,四臺
第,二工
筅,仔
筅,仔莖
筅,黗
筆,友
筆,法
筆,者
筆,記
筆,試
筆,跡
筆,錄
等,一下
等,到
等,於
等,咧
等,待
等,候
等,級
等,等
等,號
等,路
筊,仙
筊,本
筊,岫
筊,東
筊,鬼
筊,場
筊,間
筊,窟
筊,跤
筋,骨
筋,絡
筋,節
筍,仔
筍,乾
筍,絲
筍,龜
筐,仔
筒,仔米糕
筒,
答,案
答,喙鼓
答,應
答,謝
答,覆
策,略
策,畫
策,劃
箅,仔
箅,仔骨
箍,半
箍,絡
算,命
算,法
算,是
算,袂和
算,做
算,無盤
算,數
算,盤
算,額
算,會和
算,命仙
箠,仔
管,制
管,弦
管,待
管,待伊
管,家
管,家婆
管,區的
管,教
管,理
管,理處
管,道
管,數
管,線
管,轄
管,顧
管,仔粿
管,區个
管,事
管,仔
箬,笠仔
箭,竹仔筍
箱,仔
箱,籠
箸,籠
節,力
節,日
節,目
節,育
節,制
節,奏
節,省
節,約
節,氣
節,脈
節,稅
節,儉
節,仔
範,例
範,圍
範,勢
範,疇
範,聲
篇,幅
篋,仔
篩,斗
篩,仔
篾,仔
篾,仔扇
篾,絲籃仔
篾,蓆
篾,扇
簇,
簡,介
簡,化
簡,便
簡,章
簡,單
簡,報
簡,短
簡,稱
簡,體字
簸,箕
簸,箕甲
簽,仔
簽,名
簽,字
簽,到
簽,約
簽,訂
簽,報
簽,署
簽,證
簾,簷
簾,簷跤
簿,仔
簿,仔紙
籃,仔
籃,板
籃,框
籃,球
籃,層
籌,備
籌,募
籌,辦
籍,貫
籐,條
籗,仔
籠,仔
籠,床
籠,面
籤,筒
籤,詩
籬,笆
籬,仔內
米,斗
米,仔麩
米,奶
米,色
米,店
米,芳
米,食
米,粉
米,粉炒
米,酒
米,酒頭仔
米,粟
米,絞
米,間
米,飯
米,價
米,漿
米,潘
米,篩
米,篩目
米,篩漏
米,糕
米,糕糜
米,糕𣻸
米,龜
米,糠
米,甕
米,糧
米,蟲
米,籃
米,攕
米,籮
米,粩
米,𧉟
米,血
米,絞仔
米,酒頭
米,籮仔
米,粞
粉,肝
粉,拭仔
粉,紅
粉,條
粉,鳥
粉,筆
粉,圓
粉,碎
粉,腸
粉,腸仔
粉,餅
粉,粿
粉,擦
粉,蟯
粉,蟯仔
粉,豆
粒,子
粒,仔
粒,積
粕,粕
粗,人
粗,工
粗,心
粗,布
粗,用
粗,坯
粗,俗
粗,俗物仔
粗,俗貨
粗,勇
粗,穿
粗,重
粗,紙
粗,桶
粗,淺
粗,瓷
粗,桸
粗,菜便飯
粗,飽
粗,魯
粗,糠
粗,殘 
粗,殘
粗,貨
粗,跤粗手
粗,面
粗,氣
粗,牙
粟,仔
粟,青
粟,倉
粟,埕
粟,鳥
粟,鳥仔
粟,種
粽,箬
粽,捾
精,力
精,子
精,心
精,巧
精,光
精,肉
精,良
精,明
精,油
精,品
精,牲
精,牲仔
精,美
精,英
精,差
精,神
精,密
精,彩
精,通
精,華
精,進
精,準
精,裝
精,誠
精,確
精,選
精,武
粿,仔
粿,仔條
粿,印
粿,條
粿,粞
粿,葉
粿,粽
粿,模
粿,路
粿,酺
糊,人
糊,仔
糊,塗
糊,瘰瘰
糋,棗仔
糕,仔
糕,仔餅
糕,仔頭
糕,餅
糕,仔印
糖,丹
糖,水
糖,仔餅
糖,甘蜜甜
糖,含仔
糖,尿病
糖,粉
糖,膏
糖,廠
糖,蔥
糖,霜
糖,廍
糖,仔
糖,粿
糖,膽
糙,米
糜,飯
糜,糜卯卯
糝,粉
糝,胡椒
糞,口
糞,口蟲
糞,堆
糞,掃
糞,埽
糞,埽市場
糞,埽車
糞,埽桶
糞,埽籠
糞,埽市仔
糠,𧉟
糧,食
糧,草
糴,米
糶,米
系,列
系,所
系,統
糾,正
糾,紛
糾,帶
糾,筋
紀,元
紀,念
紀,念日
紀,念品
紀,律
紀,錄
紀,年
約,束
約,定
約,診
約,會
約,談
紅,十字會
紅,毛田
紅,毛港
紅,毛塗
紅,牙
紅,包
紅,外線
紅,瓦厝仔
紅,目
紅,目墘
紅,目鰱
紅,肉李
紅,色
紅,利
紅,尾冬
紅,豆
紅,豆仔
紅,帖仔
紅,姨
紅,柿
紅,面
紅,面鴨
紅,娘仔
紅,茶
紅,記記
紅,酒
紅,莧菜
紅,棗
紅,牌
紅,絳絳
紅,菜
紅,菜色
紅,菜頭
紅,塗
紅,葉山
紅,葉溪
紅,塵
紅,綵
紅,膏赤蠘
紅,蔥仔頭
紅,蔥頭
紅,樹林
紅,燒
紅,燈
紅,頭山
紅,頭嶼
紅,龜
紅,龜仔粿
紅,龜粿
紅,魽
紅,嬰
紅,嬰仔
紅,糟
紅,蟳
紅,藥水
紅,露酒
紅,鰱魚
紅,蘿蔔仔
紅,瓜
紅,橐仔
紅,霞
紅,豆餅
紅,鳳菜
紅,轎
紅,帕帕
紅,仁塗
紅,肉內李
紅,蟳仔
紅,朱朱
紋,理
紋,路
紋,銀
納,入
納,稅
納,數
納,錢
紐,約
純,金
純,益
純,真
純,情
純,淨
純,然
純,粹
純,潔
純,樸
紗,仔
紗,仔衫
紗,布
紗,帽山
紗,窗
紙,字
紙,枋
紙,坯
紙,厝
紙,扇
紙,條
紙,盒
紙,票
紙,袋仔
紙,牌
紙,葵扇
紙,篋仔
紙,燈
紙,錢
紙,雕
紙,橐仔
紙,敬
紙,盒仔
紙,條仔
紛,爭
紛,紛
紛,亂
紛,擾
紛,雜
素,材
素,面
素,食
素,描
素,質
素,養
紡,車
紡,紗
紡,織
紡,車仔
索,引
索,仔
索,仔股
索,仔條
紩,衫
紫,外線
紫,色
紫,菜
紫,檀
紮,布
紮,錢
累,計
累,積
細,囝
細,位
細,叔
細,叔仔
細,姑仔
細,姨
細,胞
細,粒子
細,細
細,部
細,菌
細,節
細,舅仔
細,漢
細,漢囝
細,緻
細,膩
細,聲
細,的
細,百
細,漢的
細,漢叔仔
細,粒石頭
細,目
細,嬸仔
細,食
紲,手
紲,拍
紲,接
紲,喙
紲,喙尾
紲,落去
紲,落來
紳,士
紹,介
紹,興酒
紺,色
紺,的
終,日
終,止
終,生
終,年
終,身
終,於
終,結
終,點
終,其尾
終,歸尾
絃,仔
組,件
組,合
組,成
組,別
組,長
組,員
組,頭
組,織
組,仔頭
結,子
結,石
結,交
結,冰
結,合
結,局
結,束
結,果
結,怨
結,拜
結,冤
結,案
結,婚
結,趼
結,晶
結,業
結,盟
結,實
結,構
結,構性
結,算
結,綵
結,語
結,數
結,緣
結,論
結,親
結,頭菜
結,穗
結,拜的
結,定
結,嚾結黨
絕,交
絕,食
絕,氣
絕,情
絕,望
絕,嗣
絕,路
絕,對
絕,種
絕,子絕孫
絞,肉
絞,螺仔水
絨,仔布
絨,仔
統,一
統,合
統,治
統,計
絲,仔襪
絲,絨
絲,襪仔
絲,仔
絲,仔布
綁,票
經,文
經,由
經,典
經,建會
經,紀
經,商
經,常
經,理
經,期
經,絲
經,費
經,貿
經,跤經手
經,過
經,線
經,銷
經,歷
經,濟
經,營
經,驗
經,貿園區
綜,合
綜,藝
綠,化
綠,卡
綠,竹
綠,竹筍
綠,色
綠,豆仔
綠,豆鬼
綠,島鄉
綠,豆膨
綠,島
綠,豆
綢,仔
維,他命
維,生素
維,持
維,修
維,護
綱,目
網,友
網,仔
網,址
網,頁
網,站
網,域
網,球
網,路
網,際
網,際網路
網,鞍
網,仔門
網,紗油
網,紗卷
綴,人走
綴,前綴後
綴,會仔
綴,路
綴,轎後
綴,轎後的
綵,轎
綾,羅綢緞
綿,仔紙
綿,死綿爛
綿,羊
綿,延
綿,爛
綿,精
綿,綿精精
緊,手
緊,行
緊,事寬辦
緊,性
緊,急
緊,張
緊,慢
緊,緊
緊,氣
緊,縒慢
緊,跤緊手
線,西鄉
線,材
線,香
線,索
線,條
線,路
線,頭
線,西
締,造
緣,由
緣,份
緣,投
緣,故
緣,金
編,列
編,曲
編,制
編,排
編,號
編,舞
編,劇
編,輯
編,輯部
編,織
編,譯
編,譯館
編,制外的
練,字
練,球
練,習
練,痟話
練,仙
練,先
縖,腰巾
縖,裙
縛,跤
縛,跤布
縛,粽
縛,跤縛手
縣,市
縣,民
縣,立
縣,府
縣,長
縣,政
縣,政府
縫,衫
縫,紩
縮,小
縮,茶心
縮,短
縮,影
縱,橫
總,司令
總,共
總,是
總,計
總,務
總,動員
總,理
總,統
總,統府
總,統府衙
總,部
總,結
總,裁
總,貿
總,隊
總,幹事
總,督
總,經理
總,管
總,算
總,趕宮
總,價
總,數
總,編輯
總,鋪
總,舖
總,舖師
總,講
總,額
總,體
總,講一句
總,攬
總,的
總,仔宮
績,效
績,優股
繁,殖
繁,華
繁,榮
繁,華都市
繏,腰
繏,嚨喉
織,女
織,布
繚,索
繞,境
繡,房
繡,花
繡,球
繡,球花
繪,圖
繭,仔
繳,納
繳,款
繳,稅
繳,費
繼,承
繼,續
繽,紛
纏,身
纏,跤絆手
纏,跤纏手
纏,綴
纏,綿
纏,線
纏,腳布
纓,纏
缺,乏
缺,失
缺,角
缺,席
缺,陷
缺,喙
缺,憾
缺,點
缺,欠
罐,仔
罐,裝
罐,頭
罐,頭開仔
罔,行
罔,育
罔,度
罔,飼
罕,行
罕,見
罕,得
罕,罕仔
罕,罕
罟,仔
罟,寮
罩,衫
罩,雺
罩,雺霧
罩,霧
罩,蘭
罪,人
罪,犯
罪,名
罪,惡
罪,惡感
罪,嫌
罪,業
罪,過
罰,金
罰,球
罰,徛
罰,單
罰,款
署,長
罷,工
罷,市
罷,免
罾,仔
罾,魚
羅,東
羅,東溪
羅,東鎮
羅,馬
羅,馬字
羅,經
羅,漢內門
羅,漢跤
羅,漢跤仔
羊,公
羊,毛
羊,毛衫
羊,仔
羊,仔目
羊,母
羊,肉
羊,角豆仔
羊,哥
羊,眩
羊,犅
羊,頭眩
羌,仔
羌,仔寮
美,人
美,女
美,工
美,化
美,方
美,好
美,式
美,色
美,妙
美,金
美,洲
美,軍
美,食
美,容
美,商
美,國
美,術
美,術館
美,規
美,勞
美,景
美,感
美,夢
美,夢成真
美,滿
美,德
美,編
美,學
美,濃溪
美,濃鎮
美,麗
美,麗島
美,籍
美,觀
美,國仙丹
美,國時間
美,國塗豆
美,濃區
美,濃
美,容院
群,島
群,眾
群,體
義,子
義,工
義,民廟
義,竹鄉
義,氣
義,務
義,理
義,診
義,賣
義,竹
義,囝
羹,飯
羹,麵
羽,毛
翁,仔某
翁,某
翁,婿
翁,婆
習,慣
翕,死
翕,豆菜
翕,相
翕,相機
翕,相館
翕,著熱
翕,熱
翕,甌
翕,汗
翡,翠
翱,翱輾
翹,翹
翻,身
翻,版
翻,厝
翻,案
翻,草
翻,唱
翻,新
翻,頭
翻,點
翻,譯
翻,箍
翻,口供
翻,流
翻,轉工
翻,轉日
翼,股
老,人
老,人目
老,人家
老,人斑
老,大
老,大人
老,大公
老,不修
老,公仔
老,化
老,太太
老,兄
老,去
老,去矣
老,本
老,母
老,生
老,田寮溪
老,年
老,早
老,百姓
老,兵
老,步定
老,芋仔
老,命
老,姑婆
老,板
老,爸
老,的
老,阿伯
老,阿婆
老,指
老,倒勼
老,師
老,神在在
老,娼頭
老,婆仔
老,康健
老,連
老,鳥
老,牌
老,牌子
老,猴
老,番顛
老,街
老,硞硞
老,歲仔
老,實
老,練
老,懂
老,薑
老,邁
老,鏨頭
老,顛倒
老,孤𣮈
老,娼
老,古板
老,實話
老,歲仔目
考,古
考,生
考,卷
考,官
考,核
考,場
考,試
考,試院
考,察
考,慮
考,證
考,驗
考,試單
考,試官
考,試紙
而,已
而,且
而,尾
而,言
而,後
耐,力
耐,心
耐,用
耐,性
耐,命
耕,田
耕,作
耙,仔
耙,柫
耞,仔
耳,仔
耳,扒仔
耳,目
耳,空
耳,空重
耳,空鬼仔
耳,空輕
耳,屎
耳,珠
耳,鉤
耳,機
耳,環
耳,甕仔
耳,鏡
耶,誕
耶,穌
耽,誤
聊,聊仔
聊,聊仔是
聖,火
聖,母
聖,旨
聖,拄聖
聖,桮
聖,經
聖,誕
聖,誕節
聖,戰
聖,嬰
聖,魚
聘,任
聘,金
聘,約
聘,書
聘,請
聘,禮
聘,金禮
聚,集
聚,會
聚,餐
聞,名
聬,儱
聯,手
聯,合
聯,合國
聯,考
聯,邦
聯,招
聯,招會
聯,軍
聯,席會
聯,絡
聯,隊
聯,想
聯,盟
聯,對
聯,播
聯,誼
聯,繫
聯,彩
聰,明
聲,明
聲,音
聲,浪
聲,望
聲,援
聲,勢
聲,嗽
聲,稱
聲,說
聲,調
聲,聲句句
聲,譽
聳,勢
聳,鬚
職,位
職,災
職,員
職,缺
職,能
職,訓
職,務
職,責
職,業
職,稱
職,籃
職,權
聽,力
聽,友
聽,見
聽,香
聽,候
聽,從
聽,眾
聽,喙
聽,筒
聽,著
聽,話
聽,說
聽,講
聽,聽
聽,好
肅,貪
肅,靜
肉,丸仔
肉,包
肉,皮
肉,色
肉,豆
肉,卷
肉,卷仔
肉,拊
肉,品
肉,桂
肉,砧
肉,骨
肉,乾
肉,眼
肉,脯
肉,豉仔
肉,魚仔
肉,絲
肉,酥
肉,圓
肉,感
肉,跤仔
肉,粽
肉,粽角
肉,粽節
肉,餅
肉,瘤
肉,質
肉,雞仔
肉,鯽仔
肉,羹
肉,類
肉,體
肉,餅面
肉,幼仔
肉,糋
肉,繭仔
肉,食
肉,丸
肉,屑
肌,膚
肚,圍仔
肚,脹
肚,腸
肚,綰
肚,臍
肚,胿仔
肚,量
肝,炎
肝,病
肝,硬化
肝,癌
肝,臟
肝,𦟪
肝,花
股,市
股,本
股,份
股,利
股,東
股,長
股,票
股,價
股,權
股,仔囝
肢,體
肥,肉
肥,料
肥,軟
肥,桸
肥,朒朒
肥,底
肨,奶
肩,胛
肩,胛頭
肩,頭
肯,定
育,幼院
育,囝
育,囡仔
育,囡仔歌
育,飼
育,樂園
育,𤆬
育,囝歌
肺,炎
肺,部
肺,管
肺,癆
肺,癌
肺,病
胃,下垂
胃,口
胃,出血
胃,病
胃,潰瘍
胃,癌
胃,藥
胃,慒慒
背,冊
背,叛
背,後
背,約
背,景
背,影
背,骨
胎,神
胎,衣
胛,心
胛,心肉
胡,反
胡,椒
胡,蠅
胡,蠅拍仔
胡,蠅虎
胡,蠅屎痣
胡,蠅紙
胡,蠅黐
胡,椒粉
胭,脂
胳,下空
胳,下胴
胳,耳空
胳,胴跤
胸,有成竹
胸,坎
胸,坎骨
胸,前
胸,掛骨
胸,槽
能,力
能,耐
能,量
能,源
能,雅寮
脂,肪
脆,柿
脆,弱
脆,命
脆,氣
脈,動
脫,手
脫,水
脫,衣舞
脫,走
脫,身
脫,俗
脫,胎
脫,腸
脫,種
脫,箠
脫,線
脫,輪
脫,離
脯,脯
脹,肚
脹,氣
脹,膿
脹,胿
脾,土
脾,胃
脾,氣
腌,臢
腎,臟
腐,化
腐,敗
腐,爛
腔,口
腥,臊
腦,力
腦,海
腦,貧血
腦,部
腦,筋
腦,筋斷
腦,膜炎
腦,髓
腦,充血
腦,欠血
腫,米龜
腫,瘤
腫,頷
腫,跤胴
腰,子
腰,子病
腰,內肉
腰,尺
腰,肚仔
腰,脊骨
腰,骨
腰,帶
腰,桶
腰,痠背疼
腱,子肉
腳,數
腸,仔
腸,仔炎
腸,仔熱
腸,仔𣻸
腸,肚
腸,病毒
腹,內
腹,肚
腹,肚尾
腹,肚枵
腹,腸
腿,庫
腿,庫肉
膀,胱
膁,肚
膏,十八仔
膏,肓
膏,膏纏
膏,藥
膏,豆油
膚,質
膣,屄
膨,仔粿
膨,皮
膨,床
膨,肚短命
膨,風
膨,風龜
膨,粉
膨,紗
膨,紗衫
膨,椅
膨,獅獅
膨,鼠
膨,餅
膨,疱
膨,尾鼠
膩,瓤
膩,瓤肉
膭,水
膽,量
膽,頭
膽,膽
膽,識
膽,肝
臆,出出
臊,菜
臘,肉
臨,床
臨,急
臨,時
臨,終
臨,機應變
臨,檢
臨,臨仔
臨,時臨曜
臨,時的
臨,時臨陣
自,力
自,己
自,主
自,用
自,由
自,由式
自,立
自,在
自,如
自,作自受
自,作自專
自,作孽
自,助
自,我
自,決
自,私
自,身
自,來
自,來水
自,卑
自,底
自,治
自,信
自,信心
自,保
自,律
自,首
自,修
自,家
自,動
自,動化
自,動車
自,強
自,從
自,排
自,殺
自,責
自,閉症
自,尊心
自,然
自,然界
自,費
自,傳
自,新
自,稱
自,認
自,慰
自,衛
自,輪車
自,頭
自,謙
自,轉車
自,願
自,覺
自,本
自,早
自,家用的
自,來水博物館
自,強號
自,訴
臭,人
臭,丸
臭,水
臭,水庄
臭,火焦
臭,火燒
臭,火薰
臭,奶呆
臭,汗酸
臭,老
臭,耳甕仔
臭,耳聾
臭,肉癰仔
臭,伯勞仔
臭,屁
臭,屁仙
臭,尿薟
臭,豆腐
臭,油
臭,油垢
臭,青仔
臭,柿仔
臭,面
臭,風
臭,喙角
臭,焦
臭,殕
臭,塗味
臭,溝仔
臭,煬
臭,腥
臭,腥公
臭,腥母
臭,腥味
臭,腥氣
臭,跤液
臭,酸
臭,彈
臭,賤
臭,頭
臭,頭雞仔
臭,臊
臭,薟薟
臭,羶
臭,藥丸仔
臭,腥龜仔
臭,腥仔
臭,香
臭,油餲
臭,耳
臭,耳膿
臭,礬
臭,菇
臭,跤液味
臭,尿破
臭,尿羶
臭,肉鰮
臭,液味
至,今
至,少
至,親
致,死
致,身命
致,使
致,命
致,病
致,詞
致,意
致,蔭
致,謝
致,辭
致,到
致,重
臺,大
臺,大醫院
臺,中
臺,中市
臺,中港
臺,中縣
臺,斤
臺,北
臺,北市
臺,北車站
臺,北縣
臺,西鄉
臺,東
臺,東市
臺,東縣
臺,長
臺,南
臺,南市
臺,南府
臺,南縣
臺,胞
臺,海
臺,商
臺,詞
臺,電
臺,電大樓
臺,鐵
臺,灣
臺,灣人
臺,北二二八紀念館
臺,北市立天文科學教育館
臺,北市兒童交通博物館
臺,北故事館
臺,北海洋館
臺,北探索館
臺,北當代藝術館
臺,灣民俗北投文物館
臺,灣林業陳列館
臺,西
臺,大病院
臺,北橋
臺,北倯
舀,水
舀,肥
舂,米
舂,臼
舂,臼仔
舂,臼仔囝
舂,磨仔
舅,公
舅,仔
舅,仔探房
與,會
興,化廍
興,旺
興,建
興,衰
興,起
興,酒
興,盛
興,趣
興,奮
興,頭
興,南
興,敗
舉,止
舉,出
舉,行
舉,例
舉,荐
舉,動
舉,辦
舊,年
舊,式
舊,前年
舊,數
舊,曆
舊,漚舊臭
舊,底
舊,症頭
舊,城
舊,站
舊,標頭
舊,年尾
舊,症
舒,被
舞,女
舞,台
舞,台劇
舞,曲
舞,池
舞,步
舞,男
舞,者
舞,動
舞,會
舞,團
舞,臺
舞,蹈
舞,廳
舢,舨仔
舢,舨
航,行
航,空
航,班
航,站
航,程
航,運
航,線
航,權
航,廈
舵,公
船,夫
船,主
船,仔
船,尾
船,長
船,員
船,隻
船,桮
船,期
船,廠
船,艙
船,頭
船,肚
艋,舺
艦,隊
良,心
良,好
良,性
良,知
艱,苦
艱,苦人
艱,苦罪過
艱,難
色,水
色,盲
色,素
色,彩
色,情
色,緻
色,調
色,澤
艷,色
艷,麗
艾,草
芋,仔
芋,冰
芋,曲
芋,泥
芋,梗
芋,莖
芋,稈
芋,圓
芋,粿
芋,粿曲
芋,羹
芋,顱頭
芋,顱仔頭
芋,圓頭
芋,仔冰
芎,林鄉
芎,林
芒,果
芒,草
芒,種
芒,種雨
芝,山
芝,蘭三堡
芡,芳
芡,滷
芥,末
芥,菜
芥,辣
芥,藍仔
芫,荽
芫,荽仔
芬,園鄉
芬,園
芭,蕉
芭,蕾
芭,蕾舞
花,巴哩貓
花,木
花,仔布
花,仔紙
花,仔菜
花,旦
花,色
花,身仔
花,車
花,坩
花,店
花,枝
花,花公子
花,花仔
花,矸
花,栽
花,粉
花,紋
花,草
花,茶
花,袂牢枝
花,埕
花,瓶
花,莓
花,菜
花,園
花,箍
花,樣
花,蓮
花,蓮市
花,蓮港
花,蓮溪
花,蓮縣
花,壇
花,壇鄉
花,燈
花,磚
花,蕊
花,環
花,鮡
花,轎
花,籃
花,蠓
花,欉
花,眉仔
花,眉
花,飛
花,條馬
花,蛤仔
花,斑馬
花,點龜仔
花,蛤
花,間
花,哩囉
花,彔彔
花,貓貓
花,面
花,盆
芳,水
芳,瓜
芳,味
芳,苑鄉
芳,香
芳,料
芳,粉
芳,苑
芳,油
芹,菜
苑,裡
苑,裡鎮
苓,雅區
苓,雅
苓,仔寮
苗,栗
苗,栗市
苗,栗縣
苛,頭
若,干
若,有若無
若,是
若,無
若,準
若,像
若,親像
苦,力
苦,工
苦,心
苦,毛仔
苦,旦
苦,瓜
苦,甘
苦,毒
苦,苦
苦,海
苦,茶油
苦,情
苦,悶
苦,楝
苦,楝仔
苦,難
苦,勸
苦,瓜封
苦,花
苦,齣
苦,命人
苦,倚
苧,仔
英,才
英,尺
英,文
英,吋
英,里
英,俊
英,商
英,國
英,雄
英,語
英,鎊
苳,蒿
苴,枋
茂,林鄉
茂,林區
茂,林
范,姜
茄,仔色
茄,色
茄,拔
茄,花色
茄,茉菜
茄,苳
茄,苳萣仔
茄,苳跤
茄,萣鄉
茄,萣區
茄,萣
茅,仔草
茅,草芽
茅,草根
茅,草
茈,薑
茉,草
茉,莉
茉,莉花
茫,茫
茫,茫渺渺
茭,白筍
茭,荖仔
茯,苓糕
茶,山
茶,心
茶,心茶
茶,心粕
茶,仔油
茶,包
茶,米
茶,店仔
茶,杯
茶,杯仔
茶,油
茶,莊
茶,園
茶,滓
茶,葉
茶,鈷
茶,箍
茶,盤
茶,甌
茶,甌仔
茶,館
茶,藝館
茶,欉
茶,罐
茶,桌仔
茶,米茶
茶,洗
茶,籗
茶,店
茶,郊
茶,米粕
茶,粕
茶,室
茶,行
茶,渣
草,人
草,山
草,山行館
草,屯鎮
草,仔
草,仔粿
草,地
草,地人
草,坪
草,原
草,厝仔
草,埔
草,案
草,索仔
草,窒仔
草,笠仔
草,莓
草,蛉
草,蛉公
草,魚
草,猴
草,絪
草,菇
草,衙
草,蓆
草,蓆仔
草,蜢公
草,蜢仔
草,蜢仔公
草,寮仔
草,履仔
草,蔬
草,蝦
草,鞋
草,鞋墩
草,橄仔
草,橄欖
草,鍥仔
草,藥
草,麴粿
草,蠓
草,霸王
草,仔子
草,地倯
草,囷
草,屯
草,場
草,堆
草,垺
草,決明
草,棚
草,索
草,藥仔
草,子
荏,身
荏,懶
荏,身命
荒,唐
荒,埔
荒,廢
荒,謬
荔,枝
荖,濃溪
荖,藤
荷,仁豆
荷,包
荷,蘭
荷,蘭豆
荷,蘭水
莊,嚴
莒,光鄉
莒,光
莒,光號
莧,菜
莫,去
莫,名
莫,名其妙
莫,怪
莫,非
莫,講
莿,桐
莿,桐巷
莿,桐鄉
菁,仔
菁,仔欉
菁,英
菁,桐
菅,芒
菅,芒仔
菅,草
菅,蓁
菅,蓁仔
菅,蓁林
菊,花
菊,仔花
菌,種
菖,蒲
菜,刀
菜,子
菜,子油
菜,心
菜,包
菜,市仔
菜,瓜
菜,瓜布
菜,瓜蒲
菜,瓜摖
菜,色
菜,尾
菜,豆
菜,姑
菜,店
菜,店查某
菜,店彪
菜,底
菜,油
菜,花
菜,架仔
菜,桌
菜,砧
菜,配
菜,堂
菜,球
菜,脯
菜,脯米
菜,脯簽
菜,鳥
菜,鳥仔
菜,單
菜,椒
菜,湯
菜,園
菜,粽
菜,蔬
菜,燕
菜,頭
菜,頭粿
菜,館
菜,鴨
菜,擴
菜,蟳
菜,櫥
菜,籃
菜,礤
菜,鑢仔
菜,架子
菜,販仔
菜,鹹
菜,市仔名
菜,宅
菜,蟲
菜,寮
菜,飯
菜,鴿目
菜,跤
菜,母
菜,市
菝,仔
菝,仔票
菝,仔林
菠,薐
菠,薐仔
菠,薐菜
菠,薐仔菜
菩,提樹
菩,薩
華,人
華,文
華,府
華,盛頓
華,裔
華,僑
華,語
華,麗
菱,角
菱,角喙 
菲,律賓
萎,縮
萬,一
萬,不得已
萬,丹鄉
萬,世
萬,代
萬,全
萬,年筆
萬,里鄉
萬,里溪
萬,里橋
萬,事
萬,事爺
萬,和宮
萬,幸
萬,物
萬,芳社區
萬,芳醫院
萬,能
萬,般
萬,無一失
萬,華
萬,華區
萬,隆
萬,項
萬,萬
萬,榮
萬,榮鄉
萬,巒鄉
萬,事通
萬,丈深坑
萬,不幸
萬,里區
萬,里
萬,丹
萬,巒
萬,芳病院
萬,不二
萬,底深坑
萬,善公
萬,歲爺
萬,姓公
萵,仔菜
落,人的喙
落,入
落,下
落,下頦
落,山風
落,勾
落,手
落,水
落,去
落,本
落,伍
落,吐症
落,地
落,地窗
落,成
落,色
落,尾
落,尾手
落,尾仔
落,杓
落,杓仔
落,車
落,來
落,注
落,空逝
落,肥
落,雨
落,雨天
落,南
落,屎
落,屎星
落,屎馬
落,後日
落,後年
落,昨日
落,胎
落,風
落,氣
落,眠
落,衰
落,崎
落,第
落,船
落,軟
落,雪
落,單
落,喉
落,跑
落,湳
落,塗
落,落
落,葉
落,葬
落,跤氣
落,實
落,幕
落,網
落,價
落,魄
落,褲
落,選
落,翼仔
落,臉
落,霜
落,瀉吐
落,難
落,䈄
落,人
落,台
落,山
落,貨
落,漆
落,空車
落,耳
落,帆
落,棺
落,後
落,殼
落,目
落,任
落,市
葉,仔
著,水蛆
著,火
著,生驚
著,名
著,作
著,災
著,咳嗾
著,急
著,毒
著,時
著,烏珠
著,病
著,凊瘼
著,寒熱仔
著,猴
著,痧
著,傷
著,賊偷
著,銃
著,頭
著,蟲
著,驚
著,獎
著,觸
著,愛
著,等
葛,薯
葡,萄
葡,萄牙
葡,萄酒
董,事
董,事長
董,事會
葫,蘆
葫,蘆墩
葫,洲
葫,蘆匏仔
葫,蘆瓢
葵,扇
蒂,頭
蒂,頭仔
蒜,仔
蒜,仔花
蒜,茸
蒜,頭
蒜,絨枝
蒸,汽
蓄,厝
蓄,嫁粧
蓆,仔
蓋,被
蓋,棉被
蓋,蠟
蓪,草
蓬,心
蓬,萊米
蓬,鬆
蓮,子
蓮,花
蓮,花金
蓮,蕉
蓮,蕉花
蓮,藕
蓮,霧
蓮,花頭
蔗,箬
蔗,廍
蔥,仔
蔥,仔珠
蔥,仔頭
蔥,頭
蔥,仔餅
蔭,水
蔭,瓜仔
蔭,呃
蔭,身
蔭,豉
蔭,豉仔
蔭,豉粕仔
蔭,瓜
蔭,屍
蔭,豉仔肉
蕃,薯寮
蕃,薯礤仔
蕗,蕎
蕨,貓
蕨,貓仔
蕩,蕩幌
蕭,壟
蕳,砃
蕳,砃薯
蕹,菜
薁,蕘
薄,板
薄,板仔
薄,情
薄,荷
薄,餅
薄,縭絲
薄,薰
薅,草
薏,仁
薑,母
薑,母鴨
薑,絲
薟,椒仔
薟,椒仔醬
薟,薑仔
薟,薑仔醬
薟,薑醬
薟,薑
薪,水
薪,傳
薪,資
薰,吹
薰,屎
薰,喙仔
薰,園
薰,頭
薰,觳仔
薰,喙
薰,節仔
薰,篋仔
薸,仔
藃,藃
藃,蟶
藍,天
藍,色
藍,的
藍,圖
藍,調
藏,水沬
藏,沬
藏,起來
藏,鏡人
藏,水
藏,頭沬
藐,視
藝,人
藝,文
藝,旦
藝,品
藝,術
藝,術性
藝,術品
藝,術家
藝,壇
藥,丸
藥,丹
藥,方
藥,水
藥,片
藥,仔
藥,包
藥,局
藥,材
藥,房
藥,物
藥,品
藥,洗
藥,師
藥,效
藥,粉
藥,草
藥,茶
藥,酒
藥,粕
藥,單
藥,渣
藥,鈷仔
藥,膏
藥,廠
藥,劑
藥,劑師
藥,頭仔
藥,櫥
藥,餅
藥,水布
藥,頭
藥,店
藥,粉仔
藥,丸仔
蘆,竹
蘆,竹厝
蘆,竹鄉
蘆,洲
蘆,洲市
蘆,筍
蘆,黍
蘆,薈
蘆,藤
蘆,洲區
蘆,竹區
蘇,州
蘇,澳
蘇,澳港
蘇,澳新站
蘇,澳鎮
蘇,聯
蘇,澳新
蘋,果
蘋,果檨
蘑,菇
蘭,花
蘭,陽溪
蘭,嶼鄉
蘭,嶼
虎,井蜜
虎,皮
虎,尾鎮
虎,姑婆
虎,豹母
虎,骨酒
虎,鼻師
虎,頭山
虎,頭夾仔
虎,頭柑
虎,頭蜂
虎,鬚
虎,尾
虐,待
虔,誠
處,女
處,方
處,份
處,事
處,長
處,理
處,處
處,暑
處,置
處,境
處,罰
虛,火
虛,弱
虛,偽
虛,華
虛,構
虛,擬
虛,身荏底
號,外
號,名
號,做
號,誌
號,碼
號,頭
虧,心
虧,欠
虧,空
虧,損
虧,本
虯,毛
虯,虯
虯,儉
虱,目
虱,目仔魚
虱,目魚
虼,蚤
虼,蚻
蚊,蟀
蚵,仔
蚵,仔煎
蚵,仔麵線
蚵,炱
蚶,仔
蛀,窟仔
蛀,鼻
蛀,齒
蛀,龜
蛀,龜仔
蛀,蟲
蛇,瓜
蛟,龍
蛣,蛚
蛤,仔
蛤,仔泅
蛤,仔難
蛤,胿仔
蛾,仔
蛾,仔花
蛾,
蜂,岫
蜂,蜜
蜂,蝦
蜈,蚣
蜈,蜞
蜈,蜞釘
蜈,蚣車仔
蜊,仔
蜘,蛛
蜘,蛛網
蜜,月
蜜,蜂
蜜,餞
蜜,甜
蝒,蟲
蝕,日
蝕,月
蝕,本
蝕,重
蝙,蝠
蝦,仁
蝦,仔
蝦,米
蝦,卑
蝦,蛄
蝦,蛄擗仔
蝦,猴
蝦,膎
蝦,笱
蝦,卷
蝦,蛄頭
蝦,姑頭
蝦,蛄仔
蝦,繭
蝨,母
蝨,篦
蝴,蝶
蝶,仔
蝶,婆
蝻,蛇
融,合
融,券
融,資
螟,蛉
螢,幕
螳,螂
螺,仔
螺,仔鬼
螺,湯
螺,絲
螺,絲釘
螺,絲港
螺,絲絞
螺,陽
螿,蜍
蟋,蟀
蟋,蟀仔
蟧,蜈
蟧,蜈車
蟧,蜈車仔
蟬,仔
蟬,蠳
蟮,尪仔
蟮,螂
蟮,蟲仔
蟯,仔
蟯,桮
蟯,桮仔
蟯,蟯趖
蟲,仔
蟲,豸
蟳,仔
蟳,管
蟳,膏  
蟳,仁
蟳,仔卵
蟾,蜍
蠍,仔
蠓,仔
蠓,仔水
蠓,仔香
蠓,帳
蠓,捽仔
蠓,罩
蠓,蟲
蠓,仔薰
蠓,仔窗
蠘,仔
蠟,紙
蠟,條
蠟,筆
蠟,燭
蠶,仔
蠶,豆
蠶,仔絲
蠶,仔葉
蠻,皮
蠻,皮癬
蠻,蠻
血,水
血,色
血,型
血,氣
血,液
血,統
血,蚶
血,筋
血,暈
血,跡
血,路
血,管
血,緣
血,壓
血,癌
血,崩山
血,親
血,燕
行,人
行,天宮
行,文
行,去
行,去矣
行,列
行,李
行,車
行,事曆
行,使
行,後尾門
行,政
行,政院
行,春
行,星
行,為
行,軍
行,郊
行,員
行,庫
行,氣
行,動
行,徙
行,情
行,船
行,透透
行,棋
行,短路
行,程
行,業
行,經
行,路
行,路工
行,運
行,踏
行,銷
行,駛
行,禮
行,蹤
行,醫
行,跤到
行,袂開跤
行,船人
行,跤花
行,船客
行,倒轉
行,翻頭
行,山
衍,生
術,仔
街,仔
街,仔路
街,市
街,舞
街,頭
街,路
衙,門
衙,門口
衛,生
衛,生所
衛,生紙
衛,生署
衛,兵
衛,武營
衛,星
衛,浴
衛,教
衛,生箸
衝,突
衝,動
衝,碰
衝,擊
表,小弟
表,小妹
表,兄
表,兄弟
表,白
表,皮
表,示
表,決
表,妹
表,姊
表,明
表,的
表,面
表,格
表,情
表,現
表,揚
表,達
表,彰
表,態
表,演
表,層
表,親
衫,仔弓
衫,仔裾
衫,仔褲
衫,仔櫥
衫,櫥
衫,弓仔
衫,架仔
衫,褲
衫,仔架
衫,仔裾尾
衰,尾
衰,尾道人
衰,弱
衰,退
衰,運
衰,潲
衰,䆀
衰,潲運
衰,旺
袂,歹
袂,用的
袂,用得
袂,合
袂,收山
袂,伸捙
袂,見笑
袂,使
袂,使得
袂,和
袂,直
袂,按算
袂,要緊
袂,赴
袂,食袂睏
袂,記得
袂,得通
袂,得過
袂,堪得
袂,當
袂,曉
袂,輸
袂,輸講
袂,講得
袂,䆀
袂,翻捙
袂,赴市
袂,得
袂,拄好
袂,做得
袂,博假博
袂,磕得
袂,曉衰
袂,當過
袂,怪得
袂,過心
袂,和盤
袂,見袂笑
袂,收煞
袂,收尾
袂,爽
袂,曉見笑
袂,曉通衰
袋,仔
袖,珍博物館
袚,鍊
被,告
被,迫
被,害人
被,動
被,偝
被,單
被,囊
被,仔
裁,刀
裁,示
裁,判
裁,決
裁,定
裁,員
裁,縫
裁,縫車
裁,縫車仔
裁,縫店
裁,布
裂,開
裂,扦
裌,裘
裘,仔
補,充
補,冬
補,正
補,血
補,助
補,足
補,校
補,破網
補,強
補,救
補,添
補,習
補,習班
補,紩
補,喙齒
補,給
補,貼
補,運
補,運錢
補,鼎
補,選
補,償
補,繳
補,藥
裝,甲
裝,設
裝,備
裝,痟的
裝,置
裝,飾
裝,潢
裝,貨
製,片
製,成
製,作
製,法
製,品
製,造
製,播
製,藥
複,合
複,利
複,習
複,賽
複,雜
褒,忠亭
褒,忠鄉
褒,嗦
褒,歌
褒,獎
褒,囉嗦
褒,忠
褒,囉唆
褪,皮
褪,赤跤
褪,衫
褪,破裼
褪,殼
褪,腹裼
褪,齒
褪,褲
褪,褲𡳞
褪,毛
褪,孝
褫,開
褲,帶
褲,袋仔
褲,跤
褲,頭
褲,帶結相黏
褲,橐袋仔
襄,理
襟,胸
襪,仔
襯,托
西,刀舌
西,子灣
西,元
西,天
西,屯區
西,方
西,爿
西,北
西,北雨
西,瓜
西,式
西,岸
西,門
西,門町
西,南
西,洋
西,洋人
西,班牙
西,秦王爺
西,區
西,部
西,部幹線
西,港仔
西,港鄉
西,湖鄉
西,進
西,勢
西,照日
西,裝
西,歐
西,餐
西,嶼鄉
西,螺鎮
西,藏
西,醫
西,藥
西,藥房
西,湖
西,螺
西,港區
西,港
西,嶼
西,屯
西,仔灣
西,施舌
西,藥店
要,件
要,求
要,素
要,道
要,緊
要,領
要,點
覆,菜
見,本
見,怪
見,若
見,面
見,笑
見,笑代
見,笑花
見,笑草
見,習
見,解
見,擺
見,識
見,證
見,效
見,功效
規,千萬
規,心
規,爿
規,世人
規,年迵天
規,身軀
規,定
規,則
規,律
規,面
規,格
規,氣
規,矩
規,陣
規,堆
規,章
規,畫
規,費
規,腹火
規,路
規,劃
規,模
規,範
規,个
規,工
規,家伙仔
規,碗捀
規,嚾規黨
規,大堆
規,家口仔
規,日
覓,頭路
覓,雞仔
覓,雞鷹
覕,雨
覕,相揣
覕,起來
覕,喙
覕,頷喓
覕,鬚
視,力
視,訊
視,野
視,察
視,線
視,覺
視,聽
親,人
親,子
親,切
親,切感
親,友
親,手
親,生
親,目
親,自
親,身
親,事
親,和
親,和力
親,姆
親,姆婆
親,近
親,家
親,家公
親,骨肉
親,堂
親,密
親,情
親,情五十
親,戚
親,族
親,眼
親,喙
親,筆
親,善
親,愛
親,像
親,屬
親,疊親
親,的
親,家媽
親,家門風
親,娘
親,生的
親,生囝
親,生母
覷,目
覷,覷
覺,悟
覺,醒
觀,光
觀,光客
觀,念
觀,前顧後
觀,看
觀,音
觀,音山
觀,音寺
觀,音竹
觀,音鄉
觀,望
觀,眾
觀,測
觀,感
觀,想
觀,照
觀,察
觀,摩
觀,賞
觀,點
觀,音區
觀,音佛祖
觀,音媽
角,瓜
角,色
角,板山
角,度
角,勢
角,鼓
角,管
角,齒
角,頭
角,間
角,糖
角,蜂
解,厄
解,心悶
解,決
解,放
解,析
解,毒
解,約
解,剖
解,套
解,酒
解,除
解,救
解,脫
解,圍
解,悶
解,散
解,答
解,愁
解,說
解,碼
解,嚴
解,釋
解,讀
解,籤
解,籤詩
解,體
解,憂愁
觱,仔
觳,仔
觳,仔炱
觳,仔餅
觸,犯
觸,舌
觸,角
觸,喙
觸,纏
言,行
言,詞
言,語
言,論
訂,戶
訂,定
訂,做
訂,婚
訂,貨
訂,單
訂,製
訃,音
訃,聞
計,智
計,畫
計,程車
計,策
計,較
計,劃
計,算
計,謀
計,程仔
訊,息
訊,號
討,人情
討,皮疼
討,命
討,契兄
討,食
討,海
討,海人
討,趁
討,債
討,債囝
討,厭
討,數
討,論
討,錢
討,交替
訓,練
訕,削
訕,潲
訕,洗
託,夢
託,付
記,性
記,者
記,者會
記,持
記,得
記,號
記,載
記,數
記,憶
記,憶體
記,錄
記,持 
記,認
訪,客
訪,查
訪,問
訪,談
設,立
設,有
設,局
設,定
設,法
設,施
設,計
設,計師
設,備
設,想
設,置
設,廠
設,緣投
設,使
許,可
訴,求
訴,狀
訴,訟
診,所
診,察
診,療
診,斷
註,冊
註,生娘娘
註,好好
註,死
註,定
註,明
註,解
註,銷
証,明
詈,罵
詐,欺
詐,領
評,分
評,比
評,估
評,判
評,定
評,量
評,語
評,價
評,審
評,論
評,選
評,鑑
詞,彙
詞,典
試,用
試,車
試,卷
試,看
試,看覓
試,飛
試,射
試,探
試,辦
試,題
試,鹹汫
試,鹹淡
試,驗
試,覓
詩,人
詩,句
詩,作
詩,詞
詩,意
詩,歌
詬,詬唸
詭,計
詮,釋
話,母
話,尾
話,屎
話,柄
話,骨
話,語
話,劇
話,蝨
話,頭
話,縫
話,題
話,仙
該,死
該,然
該,當
詳,情
詳,細
詳,盡
詼,諧
誇,口
誇,獎
認,份
認,同
認,定
認,知
認,為
認,真
認,罪
認,路
認,領
認,養
認,輸
認,錯
認,證
認,命
認,捌
誓,不兩立
誕,生
誘,因
誘,惑
語,文
語,言
語,法
語,音
語,氣
語,義
語,調
誠,心
誠,信
誠,意
誠,實
誠,懇
誠,濟
誠,實講
誣,賴
誤,會
誤,解
誦,經
說,多謝
說,明
說,明書
說,服
說,法
說,客
說,唱
說,謝
課,文
課,本
課,長
課,堂
課,程
課,業
課,題
誹,謗
調,味
調,味料
調,和
調,度
調,查
調,查局
調,派
調,降
調,配
調,停
調,動
調,理
調,解
調,製
調,養
調,整
調,頻
調,羹仔
談,文
談,判
談,起
談,話
談,論
請,人客
請,示
請,安
請,坐
請,求
請,命
請,帖
請,桌
請,神
請,假
請,問
請,教
請,罪
請,辭
請,願
請,客
諍,喙
諒,解
諒,情
論,文
論,述
論,調
論,壇
論,戰
論,點
論,真
諞,仙
諞,仙仔
諮,商
諮,詢
諷,刺
諸,位
諸,葛
諸,羅山
謀,生
謀,取
謀,財害命
謀,殺
謄,本
謎,猜
謙,卑
謙,虛
講,大聲話
講,古
講,白賊
講,好
講,求
講,究
講,和
講,明
講,述
講,師
講,座
講,破
講,笑
講,笑詼
講,起
講,堂
講,情
講,授
講,習
講,義
講,解
講,話
講,嘐潲話
講,演
講,價
講,親情
講,較白咧
講,親事
講,耍笑
講,嘐潲
講,戇話
謝,金
謝,神
謝,絕
謝,意
謝,罪
謝,禮
謝,願
謠,言
謬,誤
謹,慎
譀,古
譀,呱呱
譀,浡
譀,話
譀,鏡
譀,譀
證,人
證,交所
證,件
證,券
證,明
證,書
證,照
證,實
證,據
警,力
警,方
警,告
警,局
警,戒
警,車
警,官
警,長
警,政
警,界
警,匪
警,員
警,消
警,報
警,察
警,察局
警,廣
警,衛
警,覺
警,察仔
譬,如
譬,相
譬,喻
譬,論講
譬,論
譯,者
議,事
議,長
議,員
議,案
議,場
議,程
議,會
議,論
議,題
譴,責
譴,損
護,士
護,身符
護,法
護,航
護,理
護,照
護,盤
護,膚
護,龍
護,欄
護,廊
讀,冊
讀,冊人
讀,死冊
讀,物
讀,者
讀,書
變,化
變,心
變,成
變,色
變,形
變,更
變,步
變,卦
變,空
變,面
變,革
變,鬼
變,鬼變怪
變,做
變,動
變,異
變,通
變,速
變,換
變,款
變,猴弄
變,遂
變,態
變,數
變,賣
變,質
變,遷
變,竅
變,工藝
變,弄
變,相
變,啥魍
變,無魍
變,空變榫
變,啥齣頭
變,啥空
變,啥空頭
變,啥物魍
變,天
變,魍
變,無空
變,無路
變,無輦
變,種
讓,手
讓,位
讓,步
讓,渡
讚,美
讚,揚
讚,嘆
讚,賞
豆,仔
豆,仔埔
豆,仔薯
豆,奶
豆,皮
豆,沙
豆,乳
豆,油
豆,油膏
豆,花
豆,乾
豆,乾糋
豆,粕
豆,莢
豆,豉
豆,菜
豆,菜底的
豆,腐
豆,腐鯊
豆,餅
豆,箍
豆,酺
豆,頭
豆,餡
豆,薯
豆,醬
豆,醬湯
豆,簽
豆,藤
豆,鹹
豆,膎
豆,仔魚
豆,菜芽
豆,芽
豈,有此理
豈,有
豉,菜頭
豉,鹽
豉,膎
豉,目
豐,年
豐,年祭
豐,收
豐,沛
豐,坪溪
豐,原
豐,原市
豐,盛
豐,富
豐,濱鄉
豐,原區
豐,濱
豐,田
豚,母
象,牙
象,桮
象,棋
象,鼻湖
象,徵
象,山
豪,華
豬,公
豬,尺
豬,心
豬,仔
豬,仔囝
豬,母
豬,母奶仔
豬,母菜
豬,母癲
豬,肉
豬,舌
豬,血
豬,灶
豬,牢
豬,肝
豬,肝色
豬,肚
豬,油
豬,油粕仔
豬,狗精牲
豬,肺
豬,胚
豬,胚仔
豬,哥
豬,哥牙
豬,哥神
豬,砧
豬,屠
豬,豚仔
豬,菜
豬,腸仔
豬,跤
豬,跤箍
豬,跤麵線
豬,槽
豬,膚
豬,膚仔
豬,鋪
豬,頭爿
豬,頭皮
豬,頭肥
豬,頭癀
豬,血粿
豬,肝𦟪
貓,公
貓,仔
貓,里
貓,兒竹
貓,咪
貓,面
貓,筩
貓,貓
貓,頭鳥
貓,羅溪
貓,霧仔光
貓,霧光
貓,貓相
貓,港
貓,空
貓,貓看
貓,頭鷹
貞,節
貞,潔
負,面
負,責
負,責人
負,債
負,擔
財,力
財,子壽
財,主
財,物
財,政
財,神
財,神爺
財,務
財,產
財,富
財,稅
財,源
財,經
財,團
財,寶
財,本
貢,丸
貢,寮
貢,寮鄉
貢,獻
貢,糖
貢,寮區
貧,血
貧,困
貧,惰
貧,惰骨
貧,惰蟲
貧,道
貧,惰仙
貧,戶
貧,家
貨,主
貨,色
貨,尾
貨,車
貨,底
貨,物
貨,草
貨,船
貨,款
貨,運
貨,幣
貨,樣
貨,頭
貨,櫃
貨,範
販,仔
販,仔白
販,仔間
販,厝
販,貨
販,賣
貪,心
貪,汙
貪,污
貪,官汙吏
貪,食
貪,財
貪,婪
貪,戀
貪,睏
貫,穿
貫,針
貫,徹
貫,捾
貫,耳
責,任
責,任感
責,備
責,罵
貯,飯
貴,人
貴,庚
貴,重
貴,氣
貴,參參
貴,族
貴,賓
貴,重物
買,入
買,主
買,收
買,命
買,票
買,進
買,賣
買,手
買,命錢
貸,款
費,用
費,氣
費,氣費觸
費,神
費,率
貼,人食
貼,切
貼,心
貼,本
貼,底
貼,紙
貼,貼
貿,工
貿,易
貿,易商
貿,頭
貿,貨底
貿,工程
貿,工課
貿,工事
貿,穡頭
賀,卡
賀,正
賄,選
資,本
資,助
資,金
資,政
資,料
資,格
資,訊
資,訊業
資,深
資,產
資,源
資,歷
賊,仔
賊,仔市
賊,仔貨
賊,船
賊,頭
賊,仔車
賑,災
賒,欠
賒,數
賓,館
賞,月
賞,狀
賞,花
賞,金
賞,畫
賞,罰
賞,賜
賞,錢
賠,錢
賠,償
賢,慧
賣,大燈
賣,出
賣,身
賣,命
賣,掉
賣,場
賣,搖鼓
賣,搖鼓的
賣,菜的
賣,方
賣,主
賤,蟲
賦,予
質,地
質,料
質,問
質,量
質,感
質,詢
質,疑
賭,氣
賭,強
賰,的
賰,飯
賰,錢
賴,賴趖
賴,賴行
賺,食
賺,著
購,併
購,買
賽,程
贈,品
贈,送
贈,與
贊,同
贊,成
贊,助
贊,聲
贌,田
贏,面
贏,球
贓,物
贖,回
贖,身
赤,牛
赤,牛仔
赤,目
赤,肉
赤,砂
赤,崁
赤,媽仔
赤,跤
赤,跤仙仔
赤,道
赤,蜣
赤,鯮
赤,焱焱
赤,仁仔塗
赤,尾鮐
赦,免
赦,罪
走,入
走,山
走,向
走,江湖
走,色
走,私
走,走
走,味
走,狗
走,相掠
走,相逐
走,音
走,桌
走,桌的
走,袂開跤
走,袂離
走,閃
走,馬燈
走,唱
走,斜
走,訪
走,赦馬
走,廊
走,揣
走,街仔仙
走,路
走,跳
走,傱
走,漏
走,精
走,水
走,無路
走,腹
走,標
走,學
走,縒
走,過手
走,馬
走,馬喉
走,袂過手
走,手
走,書
走,胎
起,手
起,毛
起,毛婸
起,毛䆀
起,火
起,伏
起,先
起,因
起,色
起,行
起,床
起,步
起,狂
起,身
起,事
起,來
起,呸面
起,性地
起,初
起,背仔
起,風
起,飛
起,厝
起,家
起,草
起,凊凹
起,凊瘼
起,無空
起,程
起,童
起,訴
起,雄
起,痟
起,源
起,落
起,跤動手
起,鼓
起,碇
起,價
起,碼
起,駕
起,頭
起,點
起,雞母皮
起,藥蛆
起,𪁎
起,帆
起,磅
起,戇
起,豹飆
起,酒痟
起,蛟龍
起,豹風
起,橫
起,酒狂
起,毛管
起,毛摺
起,輦
起,殺
起,水
起,嗽
趁,早
趁,私奇
趁,流水
趁,食
趁,食人
趁,食查某
趁,食間
趁,食間仔
趁,燒
趁,錢
趁,大錢
超,人
超,凡
超,出
超,市
超,生
超,收
超,度
超,音波
超,級
超,速
超,然
超,越
超,過
越,南
越,過
越,戰
越,頭
越,唸
趒,童
趒,跤頓蹄
趒,跤頓地
趕,工
趕,往
趕,路
趕,緊
趕,暝工
趖,跤趖手
趣,味
趨,向
趨,倒
趨,勢
趨,冰
足,足
足,濟
足,心願
足,月
跂,跤
跋,卦
跋,倒
跋,桮
跋,牌仔
跋,筊
跋,感情
跋,落馬
跋,馬
跑,車
跑,馬
跑,道
跙,一倒
跙,倒
跙,流籠
跙,冰
跛,跤
跟,綴
跟,隨
跤,刀
跤,手
跤,斗
跤,斗仔
跤,爪
跤,仔
跤,目
跤,尖手幼
跤,曲
跤,尾
跤,尾飯
跤,步
跤,肚
跤,肚骨
跤,來手來
跤,帛
跤,帛仔
跤,底
跤,後卵
跤,後肚
跤,後肚仁
跤,後蹬
跤,指頭仔
跤,枷
跤,胴骨
跤,骨
跤,兜
跤,梢
跤,梢間
跤,梢間仔
跤,桶
跤,液
跤,球
跤,筋
跤,腕
跤,跡
跤,腿
跤,鼻臁
跤,踃間
跤,數
跤,模
跤,模手印
跤,盤
跤,踏仔
跤,踏車
跤,擋
跤,蹄
跤,頭趺
跤,頭腕
跤,縫
跤,蹬
跤,風
跤,健手健
跤,麻手痺
跤,痠手軟
跤,尾紙
跤,後曲
跤,捗
跤,胴
跤,枋
跤,臁
跤,鐐
跤,手慢鈍
跤,手扭掠
跤,踏
跤,踏枋
跤,仙
跪,拜
路,人
路,上
路,口
路,用
路,竹
路,竹鄉
路,尾
路,沖
路,況
路,段
路,面
路,徑
路,旁屍
路,祭
路,途
路,程
路,費
路,溝仔糜
路,過
路,標
路,線
路,燈
路,頭
路,邊
路,邊擔仔
路,草
路,竹區
路,裡
跳,水
跳,加冠
跳,年
跳,索仔
跳,針
跳,高
跳,動
跳,票
跳,脫
跳,逝
跳,棋
跳,港
跳,童
跳,舞
跳,遠
跳,樓
跳,踢
踅,玲瑯
踅,神
踅,街
踅,踅唸
踅,螺梯
踅,輾轉
踅,頭
踅,遠路
踏,入
踏,斗
踏,出
踏,枋
踏,差
踏,硬
踏,話頭
踏,跤蹺
踏,蹺
踢,被
踢,毽子
踩,街
踮,水沬
踮,相揣
踮,沬
踮,空龜
踴,躍
蹊,蹺
蹌,跤雞
蹌,箍螺
蹌,跤枷
蹌,跤引
蹓,
蹔,跤步
蹛,院
蹤,跡
蹤,影
蹧,躂
蹽,溪仔
蹽,落去
蹽,水
蹽,溪
躊,躇
躍,跤仔輾
躘,被
躡,跤尾
身,上
身,亡
身,心
身,世
身,份
身,份證
身,材
身,命
身,屍
身,段
身,為
身,穿
身,價
身,影
身,軀
身,軀邊
身,邊
身,懸
身,體
身,苦病疼
身,軀頂
躼,跤
躼,跤仔
躼,跤蠓
躼,跤的
軁,狗空仔
軁,錢空
軁,鑽
車,心
車,手
車,主
車,仔
車,仔針
車,仔線
車,行
車,位
車,身
車,況
車,門
車,型
車,城鄉
車,後斗
車,衫車仔
車,展
車,庫
車,站
車,迷
車,埕
車,商
車,票
車,頂
車,單
車,廂
車,掌
車,款
車,殼
車,牌
車,窗
車,隊
車,號
車,道
車,鼓戲
車,禍
車,種
車,價
車,廠
車,輛
車,輪
車,擋
車,燈
車,錢
車,頭
車,幫
車,體
車,布邊
車,輪餅
車,斗
車,母
車,前草
車,路
車,城
車,鼓
車,輪粿
車,箱仔
軌,道
軍,人
軍,力
軍,方
軍,火
軍,用
軍,事
軍,官
軍,法
軍,師
軍,備
軍,隊
軍,階
軍,團
軍,艦
軟,化
軟,心
軟,汫
軟,弱
軟,骨
軟,荍荍
軟,晡
軟,絲仔
軟,塗深掘
軟,跤
軟,跤蝦
軟,膏膏
軟,蜞
軟,轎
軟,體
軟,𩛩𩛩
軟,㽎㽎
軟,市
軟,體園區
軟,母仔
較,大面
較,加
較,早
較,快
較,車
較,停仔
較,無一半
較,輸
較,講
較,晏
較,有面
載,入
載,客
載,貨車
輓,聯
輔,大
輔,助
輔,導
輔,選
輕,手
輕,可
輕,快
輕,易
輕,便
輕,型
輕,柔
輕,重
輕,秤
輕,視
輕,傷
輕,輕
輕,輕鬆鬆
輕,銀
輕,銀仔
輕,聲細語
輕,聲細說
輕,薄
輕,鬆
輕,便車
輕,本
輝,煌
輦,轎仔
輪,仔
輪,流
輪,胎
輪,值
輪,框
輪,班
輪,迴
輪,船
輪,椅
輪,鬮
輪,箍
輸,入
輸,出
輸,血
輸,面
輸,送
輸,贏
輻,射
輾,珠仔
輾,轉
轉,入
轉,大人
轉,化
轉,手
轉,世
轉,去
轉,去矣
轉,外家
轉,任
轉,向
轉,折
轉,來
轉,型
轉,後頭
轉,送
轉,骨
轉,動
轉,接
轉,移
轉,速
轉,喙
轉,換
轉,進
轉,載
轉,運
轉,運站
轉,斡
轉,踅
轉,播
轉,輪
轉,學
轉,聲
轉,臍
轉,彎
轉,彎踅角
轉,變
轉,錢空
轉,車
轉,成
轉,後頭厝
轉,色
轉,數
轎,車
轎,車椅
轟,炸
轟,動
辛,亥
辛,苦
辛,勞
辛,勞仔
辛,苦病疼
辜,負
辟,走
辣,椒
辣,椒醬
辦,公
辦,公室
辦,公桌
辦,事
辦,事處
辦,法
辦,案
辦,桌
辦,理
辦,貨
辨,別
辨,認
辨,識
辭,別
辭,典
辭,頭路
辭,職
辯,士
辯,解
辯,論
辯,護
辯,護士
農,夫
農,民
農,民曆
農,田
農,地
農,作物
農,村
農,具
農,委會
農,林
農,產
農,產品
農,場
農,會
農,業
農,曆
農,藥
迅,速
迎,神
迎,接
迎,新棄舊
迎,鬧熱
迎,戰
迎,燈
近,日
近,代
近,代史
近,年
近,來
近,倚
近,期
近,視
近,廟欺神
近,親
返,回
迫,切
迫,近
迫,倚
迫,害
迫,促
迴,廊
迴,避
迴,龍
迵,過
迵,海
迷,人
迷,失
迷,信
迷,思
迷,宮
迷,惑
迷,亂
迷,路
迷,戀
追,分
追,加
追,求
追,究
追,思
追,查
追,捕
追,殺
追,溯
追,認
追,趕
追,隨
追,擊
追,蹤
退,化
退,火
退,出
退,伍
退,休
退,休金
退,冰
退,色
退,步
退,定
退,股
退,後
退,酒
退,婚
退,票
退,場
退,稅
退,童
退,熱
退,學
退,燒
退,還
退,癀
退,流
退,時
退,親
退,時行
送,上山
送,山頭
送,日仔
送,交
送,定
送,神
送,嫁
送,禮
送,醫
送,上山頭
送,尪
送,葬
逃,亡
逃,犯
逃,生
逃,兵
逃,走
逃,命
逃,脫
逃,避
逃,難
逃,閃
逆,子
逆,天
逆,境
逆,轉
逍,遙
透,中晝
透,中晝心
透,天
透,心涼
透,支
透,日
透,世人
透,年
透,早
透,尾
透,明
透,雨
透,流
透,風
透,視
透,暗
透,過
透,暝
透,露
透,鬢鬍
透,抽
透,底
透,濫
逐,日
逐,年
逐,家
逐,暗
逐,擺
逐,个
逐,工
逐,項
逐,暝
逐,下昏
逐,項代誌
途,中
這,世人
這,時
這,站
這,陣
這,馬
這,款
這,搭
這,路尾
這,過
這,種
這,聲
這,點仔
這,个
這,擺
這,改
通,用
通,光
通,行
通,告
通,批
通,車
通,知
通,信
通,俗
通,姦
通,風
通,書
通,航
通,訊
通,常
通,報
通,勤
通,路
通,過
通,鼓
通,盤
通,緝
通,霄
通,霄鎮
通,懷仔
通,關
通,譯
通,人知
通,人
通,好
速,度
速,率
造,化
造,反
造,成
造,形
造,林
造,型
造,船
造,就
造,勢
造,話
造,路
造,福
造,橋
造,橋鄉
造,作
連,日
連,任
連,回
連,江縣
連,長
連,動
連,帶
連,接
連,累
連,紲
連,貫
連,連
連,結
連,絡
連,署
連,線
連,環
連,鎖
連,鎖店
連,鞭
連,繫
連,襟
連,續
連,續劇
連,江
連,苞頭
連,相紲
週,刊
週,末
週,年
週,期
週,邊
進,一步
進,入
進,口
進,化
進,出
進,用
進,行
進,攻
進,步
進,前
進,度
進,軍
進,香
進,修
進,展
進,退
進,貨
進,階
進,駐
進,頭香
逼,近
逼,真
逼,籤詩
遇,害
遇,著
遊,民
遊,行
遊,玩
遊,客
遊,說
遊,樂
遊,樂區
遊,輪
遊,學
遊,覽
遊,覽車
運,用
運,行
運,作
運,命
運,河
運,氣
運,送
運,動
運,動埕
運,動會
運,動鞋
運,將
運,途
運,費
運,量
運,鈔車
運,勢
運,算
運,輸
運,轉
運,轉手
遍,及
遍,佈
過,分
過,心
過,戶
過,手
過,日
過,水
過,火
過,去
過,失
過,目
過,份
過,名
過,年
過,身
過,來
過,定矣
過,往
過,房
過,門
過,度
過,後
過,面
過,時
過,氣
過,敏
過,剩
過,喙
過,渡
過,程
過,著
過,量
過,意
過,暝
過,數
過,磅
過,橋
過,錯
過,頭
過,謙
過,濾
過,關
過,爐
過,癮
過,晝
過,路人
過,鹹水的
過,定
過,冬鳥
過,溝菜
過,路線
過,袂得去
過,眠
過,年飯
過,年錢
遏,手把
遏,泔
遐,的
遐,爾
遐,爾仔
道,士
道,士仔
道,友
道,行
道,具
道,教
道,理
道,場
道,義
道,路
道,歉
道,德
道,謝
達,仁鄉
達,成
達,到
達,仁
違,反
違,法
違,建
違,約
違,背
違,規
違,憲
遙,控
遙,遠
遛,手
遛,皮
遛,疕仔
遛,精仔
遛,扦
遠,方
遠,見
遠,足
遠,東
遠,處
遠,景
遠,遠
遠,親
遠,離
遠,近
適,用
適,合
適,宜
適,度
適,量
適,當
適,應
遭,受
遭,遇
遮,日
遮,的
遮,雨
遮,風
遮,閘
遮,爾
遮,爾仔
遮,瞞
遲,到
遲,疑
遲,遲
遴,選
遵,守
遵,命
遵,照
遵,循
遷,入
遷,居
遷,徙
選,手
選,出
選,民
選,用
選,定
選,務
選,區
選,情
選,票
選,單
選,項
選,罷法
選,戰
選,擇
選,舉
選,購
選,日
遺,失
遺,言
遺,書
遺,產
遺,傳
遺,蹟
遺,跡
遺,憾
遺,體
遺,囑
避,免
避,開
避,難
邀,約
邀,集
邀,請
邁,向
還,俗
還,數
還,錢
還,魂
還,債
邊,仔
邊,界
邊,緣
邏,輯
那,瑪夏區
那,瑪夏
邦,交
邪,惡
郊,外
郊,區
郊,遊
郊,
郎,君
部,下
部,分
部,份
部,位
部,長
部,門
部,隊
部,會
部,落
部,編本
部,屬
郭,元益糕餅博物館
郵,件
郵,局
郵,便局
郵,政
郵,差
郵,票
郵,筒
郵,資
郵,購
郵,政博物館
都,市
都,合
都,城隍廟
都,會
都,會公園
鄉,土
鄉,公所
鄉,民
鄉,村
鄉,里
鄉,長
鄉,愁
鄉,親
鄉,鎮
鄉,社
鄉,鎮市
鄉,鎮長
鄧,公廟
鄭,氏家廟
鄭,重
鄰,近
鄰,長
鄰,國
配,方
配,件
配,合
配,色
配,角
配,股
配,音
配,套
配,料
配,送
配,偶
配,備
配,發
配,給
配,置
配,對
配,樂
配,頭
配,額
配,藥
配,種
酒,仙
酒,母
酒,吧
酒,店
酒,杯
酒,矸
酒,矸窒仔
酒,家
酒,配
酒,瓶
酒,開仔
酒,會
酒,窟仔
酒,漏仔
酒,精
酒,樓
酒,醉
酒,甌
酒,糟
酒,甕
酒,癖
酒,甜
酒,矸仔嫂
酒,菜
酒,罐仔
酒,家女
酒,女
酒,麴
酥,腰
酵,母
酵,素
酷,刑
酸,甘甜
酸,筍
醃,瓜
醃,瓜仔
醃,缸
醉,茫茫
醋,桶
醒,目
醒,來
醒,悟
醡,漿草
醡,母草
醫,生
醫,生館
醫,治
醫,界
醫,師
醫,院
醫,術
醫,學
醫,學系
醫,學院
醫,療
醫,藥
醫,護
醫,館
醬,瓜
醬,瓜仔
醬,料
醬,菜
醬,鹹
釋,出
釋,放
釋,迦
釋,義
釋,憲
釋,迦牟尼佛
里,民
里,長
里,港鄉
里,程
里,港
重,大
重,心
重,手
重,手頭
重,句
重,生
重,任
重,利
重,巡
重,來
重,型
重,建
重,穿
重,要
重,重
重,重疊疊
重,食
重,倍
重,病
重,眠
重,耽
重,現
重,視
重,量
重,陽
重,陽節
重,敧爿
重,傷
重,新
重,劃區
重,播
重,複
重,擔
重,整
重,錢
重,頭輕
重,頭戲
重,聲
重,點
重,覆
重,鎮
重,鹹
重,疊
重,本
重,閣
重,尻川
重,舌
野,心
野,牛
野,外
野,生
野,味
野,性
野,花
野,狼
野,馬
野,參
野,球
野,臺戲
野,餐
野,雞仔車
野,獸
野,蠻
野,台戲
量,仔
量,其約
量,產
量,測
量,其約仔
量,剩錢
量,約仔
金,山
金,山鄉
金,斗
金,斗甕仔
金,主
金,仔
金,仔店
金,包里
金,瓜
金,囝
金,字塔
金,曲
金,色
金,含
金,沙鎮
金,言
金,身
金,金
金,金看
金,門
金,門縣
金,城鎮
金,星
金,香燭
金,剛石
金,峰鄉
金,庫
金,桔仔
金,粉
金,紙
金,紙店
金,針
金,針花
金,針菇
金,婚
金,崙
金,條
金,魚
金,棗
金,湖鎮
金,牌
金,黃
金,滑
金,鼎
金,寧鄉
金,幣
金,榜
金,箔
金,線蓮
金,蕉
金,融
金,錢
金,龜
金,龜綠
金,鍊仔
金,額
金,蠅
金,爐
金,屬
金,光黨
金,金相
金,絲猴
金,鑠鑠
金,言玉語
金,山區
金,峰
金,城
金,沙
金,湖
金,寧
金,袚鍊
金,斗公
金,柑
金,柑仔
金,櫃
金,含仔
金,閃閃
金,爍爍
金,魚目
金,仔粉
金,仔山
釘,仔
釘,仔鉗
釘,孤枝
釘,根
釘,點
釘,毒
針,灸
針,車
針,空
針,指
針,黹
針,對
針,鼻
針,頭
釣,友
釣,仔
釣,竿
釣,竿仔
釣,魚
釣,魚台
釣,魚翁
釣,鉤
釣,餌
釣,箠
釣,篙
釣,話
鈃,仔
鈍,刀
鈍,目
鈍,跤鈍手
鈍,市
鈕,仔
鈕,仔空
鈕,鈕仔
鈗,仔
鈴,仔
鈴,鐺仔
鈴,喨仔
鉗,仔
鉛,子
鉛,桶
鉛,桶仔
鉛,球
鉛,筆
鉛,筆仔
鉛,筆絞仔
鉛,筆剾
鉛,管
鉛,鉼
鉛,線
鉛,筆篋仔
鉤,仔
鉤,耳
鉸,刀
鉸,刀爿
鉸,剪
鉸,剪刀
鉸,攆
鉸,布
鉸,刀蟲
鉸,刀龜仔
鉼,針
銀,仔角
銀,色
銀,行
銀,角仔
銀,河
銀,紙
銀,票
銀,幕
銀,樓
銀,器
銀,單
銃,子
銃,手
銃,空
銃,殺
銅,人
銅,仙
銅,仙錢仔
銅,牌
銅,像
銅,管
銅,管仔
銅,線
銅,錢
銅,環
銅,礤
銅,鑼
銅,鑼鄉
銅,鑼灣
銅,管仔車 
銅,管仔車
銅,鏡鰺
銷,售
銷,量
銷,路
銷,假
鋟,仔
鋟,鋟鎈仔
鋟,鎈仔
鋤,頭
鋩,角
鋪,面蟶
鋪,排
鋪,排話
鋪,棉裘
鋪,路
鋸,仔
鋸,齒
鋸,鑢仔
鋸,屑烌
鋸,鑢
鋸,屑
鋼,牙
鋼,釘
鋼,琴
鋼,筆
鋼,筋
鋼,絲
鋼,鐵
錄,用
錄,取
錄,音
錄,音帶
錄,音機
錄,製
錄,影
錄,影帶
錢,根
錢,桌仔
錢,財
錢,鬼
錢,莊
錢,袋仔
錢,筒仔
錢,項
錢,鼠
錢,櫃
錢,關
錢,鰻
錢,貫
錢,穆紀念館
錢,架仔
錢,空
錢,囊仔
錢,筒
錢,橐仔
錦,蛇
錦,標
錫,口
錫,桶
錯,手
錯,失
錯,亂
錯,過
錯,誤
錯,覺
錶,仔
鍊,仔
鍊,炭
鍋,仔
鍛,練
鍛,鍊
鍟,仔
鍤,箕
鍥,仔
鎈,仔
鎖,定
鎖,門
鎖,匙
鎖,頭
鎖,管
鎮,公所
鎮,民
鎮,地
鎮,安
鎮,位
鎮,長
鎮,煞
鎮,路
鎮,靜
鎮,靜劑
鎮,壓
鎮,瀾宮
鏡,片
鏡,台
鏡,框
鏡,箱仔
鏡,頭
鏡,仁
鏨,仔
鏨,頭
鏨,頭短命
鐃,鈸
鐵,人
鐵,工
鐵,牛仔
鐵,仔
鐵,仔炭
鐵,甲
鐵,枋
鐵,枝
鐵,枝仔路
鐵,枝路
鐵,金龜
鐵,門
鐵,釘
鐵,釘仔
鐵,馬
鐵,骨仔生
鐵,桶
鐵,塗
鐵,碗帽仔
鐵,路
鐵,道
鐵,道路
鐵,鉎
鐵,槌
鐵,質
鐵,齒
鐵,頭
鐵,櫃
鐵,齒銅牙槽
鐵,釘挽
鐵,掃帚
鐵,鉼
鐵,撟
鐵,鍤
鐵,耙
鐵,釘夾
鐵,喙
鐵,馬仔
鑄,生仔
鑑,定
鑑,賞
鑢,仔
鑢,卡
鑱,仔
鑼,鼓
鑽,水鼻
鑽,仔
鑽,耳
鑽,空
鑽,水沬
鑽,沬
鑿,仔
鑿,目
鑿,鑿
鑿,空
長,久
長,大
長,子
長,工
長,尻川
長,年
長,年菜
長,老
長,尾星
長,男
長,和宮
長,命
長,官
長,治鄉
長,長
長,城
長,度
長,衫
長,桌
長,株形
長,途
長,期
長,短
長,短跤話
長,進
長,歲壽
長,裙
長,壽
長,管靴
長,遠
長,線
長,輩
長,褲
長,頷鹿
長,濱鄉
長,躼埽
長,䘼
長,志 
長,志
長,篙形
長,治
長,濱
長,榮大學
長,庚病院
長,房
長,年飯
長,頭鹿仔
門,口
門,戶
門,斗
門,牙
門,市
門,閂
門,風
門,扇
門,神
門,圈
門,票
門,診
門,號
門,路
門,跤口
門,齒
門,簾
門,橂
門,栱
門,擋仔
門,口埕
門,後臼
門,埕
門,風相對
門,聯
門,人
門,生
門,市部
門,徒
門,下栿
門,下臼
閃,光
閃,光燈
閃,風
閃,閃
閃,著
閃,開
閃,電
閃,避
閃,爍
閃,無路
閉,思
閉,幕
開,刀
開,口
開,元寺
開,化寺
開,戶
開,支
開,市
開,正
開,用
開,車
開,始
開,店
開,拓
開,拆
開,放
開,明
開,花
開,門
開,查某
開,面
開,展
開,庭
開,朗
開,桌
開,破
開,除
開,動
開,基
開,基祖
開,張
開,採
開,票
開,設
開,創
開,單
開,喙
開,發
開,脾
開,開
開,會
開,業
開,路
開,跤褲
開,跤褲仔
開,幕
開,端
開,裾
開,價
開,播
開,標
開,盤
開,課
開,銷
開,墾
開,學
開,戰
開,機
開,褲空
開,辦
開,錢
開,頭
開,講
開,闊
開,臊
開,竅
開,藥仔
開,關
開,嚨喉
開,闢
開,仔
開,聲
開,查某的
開,銃
開,工
開,使
閏,月
閒,人
閒,工
閒,仔話
閒,仙仙
閒,間
閒,錢
閒,身
閒,煩
閒,煩惱
閒,話
閒,仔錢
間,仔
間,接
間,諜
間,格
閘,日
閘,光
閘,車
閘,屏
閘,風
閘,路
閘,雨棚
閣,再
閣,員
閣,較
閣,樓
閣,來
閣,再來
閬,工
閬,月
閬,縫
閬,港
閬,雨縫
閬,空
閬,蹘
閬,雨站
閱,覽
閱,讀
閹,雞
閻,王
閻,君
閻,羅王
闊,莽莽
闊,喙
闊,腹
闊,閬閬
闊,喙仔
關,刀
關,山
關,山鎮
關,切
關,心
關,仔嶺
關,卡
關,西鎮
關,於
關,注
關,門
關,係
關,帝爺
關,帝廟
關,帝廟街
關,連
關,渡
關,渡宮
關,稅
關,童
關,愛
關,照
關,節
關,節炎
關,落陰
關,廟鄉
關,機
關,聯
關,鍵
關,懷
關,西
關,廟區
關,廟
關,公
阮,頭家
防,止
防,水
防,火
防,守
防,治
防,空
防,空壕
防,毒
防,疫
防,備
防,盜
防,腐劑
防,範
防,衛
防,禦
防,護
阻,力
阻,止
阻,隔
阻,擋
阻,礙
阿,丈
阿,不倒
阿,不倒仔
阿,公
阿,公店
阿,公店溪
阿,兄
阿,母
阿,母仔
阿,西
阿,伯
阿,沙不魯
阿,里山
阿,里山鄉
阿,里山線
阿,里不達
阿,里港
阿,里壟
阿,里關
阿,妗
阿,叔
阿,叔仔
阿,姑
阿,姑仔
阿,姆
阿,姊
阿,府
阿,爸
阿,舍
阿,舍囝
阿,姨
阿,美族
阿,娘
阿,桑
阿,爹
阿,祖
阿,啄仔
阿,婆
阿,將
阿,猴
阿,貼的
阿,媽
阿,嫂
阿,罩霧
阿,舅
阿,嗹社
阿,蓮鄉
阿,彌陀佛
阿,嬸
阿,蓮區
阿,蓮
附,加
附,近
附,帶
附,設
附,錄
附,屬
降,下
降,低
降,落
降,價
降,臨
限,制
限,定
限,度
限,期
限,量
限,電
限,數
限,時批
限,額
限,時的
院,士
院,長
院,校
院,區
院,會
陣,亡
陣,地
陣,雨
陣,容
陣,疼
陣,陣
陣,頭
陣,營
除,了
除,去
除,名
除,非
除,權
陪,同
陪,伴
陪,綴
陰,地
陰,桮
陰,間
陰,陽
陰,暗
陰,魂
陰,影
陰,德
陰,鴆
陰,曆
陰,謀
陰,府
陳,三五娘
陳,皮
陳,列
陳,有蘭溪
陳,述
陳,情
陳,設
陳,廖
陶,冶
陷,入
陷,坑
陷,阱
陷,害
陷,眠
陷,落
陸,地
陸,委會
陸,軍
陸,橋
陸,續
陽,台
陽,明山
陽,春
陽,曆
陽,間
陽,傘
隆,田
隆,重
隊,友
隊,伍
隊,長
隊,員
階,段
階,級
階,層
隔,日
隔,年
隔,界
隔,開
隔,間
隔,腹
隔,暝
隔,壁
隔,轉工
隔,轉日
隔,轉年
隔,離
隔,工
隔,間肉
隘,寮下
隘,寮溪
障,礙
隨,手
隨,在
隨,在你
隨,身
隨,便
隨,後
隨,時
隨,意
隨,緣
隨,機
隨,機應變
隨,人食
險,險
隱,弓蕉
隱,私
隱,居
隱,痀
隱,密
隱,瞞
隱,藏
隱,痀橋
隱,的
隱,遁
雀,斑
雄,心
雄,偉
雄,雄
雄,黃
雄,黃酒
雄,骨
雅,房
雅,氣
雅,量
雅,緻
集,中
集,合
集,結
集,集
集,集線
集,集鎮
集,會
集,團
集,應廟
集,權
集,體
雉,雞
雕,刻
雕,塑
雕,像
雖,然
雙,人
雙,叉路
雙,手
雙,方
雙,爿
雙,打
雙,生仔
雙,向
雙,門
雙,重
雙,面
雙,面刀鬼
雙,眼
雙,脣
雙,連
雙,棚鬥
雙,溪
雙,溪口
雙,溪鄉
雙,腿
雙,層
雙,親
雙,頭
雙,雙
雙,邊
雙,贏
雙,糕潤
雙,溪區
雙,糕
雙,糕粿
雙,仁潤
雙,生仔囝
雜,音
雜,差仔工
雜,草
雜,唸
雜,細
雜,貨
雜,貨仔店
雜,插
雜,稅仔店
雜,種仔
雜,種仔囝
雜,誌
雜,誌社
雜,質
雜,菜麵
雜,差仔
雜,貨仔
雜,色牌
雞,公
雞,毛筅
雞,爪
雞,爪仔
雞,仔
雞,仔目
雞,仔囝
雞,母
雞,母皮
雞,母蟲
雞,目
雞,肉
雞,卵
雞,卵卷
雞,卵糕
雞,尾脽
雞,牢
雞,尪
雞,卷
雞,屎運
雞,胘
雞,桃
雞,桃仔
雞,胸
雞,酒
雞,捲
雞,排
雞,豚
雞,豚仔
雞,筅
雞,榆
雞,罩
雞,腹內
雞,跤爪
雞,跤扒
雞,僆
雞,僆仔
雞,摸
雞,種
雞,種仔
雞,精
雞,箠
雞,髻
雞,翼
雞,籠
雞,胿
雞,胿仔
雞,鵤
雞,鵤仔
雞,鵤仔車
雞,𧉟
雞,卵面
雞,卵清
雞,籠市
雞,籠河
雞,油
離,手
離,別
離,奇
離,婚
離,散
離,開
離,緣
離,職
離,離
離,離落落
離,譜
離,跤手
離,經
難,民
難,免
難,忘
難,怪
難,得
難,過
難,題
難,關
雨,天
雨,毛仔
雨,水
雨,衣
雨,來天
雨,衫
雨,笠
雨,傘
雨,傘節
雨,傘橐
雨,傘襇
雨,勢
雨,幔
雨,鞋
雨,褲
雨,霎仔
雨,撇仔
雨,白
雨,來
雨,抿仔
雨,棚
雨,鬚
雨,閘
雨,捽仔
雪,山
雪,文
雪,文波
雪,文沫
雪,文粉
雪,仔柑
雪,地
雲,尪
雲,林
雲,林縣
零,件
零,星
零,星的
零,星錢
零,售
零,星肉仔
零,星肉
雷,公
雷,公性
雷,射
雷,達
雺,霧
電,力
電,子
電,火
電,火布
電,火泡仔
電,火柱
電,火球仔
電,台
電,光
電,冰箱
電,池
電,車
電,波
電,阻
電,信
電,信局
電,流
電,風
電,氣
電,訊
電,動
電,梯
電,報
電,晶體
電,視
電,視台
電,塗
電,極
電,源
電,腦
電,話
電,路
電,鈴
電,磁
電,臺
電,影
電,影院
電,影戲園
電,線
電,器
電,機
電,燈
電,錶
電,頭毛
電,頭鬃店
電,壓
電,聯車
電,鍋
電,爐
電,罐
電,纜
電,火線
電,光片
電,眼
電,子批
電,頭毛店
電,火觳仔
電,腦批
電,批
電,球
電,球仔
需,求
需,要
霆,水螺
霆,雷
霆,雷公
震,動
震,盪
霍,亂
霎,霎仔雨
霖,
霜,仔
霜,枝
霜,降
霜,風
霜,雪
霜,仔角
霜,仔枝
霧,峰鄉
霧,嗄嗄
霧,臺鄉
霧,霧
霧,水
霧,峰區
霧,峰
霧,台鄉
霧,臺
霧,台
露,天
露,水
露,營
露,螺
霸,王
霸,占
霸,權
霹,靂
靈,丹
靈,巧
靈,位
靈,芝
靈,活
靈,厝
靈,骨塔
靈,敏
靈,通
靈,感
靈,聖
靈,魂
靈,潭陂
靈,驗
青,山
青,天
青,少年
青,光眼
青,年
青,竹絲
青,色
青,吱仔
青,盲
青,盲牛
青,春
青,紅燈
青,苔
青,面獠牙
青,恂恂
青,埔
青,耆
青,草
青,草仔店
青,草仔茶
青,番仔薑
青,番薑
青,菜
青,翠
青,磅白磅
青,山國王廟
青,山王
青,草茶
青,番薑仔
青,果
靘,色
靜,坐
靜,音
靜,電
靜,態
靜,養
靜,靜
非,凡
非,法
非,洲
非,常
靠,山
靠,岸
靠,俗
靠,著
靠,勢
靠,傷
靠,碼頭
面,子
面,巾
面,水
面,布
面,皮
面,目
面,色
面,形
面,具
面,油
面,前
面,盆
面,容
面,紙
面,桶
面,桶仔囝
面,頂
面,會
面,試
面,對
面,貌
面,憂面結
面,模仔
面,熟
面,膜
面,談
面,積
面,頭前
面,臨
面,漚面臭 
面,冊
面,腔
面,漚面臭
面,模
面,肉
面,頂百
面,框
面,憂面虯
革,命
革,新
靴,管
鞋,抿仔
鞋,拔
鞋,拔仔
鞋,拖
鞋,油
鞋,苴
鞋,耙
鞋,帶
鞋,揙
鞋,管
鞋,撠
鞋,櫥仔
鞋,抿
鞋,仔
鞠,躬
韆,鞦
韌,命
韓,國
韓,戰
韭,菜
韭,菜花
音,色
音,效
音,符
音,量
音,樂
音,樂家
音,樂會
音,樂聲
音,調
音,質
音,響
音,讀
韻,味
韻,律
響,亮
響,起
響,應
頂,下
頂,勻
頂,手
頂,日
頂,日仔
頂,月
頂,月日
頂,世人
頂,冬
頂,半身
頂,半暝
頂,司
頂,回
頂,尖
頂,肱骨
頂,面
頂,埔
頂,真
頂,級
頂,晡
頂,替
頂,港
頂,溪
頂,腹蓋
頂,落
頂,過
頂,層
頂,輩
頂,頭
頂,幫
頂,擺
頂,懸
頂,𦜆
頂,下歲
頂,改
頂,個月
頂,年
頂,世
頂,下歲仔
頂,下沿
頂,沿
頂,月的
項,目
順,手
順,月
順,行
順,利
順,序
順,風
順,風耳
順,從
順,眼
順,紲
順,勢
順,路
順,益臺灣原住民博物館
順,益台灣原住民博物館
順,服
順,事
頇,顢
預,先
預,告
預,言
預,防
預,定
預,知
預,約
預,訂
預,料
預,留
預,產期
預,設
預,備
預,報
預,測
預,算
預,賽
預,警
頒,佈
頒,發
頒,獎
頓,手
頓,印
頓,椅頓桌
頓,龜
頓,蹬
頓,泔
頓,蹄
頓,胸坎
頕,低
頕,垂
頕,頭
頗,略仔
領,土
領,先
領,取
領,受
領,軍
領,域
領,帶
領,教
領,袖
領,隊
領,標
領,導
領,錢
領,航
領,巾
頭,七
頭,人
頭,上仔
頭,手
頭,毛
頭,毛菜
頭,毛鋏仔
頭,水
頭,牙
頭,仔
頭,皮
頭,目
頭,目鳥
頭,份
頭,份鎮
頭,先
頭,名
頭,旬
頭,尾
頭,汴坑溪
頭,到
頭,帛
頭,拄仔
頭,前
頭,前溪
頭,前齒
頭,城
頭,城鎮
頭,屋鄉
頭,牲仔
頭,胎
頭,面
頭,家
頭,家娘
頭,梳
頭,疼
頭,眩目暗
頭,起先
頭,陣
頭,條
頭,盔
頭,部
頭,頂
頭,圍
頭,殼
頭,殼碗
頭,殼額仔
頭,殼髓
頭,等艙
頭,腦
頭,路
頭,銜
頭,獎
頭,麩
頭,摠
頭,擺
頭,額
頭,鬃
頭,鬃尾
頭,鬃箍仔
頭,杮仔
頭,轉客
頭,兄
頭,較大身
頭,旗
頭,篩仔
頭,屋
頭,前庄
頭,家厝
頭,倒客
頭,等
頭,改
頭,殼疼
頭,擴
頭,毛店
頭,面頂百
頭,批
頭,前埕
頭,前門
頭,生
頭,先仔
頭,一回
頷,巾
頷,仔領
頷,仔頸
頷,垂
頷,垂仔
頷,腮
頷,領
頷,頸
頷,頸仔
頷,頸領
頷,胿
頷,頸珠
頷,珠
頻,率
頻,道
頻,寬
頻,頻
頻,繁
題,目
題,材
題,庫
題,捐金
題,緣
額,度
額,頭
額,聲
額,數
願,望
願,景
願,意
顛,倒
顛,峰
顛,覆
顛,倒反
顛,倒是
類,似
類,別
類,股
類,型
顧,人怨
顧,三頓
顧,及
顧,囡仔
顧,門
顧,客
顧,厝
顧,家
顧,問
顧,廟的
顧,慮
顧,暝
顧,更
顯,出
顯,目
顯,示
顯,現
顯,然
顯,著
顯,微鏡
顯,聖
顯,頭
顯,露
風,力
風,水
風,水仙
風,水師
風,火
風,火頭
風,光
風,向
風,行
風,吹
風,吹輪
風,尾
風,車
風,邪
風,味
風,抽
風,抽仔
風,波
風,采
風,雨
風,俗
風,度
風,流
風,風雨雨
風,飛沙
風,扇
風,格
風,氣
風,神
風,情
風,捽仔
風,喙口
風,景
風,景區
風,湧
風,琴
風,筒
風,華
風,評
風,雲
風,勢
風,鼓
風,塵
風,貌
風,颱
風,颱尾
風,颱雨
風,暴
風,潮
風,範
風,蔥
風,調雨順
風,險
風,頭
風,濕
風,聲
風,聲嗙影
風,霜
風,櫃
風,騷
風,灌
風,灌仔
風,圍
風,溼
風,雷
風,翱
風,灌口
風,喙
風,火著
颺,風
颺,粟
颺,颺飛
飄,揚
飄,撇
飆,車
飛,安
飛,行
飛,行機
飛,烏
飛,船
飛,鳥
飛,翔
飛,鼠
飛,舞
飛,彈
飛,機
飛,烏虎
飛,行場
飛,行機埕
食,人
食,力
食,外口
食,奶
食,市
食,用
食,名
食,老
食,色
食,材
食,命
食,物
食,便領現
食,品
食,穿
食,苦
食,食
食,家己
食,桌
食,祖
食,秤頭
食,素
食,茶
食,倯
食,堂
食,晝
食,清領便
食,軟驚硬
食,菜
食,飯桌
食,飯廳
食,暗
食,補
食,福
食,漿
食,褒
食,醋
食,膨餅
食,錢
食,錢官
食,頭路
食,療
食,虧
食,臊
食,薰
食,譜
食,飯
食,好料
食,人夠夠
食,老出癖
食,重鹹
食,風
食,罪
食,認
食,銅食鐵
食,餐廳
食,聲
食,飯會
食,飽
食,暗頓
食,暗飯
食,教
食,巾仔
食,酒
食,露水
飢,荒
飫,喙
飯,丸
飯,斗
飯,包
飯,杓
飯,疕
飯,疕仔
飯,坩
飯,店
飯,匙
飯,匙骨
飯,匙銃
飯,桶
飯,盒
飯,盒仔
飯,桸
飯,湯
飯,菜
飯,碗
飯,頓
飯,篋仔
飯,篱
飯,鑢
飯,後
飯,前
飯,桌仔
飲,用
飲,用水
飲,品
飲,食
飲,食店
飲,料
飼,奶
飼,查某
飼,料
飼,囝
飽,仁
飽,水
飽,呃
飽,足
飽,眠
飽,脹
飽,滇
飽,滿
飽,穗
飽,膭
飽,漿
飽,流
飽,米
飽,朱
餅,幼仔
餅,店
養,女
養,子
養,母
養,生
養,份
養,成
養,老
養,育
養,爸
養,的
養,神
養,殖
養,飼
養,樂多
養,分
餐,飲
餐,會
餐,點
餐,廳
餒,志
餓,死
餡,餅
館,長
館,棧
餾,粿
饅,頭
饒,命
饒,赦
饞,食
首,先
首,長
首,相
首,要
首,頁
首,席
首,都
首,飾
首,領
香,山
香,山區
香,火
香,油
香,料
香,案
香,袋仔
香,港
香,港跤
香,菇
香,菇肉糜
香,煙
香,爐
香,烌
香,櫞瓜
香,芳
香,案桌
香,奠
香,瓜仔
香,櫞
馬,力
馬,上
馬,大安
馬,公
馬,公市
馬,匹
馬,太鞍
馬,太鞍溪
馬,仔
馬,西馬西
馬,車
馬,里勿
馬,拉松
馬,虎
馬,面
馬,祖
馬,馬虎虎
馬,桶
馬,路
馬,達
馬,鈴薯
馬,褂
馬,鞍
馬,齒豆
馬,頭
馬,戲
馬,鮫
馬,薺
馬,鞭
馬,花糋
馬,耳東風
馬,蹄糋
馬,釘
駁,回
駁,岸
駁,崁
駁,二大義
駁,二蓬萊
駐,死
駐,軍
駐,水
駕,照
駕,駛
駛,車
駛,船
駱,駝
騎,士
騎,車
騎,馬
騙,人
騙,子
騙,囡仔
騙,局
騙,鬼
騙,術
騙,痟的
騾,仔
驅,動
驕,傲
驗,收
驗,血
驗,屍
驗,傷
驗,證
驚,人
驚,生份
驚,死
驚,死人
驚,見笑
驚,奇
驚,某
驚,喜
驚,惶
驚,蟄
驚,一趒
驢,仔
骨,力
骨,肉
骨,折
骨,架
骨,格
骨,氣
骨,質
骨,輪
骨,頭
骨,頭烌
骨,骼
骨,髓
骨,烌
骨,節
骨,疼熱
骰,九
骰,仔
骱,邊
骿,支骨
骿,條骨
骿,條
骿,條肉
體,力
體,內
體,系
體,育
體,育館
體,制
體,委會
體,型
體,重
體,面
體,悟
體,格
體,能
體,統
體,貼
體,會
體,溫
體,認
體,諒
體,質
體,操
體,積
體,檢
體,驗
體,育大學
體,念
高,女
高,中
高,手
高,地
高,血壓
高,見
高,尚
高,明
高,空
高,屏溪
高,架
高,音
高,峰
高,級
高,速
高,速公路
高,等
高,貴
高,階
高,雅
高,雄
高,雄市
高,雄車站
高,雄港
高,雄縣
高,溫
高,粱酒
高,層
高,樓
高,潮
高,樹鄉
高,樹跤
高,壓
高,檔
高,職
高,麗
高,麗參
高,麗菜
高,齡
高,鐵
高,麗菜穎仔
高,長
高,樹
高,雄國際機場
高,雄展覽館
高,鐵桃園站
高,粱
高,粱的
高,長大漢
高,長四壯
髻,仔鬃
鬆,軟
鬍,鬚
鬖,毛鬼
鬢,角
鬢,跤
鬢,繐
鬢,邊
鬥,句
鬥,志
鬥,爭
鬥,空
鬥,股
鬥,相共
鬥,陣
鬥,做伙
鬥,無閒
鬥,跤手
鬥,夥計
鬥,榫頭
鬥,鬧熱
鬥,頭
鬥,幫贊
鬥,榫
鬥,搭
鬥,伴
鬥,相賽
鬥,贏
鬥,走
鬧,台
鬧,房
鬧,熱
鬧,廳
鬧,猜猜
鬧,熱滾滾
鬧,新娘房
鬧,鐘仔
鬱,口
鬱,卒
鬱,傷
鬱,歲
鬱,拗
鬱,熱
鬼,月
鬼,仔
鬼,仔風
鬼,斧神工
鬼,門
鬼,門關
鬼,剃頭
鬼,神
鬼,精
鬼,頭鬼腦
鬼,頭刀
魂,魄
魄,力
魅,力
魔,力
魔,法
魔,神仔
魔,鬼
魔,術
魚,丸
魚,子
魚,仔市
魚,池
魚,池鄉
魚,肝油
魚,刺
魚,拊
魚,栽
魚,翅
魚,脯
魚,釣仔
魚,塭
魚,群
魚,網
魚,餌
魚,箠
魚,頭
魚,鮮
魚,臊
魚,藤
魚,類
魚,鰓
魚,鰡
魚,鰾
魚,鱗
魚,鱗𤺅
魚,鱗𤺅仔
魚,酥
魚,乾
魚,鱗刺
魚,市
魚,罾
魚,仔
魩,仔魚
魬,魚
魬,仔
魬,仔魚
魯,凱族
魴,魚
魴,仔魚
鮑,魚
鮕,鮘
鮢,鱖
鮢,鱖魚
鮮,血
鮮,花
鮮,沢
鮮,臊
鮸,魚
鮸,仔
鯉,魚
鯉,魚尾
鯊,魚
鯊,魚煙
鯨,魚
鯪,鯉
鯰,仔魚
鯰,魚
鯰,仔
鯽,仔魚
鯽,魚
鯽,仔
鰇,魚
鰇,魚羹
鰇,魚鬚
鰇,魚絲
鰗,鰡
鰮,仔魚
鰱,魚
鰱,仔
鰻,魚
鱈,魚
鱔,魚
鱔,鰡
鱖,魚
鱙,仔魚
鱟,桸
鱟,薸
鱟,𣁳仔
鱟,杓
鱷,魚
鱸,魚
鱸,鰻
鳥,仔
鳥,仔弓
鳥,仔岫
鳥,仔踏
鳥,仔擗
鳥,松鄉
鳥,松跤
鳥,啄
鳥,巢
鳥,梨仔
鳥,鼠
鳥,鼠仔
鳥,鼠仔色
鳥,鼠仔冤
鳥,鼠仔症
鳥,鼠張
鳥,鼠擗仔
鳥,鼠觸仔
鳥,銃
鳥,擗仔
鳥,類
鳥,隻
鳥,鼠仔糖
鳥,松區
鳥,松
鳥,梨仔糖
鳥,梨仔攕
鳥,鼠籠
鳥,鼠罩
鳳,山
鳳,山市
鳳,山西站
鳳,山國中
鳳,山溪
鳳,林
鳳,林鎮
鳳,凰
鳳,凰木
鳳,甲文化館
鳳,山區
鳳,山西
鴉,片
鴉,片仙
鴕,鳥
鴛,鴦
鴟,鴞
鴣,黃
鴨,仔
鴨,仔囝
鴨,仔癉
鴨,母
鴨,母喙
鴨,母蹄
鴨,卵
鴨,角
鴨,角仔
鴨,咪仔
鴨,婆仔
鴨,掌
鴨,雄
鴨,雄仔
鴨,羶
鴨,鯗
鴨,鵤
鴨,雄仔聲 
鴨,雄仔聲
鴨,公聲
鴨,卵面
鴻,禧美術館
鵁,鴒
鵝,仔菜
鵲,鳥仔
鶯,歌
鶯,歌石
鶯,歌鎮
鶯,歌區
鷓,鴣菜
鷹,仔虎
鷹,架
鷹,仔目
鷺,洲
鸕,鶿
鸚,哥
鸚,哥鳥
鸚,哥鼻
鹹,卵
鹹,汫
鹹,埔
鹹,淡
鹹,魚
鹹,焗雞
鹹,菜
鹹,菜甕
鹹,酥雞
鹹,圓仔
鹹,粽
鹹,酸甜
鹹,粿
鹹,篤篤
鹹,澀
鹹,糜
鹹,鰱魚
鹹,閣澀
鹹,水
鹹,水魚
鹹,光餅
鹹,梅
鹹,膎
鹹,酸苦汫
鹹,水區
鹹,菜坪
鹹,掛澀
鹹,李仔
鹹,梅仔
鹹,水貨
鹹,酸苦澀
鹹,淘
鹼,仔粿
鹼,性
鹼,粽
鹽,水
鹽,水溪
鹽,水鎮
鹽,份
鹽,花仔
鹽,埔鄉
鹽,埕
鹽,埕埔
鹽,埕區
鹽,酸
鹽,酸仔
鹽,酸仔欉
鹽,甕仔
鹽,桑仔
鹽,埔
鹽,酸仔草
鹿,仔
鹿,仔草庄
鹿,仔港
鹿,角
鹿,谷鄉
鹿,茸
鹿,草鄉
鹿,野
鹿,野鄉
鹿,野溪
鹿,麻產
鹿,港鎮
鹿,寮
鹿,寮溪
鹿,角龜
鹿,港
鹿,谷
鹿,草
麒,麟
麒,麟鹿
麝,香
麟,光
麟,洛
麟,洛鄉
麥,片
麥,仔
麥,仔茶
麥,仔酒
麥,仔膏
麥,芽
麥,芽膏
麥,芽糖
麥,寮鄉
麥,寮
麭,
麵,包
麵,炙
麵,桃
麵,粉
麵,茶
麵,猴
麵,摵仔
麵,線
麵,線糊
麵,擔仔
麵,頭
麵,龜
麵,麶
麵,線雨
麻,仔根
麻,布
麻,竹
麻,竹筍
麻,豆鎮
麻,里折口
麻,油
麻,油酒
麻,虱目
麻,虱目仔
麻,衫
麻,射
麻,索
麻,荖漏
麻,袋
麻,雀
麻,雀子仔
麻,園寮
麻,煩
麻,痺
麻,醉
麻,藥
麻,粩
麻,糍
麻,豆區
麻,豆
麻,黃仔
麻,米粩仔
麻,油雞
黃,牛
黃,色
黃,豆
黃,昏
黃,昏市仔
黃,金
黃,泉
黃,疸
黃,酒
黃,梔仔花
黃,連
黃,魚
黃,絲帶
黃,酸
黃,錦錦
黃,酸雨
黃,目子
黃,金斗甕
黃,金甕仔
黃,目樹
黃,酸囡仔
黍,仔
黍,仔柑
黎,明
黏,塗
黏,膜
黏,膠
黏,黐黐
黏,黐
黜,仔
黜,破
黜,臭
黜,塗機
點,心
點,心擔
點,穴
點,名
點,破
點,眼
點,痣
點,播
點,選
點,醒
點,點滴滴
點,鐘
點,拄
點,菜
點,火
點,心擔仔
黨,工
黨,政
黨,派
黨,員
黨,務
黨,部
黨,章
黨,團
黨,旗
黨,職
黨,籍
鼎,仔
鼎,疕
鼎,崁
鼎,筅
鼎,蓋
鼎,邊趖
鼎,摖
鼓,山區
鼓,井
鼓,仔燈
鼓,吹
鼓,吹花
鼓,槌
鼓,舞
鼓,勵
鼓,山
鼓,電話
鼓,井水
鼓,椅仔
鼠,尾風
鼠,賊仔
鼠,麴草
鼠,麴粿
鼢,地鼠
鼢,鼠
鼻,水
鼻,仔
鼻,目喙
鼻,炎
鼻,空
鼻,空風
鼻,芳
鼻,屎
鼻,屎膏
鼻,音
鼻,頭
鼻,龍
鼻,翼
鼾,鼾叫
齆,鼻
齆,鼻聲
齆,聲
齊,勻
齊,全
齊,備
齊,頭
齊,頭倚
齊,心
齋,明寺
齒,包
齒,岸
齒,抿
齒,抿仔
齒,杯
齒,科
齒,粉
齒,膏
齒,縫
齒,觳仔
齒,戳
齒,戳仔
齒,𣻸
齒,豆
齣,頭
齪,嘈
齴,牙
齷,齪
齷,齪熱
龍,山寺
龍,井
龍,井鄉
龍,目井
龍,角
龍,泉
龍,脈
龍,骨
龍,崎鄉
龍,捲風
龍,眼
龍,眼乾
龍,船
龍,港
龍,鳳
龍,潭鄉
龍,蝦
龍,頭
龍,潭區
龍,潭
龍,井區
龍,崎區
龍,崎
龍,骨車
龜,山
龜,山島山
龜,山鄉
龜,毛
龜,祟
龜,崙社
龜,殼
龜,殼花
龜,跤
龜,精
龜,蠅
龜,龜鱉鱉
龜,山區
𥰔,仔
𥰔,仔節蛇
𪐞,紙
𥐵,仔
𪁎,哥
𪁎,趒
𪁎,雞
𪁎,雞鵤
𨑨,迌
𨑨,迌人
𨑨,迌囡仔
𨑨,迌物
𨑨,迌物仔
𨑨,迌查某
𨑨,迌印仔
𣁳,仔
𣁳,仔車
𡢃,婢
𤲍,燒
𠢕,人
𠢕,早
𠢕,吮食
𠢕,開
𠢕,囥歲
𨂿,著
𡳞,核
𡳞,核仔
𡳞,神
𡳞,鳥
𡳞,脬
𡳞,蔓
𡳞,𦉎
𡳞,鳥頭
𡳞,神氣
𥴊,仔
𥴊,仔店
𥴊,仔賴
𥴊,壺
𠕇,硞硞
𠕇,篤
𩵱,仔
𩵱,仔魚
𤶃,仔
𤶃,仔子
𤆬,路
𤆬,路雞
𤆬,頭
𤆬,領
𤆬,頭的
𬦰,山
𬦰,樓梯
𬦰,懸𬦰低
𬦰,崎
𩸙,仔
𩸙,仔魚
𩸙,魚
𤺅,仔
𦊓,仔
𩚨,嗲嗲
𤺪,篤篤
𤺪,雨
𤺪,頭
𤺪,𤺪
𩛩,肥
𣛮,崁
𣛮,籃
𣻸,塌塌
𣻸,捋捋
𣻸,肭肭
𧌄,吪仔
𧌄,哺蠐
𧌄,梅
𧌄,梅仔
𧌄,蜅蠐
𧌄,蜅蠐仔
𧌄,蝛仔
𧌄,胿仔
𥌚,脈
𥍉,目
𥍉,𥍉看
𫝏,水
𫝏,鋼
𫝏,錢
𫝏,喙齒
𫝛,人
𫝛,勻
𫝛,年
𫝛,時
𫝛,途
𫝛,款
𫝛,心
𣮈,頭山
𠞭,花
𠯗,一下
𧿬,踏
𧿳,𧿳跳
𢯾,壁鬼
